amount,hour,transactions_last_24h,device_changed,location_changed,account_age_days,failed_attempts,previous_fraud_count,merchant_risk,is_new_payee,fraud
1487.3,13,5,0,0,1753,0,1,10,0,0
387.62,6,4,0,0,1045,0,1,7,0,0
2322.62,14,5,0,0,368,0,0,3,0,0
2808.95,15,2,0,0,50,0,0,4,0,0
155.86,3,4,0,0,1680,0,0,5,0,0
298.22,4,2,0,0,916,0,0,1,1,0
1246.18,6,2,0,0,2419,0,0,9,0,0
799.32,13,0,1,0,485,2,0,7,0,0
1078.36,3,1,0,0,1246,0,0,7,1,0
467.29,18,2,0,0,1358,0,0,3,0,0
2642.28,2,5,0,0,55,0,0,5,0,1
2387.0,22,3,1,0,2170,0,1,8,0,0
1171.49,16,2,1,0,765,0,0,1,0,0
3385.45,8,3,0,0,2480,1,0,9,0,0
1750.24,8,5,1,0,564,0,0,3,0,0
464.38,16,5,0,1,1377,1,0,6,0,1
1585.65,2,4,0,1,2024,0,0,7,1,1
420.36,17,1,1,0,2323,0,0,8,0,0
2639.78,13,0,0,0,370,0,0,7,0,0
1043.23,5,1,0,0,2180,0,0,5,1,1
911.54,21,2,0,0,1612,0,0,10,0,0
555.06,15,0,0,0,492,0,0,1,0,0
3723.95,3,2,1,0,1015,0,1,4,0,1
939.62,15,2,0,0,68,0,0,4,0,0
714.56,9,4,0,0,2413,0,0,8,0,0
771.14,18,0,0,0,2149,0,0,8,0,0
1867.41,11,5,1,0,597,1,0,7,0,1
1580.42,23,1,0,0,1434,1,0,2,1,0
1656.95,22,4,0,0,1513,0,0,10,0,0
1687.19,0,3,0,0,1942,0,0,4,0,0
9336.13,9,4,0,0,1147,0,0,7,0,0
730.39,4,5,0,0,1613,0,0,9,0,0
657.05,10,1,0,0,1432,0,0,10,0,0
486.01,3,3,0,0,567,0,0,6,0,0
2030.38,12,4,0,0,1935,0,0,10,0,0
3391.31,3,0,0,0,1130,0,0,1,0,0
978.53,14,4,1,0,611,1,0,7,0,0
473.35,10,1,0,0,879,0,0,7,0,0
480.83,23,3,0,0,1990,1,0,9,1,0
2101.89,21,6,0,0,1737,0,0,2,1,0
2305.96,14,5,0,0,2380,0,0,6,0,0
1887.78,10,2,0,0,141,0,0,5,0,0
563.68,17,2,1,0,1111,0,0,6,0,0
1383.21,16,1,0,1,1118,1,0,6,0,0
1232.36,3,1,1,0,1377,0,0,2,0,0
1364.7,9,1,0,0,612,0,0,5,0,0
2621.31,23,8,0,0,1521,0,0,8,0,0
1371.41,7,2,0,0,1768,0,0,1,1,0
2162.27,0,3,0,0,163,0,0,4,0,0
1173.3,20,2,1,0,1162,1,0,6,0,0
1464.28,22,5,0,0,2202,0,0,9,0,0
2061.7,15,3,1,0,1751,0,0,5,0,0
255.4,15,5,0,0,1134,0,0,8,0,0
796.58,8,3,0,0,1984,1,0,8,0,0
685.14,8,2,0,0,2114,0,0,5,0,0
578.9,21,3,0,0,1921,0,0,8,0,0
832.85,20,6,0,0,2493,0,0,8,1,1
4889.97,11,4,1,0,2309,0,0,4,0,0
461.36,7,5,1,0,452,0,0,8,0,0
2887.88,4,5,0,0,247,0,0,5,1,1
203.8,0,2,0,0,514,0,0,9,0,0
784.55,11,2,0,0,207,0,0,6,0,0
1290.46,13,2,0,0,1530,0,0,8,1,0
1970.85,16,4,0,0,582,0,0,8,0,0
2233.28,19,1,0,0,1500,1,0,3,1,0
2424.42,8,5,0,0,1136,1,0,4,1,0
773.77,4,3,1,0,657,0,0,2,1,0
690.66,20,4,0,0,1248,1,0,6,0,0
2586.28,18,5,0,0,1806,1,0,7,0,0
905.69,12,4,0,0,2240,0,0,8,0,0
306.22,0,0,0,0,1986,2,0,5,1,0
353.09,11,4,0,0,2469,0,0,5,0,0
437.27,14,5,0,0,1060,0,0,8,0,0
1802.92,20,2,1,0,846,0,0,2,0,0
1264.49,12,4,0,0,1827,1,0,10,0,0
2187.44,11,3,0,0,2375,0,0,3,0,0
715.33,9,0,0,0,303,0,1,8,1,0
1285.03,9,1,1,1,637,0,0,1,0,0
2049.99,0,2,0,0,115,1,0,3,0,1
804.85,2,1,0,0,461,0,1,8,1,0
1731.56,18,1,0,0,911,0,0,10,0,0
565.71,8,1,0,0,1728,0,0,2,0,0
762.76,20,3,1,0,1587,0,0,2,0,0
748.64,9,2,0,0,946,0,0,4,1,1
331.68,23,8,0,0,884,0,0,2,0,0
1784.64,4,1,0,0,1997,0,0,3,0,0
685.81,4,3,0,0,2039,0,0,2,0,0
1110.42,14,1,1,0,2265,0,0,1,0,0
1773.56,19,3,0,0,1399,0,0,4,0,0
1713.91,3,1,0,0,1426,0,0,9,0,0
2133.21,12,4,0,0,551,0,0,1,0,0
993.78,5,6,1,0,2179,1,0,3,0,1
718.17,17,2,1,0,2315,2,0,1,0,0
1012.61,13,4,0,1,789,1,0,1,0,0
202.89,15,4,0,0,720,0,0,4,0,0
257.98,6,3,0,0,165,0,0,7,0,0
292.16,6,3,1,0,1886,1,0,3,0,0
404.54,15,4,0,0,1371,1,0,3,0,0
1635.62,8,6,0,0,830,0,0,1,1,0
443.42,16,1,0,0,2411,1,0,2,0,0
751.32,3,4,0,0,511,1,0,3,0,0
4020.77,7,1,0,0,1546,0,1,6,0,0
767.96,2,3,0,0,264,0,0,4,1,0
2292.77,2,2,0,0,1820,1,0,8,0,0
431.12,6,3,1,0,57,0,0,5,0,0
892.98,11,4,0,0,2278,0,0,2,1,0
424.1,3,4,0,0,1163,1,0,2,0,0
781.31,2,1,0,0,1945,1,0,2,1,0
2540.99,21,4,0,0,437,0,0,9,1,0
194.94,12,1,0,0,1506,0,0,6,0,0
1693.28,17,4,0,0,275,1,0,8,0,0
1390.94,17,1,0,0,2031,1,0,1,0,0
605.38,2,4,1,0,50,0,0,3,1,1
258.25,14,4,0,0,835,0,0,2,0,0
1178.66,20,5,0,0,2391,0,0,10,1,0
645.81,10,2,0,0,1456,0,0,2,0,0
1383.92,20,1,0,0,990,1,1,4,0,0
1120.86,22,0,0,0,2213,0,0,2,0,0
5441.33,13,5,0,0,326,0,0,2,0,0
863.2,2,1,0,0,1048,1,0,5,0,0
394.06,14,3,0,0,1899,0,0,9,0,0
1311.96,21,2,0,0,2056,0,1,7,0,0
1366.48,13,2,0,0,1684,0,0,3,0,0
4269.22,19,1,0,0,1825,0,0,5,0,0
2527.82,12,4,0,0,323,0,0,10,0,0
1566.93,10,5,0,0,828,0,0,9,0,0
4737.68,22,3,0,0,1873,0,0,1,0,0
334.03,3,1,0,0,1621,0,0,6,0,1
578.39,10,3,0,0,2390,0,0,5,0,0
434.16,3,1,0,0,1103,0,0,9,0,0
742.62,15,2,0,0,2419,1,0,7,0,0
276.81,22,8,0,0,876,0,0,7,1,0
2069.68,23,3,0,0,444,0,0,5,0,0
878.11,5,1,0,0,1742,0,0,2,1,0
251.94,17,4,1,1,2179,1,0,4,0,0
397.19,20,5,0,0,389,0,0,10,0,0
1500.44,20,3,0,0,2234,0,0,2,0,0
2535.45,12,5,0,0,1647,1,0,4,1,0
8076.64,4,3,1,0,1158,0,0,7,0,0
20208.58,11,6,0,0,385,0,0,5,1,0
1659.73,18,2,0,0,517,2,0,1,0,0
407.67,14,1,0,0,1222,0,1,10,0,0
130.05,9,3,0,0,906,2,0,7,1,1
1433.27,5,5,0,0,1900,0,0,5,0,0
486.41,15,4,0,0,833,0,0,8,0,0
723.89,10,5,1,0,1661,0,0,3,0,0
594.61,11,4,0,0,1184,0,0,9,0,0
952.61,22,2,0,0,951,0,0,4,0,0
3184.28,0,1,1,0,2073,0,0,1,0,0
1283.12,5,0,0,0,1125,1,0,2,1,0
935.77,22,2,0,0,1158,0,0,8,0,0
389.3,22,1,0,1,614,0,0,2,0,0
205.47,7,1,0,0,1627,0,0,8,0,0
674.31,23,3,0,1,1036,1,1,7,0,0
1039.21,5,4,0,1,51,0,0,5,0,0
6424.86,1,2,1,0,2261,2,1,10,0,0
1249.22,7,4,1,0,1149,1,1,1,0,0
2929.95,12,6,0,0,2107,0,0,7,0,0
665.61,0,3,0,0,115,0,0,2,0,0
335.31,4,1,0,0,245,0,0,9,0,0
417.75,18,1,0,0,939,0,0,10,0,0
531.01,14,4,0,1,457,0,0,4,0,0
9213.91,14,2,0,0,78,0,0,1,0,0
482.32,23,2,1,0,93,0,0,6,0,1
2536.37,5,2,0,1,1689,0,0,4,0,0
444.55,21,4,0,0,1040,0,0,1,1,0
2783.8,8,6,0,0,395,1,0,4,1,0
1611.55,22,4,0,0,2071,0,0,4,0,0
937.64,18,4,0,0,995,0,1,3,0,0
1052.83,5,4,1,0,1446,1,0,1,0,0
569.76,5,1,0,0,706,0,0,9,0,0
1713.12,13,3,0,0,589,0,0,8,1,1
695.77,12,2,0,0,2425,0,0,7,0,0
321.95,5,2,0,0,985,0,0,9,0,0
305.53,6,5,0,0,2092,0,0,6,0,0
1303.21,21,2,0,0,234,1,0,6,0,0
5319.27,18,2,0,0,621,0,0,5,0,0
1286.9,4,2,0,0,960,0,1,3,1,0
973.95,17,3,0,0,966,0,0,2,0,0
1459.47,3,0,0,0,936,0,0,2,1,0
4048.1,10,2,0,0,1124,0,0,7,0,0
1365.65,0,2,0,0,669,1,1,1,0,0
727.11,15,6,0,0,1743,1,0,7,0,0
3315.25,4,3,0,0,526,0,0,7,1,0
1683.71,5,7,0,1,1828,1,0,10,0,1
5093.68,4,2,1,0,540,0,0,4,0,0
1317.16,4,3,0,0,1425,0,0,8,0,0
322.32,1,2,0,0,360,0,0,10,0,0
279.18,13,4,0,0,1500,0,0,8,0,0
5715.45,20,2,1,0,344,2,0,8,1,1
6146.67,7,1,0,0,821,0,0,10,0,0
916.43,18,7,0,0,2447,1,0,8,0,0
747.56,13,2,0,0,431,1,1,3,1,0
4728.88,6,4,0,0,1632,1,0,2,1,0
362.47,1,3,0,0,2453,0,0,1,1,0
448.21,18,2,0,0,1603,0,0,4,0,0
2086.67,0,2,0,0,1113,0,0,10,0,0
739.07,10,3,0,0,984,1,1,7,0,0
1091.03,0,5,0,0,934,0,0,2,1,0
931.28,18,9,0,0,419,2,0,4,0,0
1536.98,23,0,0,0,1045,1,0,9,0,0
4480.46,7,2,0,0,1220,0,0,5,0,0
1200.61,7,2,0,0,1082,0,0,8,0,0
2087.95,13,3,0,0,938,0,0,7,0,0
141.15,12,3,0,0,2424,1,0,3,0,0
1044.49,9,2,0,0,607,1,0,4,1,0
471.9,8,3,1,0,2066,0,1,9,0,0
324.14,4,1,0,0,1900,0,0,4,0,0
455.71,6,1,0,0,1877,0,0,4,0,0
785.15,14,3,0,0,584,1,0,7,0,0
2740.52,17,2,0,0,2382,0,0,6,1,0
291.08,18,2,0,0,1798,1,0,5,1,0
1130.74,12,3,0,0,1,0,0,8,0,0
675.75,18,1,0,0,316,1,0,2,0,0
790.23,14,3,0,0,1609,2,0,3,0,0
2989.19,8,2,0,0,1246,0,0,9,0,0
1878.29,8,2,0,0,1372,0,1,2,0,1
4177.21,12,3,0,0,1695,0,0,6,0,0
939.64,7,6,1,0,1335,0,0,2,0,0
546.79,18,1,0,0,1720,0,0,10,0,0
876.68,4,7,0,0,381,0,0,7,0,0
1397.58,1,2,0,0,2449,1,0,4,0,0
1308.42,11,5,0,0,1169,0,0,1,0,0
370.78,1,2,0,0,1132,0,0,6,0,0
1200.5,4,3,0,0,2408,0,0,1,0,0
1377.78,9,6,0,0,945,0,0,7,0,0
13595.23,0,4,0,0,1630,0,0,9,0,0
7164.15,5,3,0,0,1861,1,0,9,0,0
467.2,13,3,0,0,1397,1,0,8,0,0
822.72,8,8,0,0,161,2,0,10,1,0
253.8,21,4,0,0,586,2,0,10,1,0
607.46,2,4,1,0,1229,0,0,5,1,1
1503.58,17,3,0,0,1698,0,0,1,1,0
3662.33,14,4,0,0,2177,0,0,6,0,0
528.96,15,7,0,0,380,1,1,4,1,1
570.12,16,1,0,0,663,0,0,5,0,0
128.09,1,3,0,0,1388,1,0,1,1,0
932.0,19,0,0,0,1256,1,0,2,0,0
379.02,7,2,0,0,235,0,0,6,0,0
645.85,15,5,0,0,405,0,0,9,0,0
456.29,7,3,0,1,1178,0,0,3,0,0
997.98,9,5,0,0,2362,0,0,1,0,0
189.1,16,0,0,0,191,0,0,10,0,0
252.89,22,2,0,0,2122,1,0,8,0,0
9221.08,21,3,1,0,2058,0,1,5,0,0
302.65,17,1,1,0,1915,0,0,8,0,0
366.21,12,3,1,0,389,0,0,7,0,0
6883.71,12,4,0,0,368,0,0,10,0,0
20031.62,23,4,0,0,869,1,0,3,0,0
339.83,4,0,0,0,1259,1,0,5,0,0
758.81,22,2,0,1,1675,0,0,7,0,0
1543.11,15,1,0,0,535,0,0,5,0,0
6177.68,14,0,0,0,2081,1,0,8,0,0
408.77,14,4,0,0,2294,1,0,10,0,0
858.1,19,3,0,0,2175,0,0,6,0,0
2385.91,16,3,0,0,2324,0,0,5,0,0
1693.86,2,0,1,0,2447,0,0,2,0,0
752.83,18,2,0,0,1825,0,0,3,1,0
959.27,17,1,0,1,222,0,0,1,0,1
277.3,21,4,0,0,1646,0,0,2,0,0
864.22,22,5,0,0,1751,0,0,6,0,0
840.18,22,3,0,0,609,0,0,1,0,0
1383.22,1,4,0,0,38,0,0,8,0,0
629.34,15,2,0,0,183,0,0,3,0,0
1757.31,22,2,0,0,1970,0,1,5,0,0
3019.11,23,3,0,0,2095,1,0,8,0,0
1281.04,13,1,1,0,169,2,0,4,0,1
1558.93,21,5,0,0,596,0,0,4,0,0
1156.5,21,6,0,0,1474,0,0,6,0,0
1096.73,0,5,0,0,668,0,0,7,1,0
532.96,21,1,1,0,1398,2,0,6,1,0
1504.92,15,2,0,0,643,0,0,2,0,0
994.97,13,3,0,0,1342,1,0,6,0,0
8894.32,4,1,0,0,870,0,0,5,1,0
5288.84,22,6,0,0,163,0,0,8,0,0
1612.99,7,7,0,0,811,0,0,2,0,0
511.29,10,5,0,0,1763,0,0,3,0,0
360.53,7,1,0,0,641,0,0,8,0,0
3608.84,23,3,0,0,694,0,0,6,0,0
1426.17,11,4,0,0,321,0,0,8,0,0
1772.49,2,1,0,0,311,0,0,1,0,0
191.6,0,4,0,0,1940,1,0,7,0,0
2772.32,23,2,0,1,33,0,1,1,0,0
1727.48,5,7,0,0,2358,0,0,1,0,0
361.25,18,4,0,0,2490,0,0,1,0,0
684.35,0,3,0,0,379,2,0,9,0,1
1427.55,21,7,0,0,1867,0,1,8,0,0
1155.71,15,2,0,0,1441,0,0,7,1,0
818.79,5,5,1,0,2155,0,0,2,0,0
988.82,21,5,1,0,1099,0,0,9,0,0
852.37,7,0,0,0,196,0,0,2,0,0
1277.38,23,2,0,0,1122,0,1,9,0,0
4776.64,14,2,0,0,157,0,0,4,0,0
84.21,10,4,0,0,1889,0,0,8,0,0
865.36,1,4,0,0,844,0,0,1,1,0
1308.34,6,3,0,0,1885,0,0,8,0,0
1474.38,1,2,0,0,1798,0,0,6,0,0
756.03,20,2,0,0,157,0,0,7,0,0
189.29,2,5,0,0,1466,0,0,9,0,0
1522.33,2,1,0,0,2229,0,0,7,0,0
6169.36,2,4,1,0,1812,0,0,7,0,1
236.55,23,4,0,0,34,1,0,3,1,1
2601.46,23,5,0,0,1185,1,0,5,1,0
789.56,17,4,0,0,1096,0,0,7,1,0
1031.4,1,2,1,0,112,0,0,8,0,0
382.64,12,3,0,0,235,0,0,9,1,0
784.89,22,5,0,0,1666,0,0,9,0,0
4024.05,2,3,1,0,1665,0,0,3,0,0
1963.84,19,3,0,0,1345,0,0,8,1,0
6200.04,0,3,0,0,1040,2,0,5,0,0
3559.63,19,1,0,0,604,1,0,5,0,0
1701.2,13,4,0,0,350,0,0,5,0,0
6272.53,21,5,0,0,1906,0,0,6,0,0
1701.04,9,4,0,0,845,1,0,7,0,0
2509.87,18,1,0,0,1726,0,0,1,0,0
815.2,20,4,0,0,649,1,0,7,1,0
1172.09,7,3,0,0,1116,0,0,4,0,0
545.98,15,1,0,0,1634,0,1,7,0,0
2950.07,11,2,0,0,1812,0,1,10,1,0
337.54,10,1,0,0,1673,0,0,2,0,0
2397.9,19,2,0,0,1622,1,0,3,0,0
906.28,5,1,0,0,1373,0,0,10,0,0
3537.75,2,0,0,0,2200,0,0,7,0,0
2323.59,11,2,0,0,1947,1,0,2,0,0
6772.64,19,8,0,0,34,0,0,9,0,0
2277.37,3,3,1,1,56,0,0,3,0,0
227.68,8,2,0,0,1963,0,0,7,0,0
1025.61,16,2,0,1,1640,0,0,7,0,0
339.68,11,2,0,0,398,0,0,7,1,1
653.09,14,2,0,0,1633,0,0,7,1,0
4970.26,12,3,0,0,517,1,1,7,1,0
2074.62,19,4,0,0,1156,1,1,2,1,0
545.15,21,4,1,0,288,0,0,7,0,0
397.93,10,4,1,0,2095,3,0,4,0,0
1133.18,10,3,0,0,5,0,0,6,0,0
324.87,6,3,0,0,185,1,0,8,1,1
560.52,10,5,0,0,2431,1,0,2,1,0
1498.18,20,0,0,0,1902,0,0,6,0,0
3481.83,12,1,0,0,674,0,0,7,0,0
2015.78,16,6,1,0,785,1,0,10,0,1
110.91,10,6,0,0,304,0,0,1,0,0
1486.78,16,2,0,1,79,0,0,5,0,0
1178.54,17,0,0,0,145,1,0,3,0,0
1658.87,12,4,0,0,59,1,0,4,0,0
5520.42,22,4,0,0,2011,2,0,3,0,0
139.32,21,3,1,0,612,0,0,7,1,1
607.22,3,2,1,0,1158,0,0,2,0,0
1980.11,5,2,0,1,1466,0,0,6,0,0
225.52,22,4,0,0,1714,0,0,5,1,0
4797.97,9,1,0,0,1541,0,0,6,0,0
1585.03,7,3,0,0,1226,0,0,10,0,0
2556.98,19,4,0,0,286,0,0,4,0,0
619.59,14,3,0,0,1132,0,0,10,0,0
2474.43,3,1,0,0,725,2,0,5,1,0
3192.22,2,2,0,0,698,1,0,1,0,0
1384.2,19,5,0,0,258,0,0,1,0,0
1386.31,18,1,1,0,516,2,0,6,0,0
1437.04,8,1,0,0,2091,0,0,3,0,0
462.5,20,3,1,0,1398,1,0,7,0,1
946.22,3,4,0,0,2132,1,0,1,0,0
941.5,20,2,0,0,1960,2,0,9,0,0
1609.04,1,2,0,0,511,0,0,10,0,0
2980.43,15,5,0,0,2484,0,0,6,0,0
380.49,20,3,0,0,2246,0,0,5,0,0
967.77,14,3,0,0,1717,0,1,10,1,0
4824.47,18,3,0,0,206,0,0,10,0,0
521.34,8,6,0,0,1876,0,0,3,0,0
481.91,6,2,1,0,1345,0,1,5,0,0
1342.52,6,1,1,0,2258,1,0,5,0,0
2551.37,2,3,0,0,1793,0,0,1,0,0
1109.24,6,1,0,0,28,1,0,7,0,0
4142.11,5,4,0,0,1001,0,0,8,1,0
2583.23,18,1,0,0,171,1,0,8,0,0
2544.83,5,6,0,0,239,1,0,7,0,0
1908.58,3,4,0,0,24,0,0,9,0,0
11244.71,17,1,0,0,1911,1,0,7,1,1
893.22,12,2,0,0,598,0,0,8,0,0
147.89,5,1,1,0,1968,0,0,10,0,0
5454.82,16,1,0,0,1843,1,0,4,1,0
693.88,5,3,0,0,819,0,0,9,0,0
1221.56,18,1,0,0,1629,1,0,8,1,0
4062.49,0,4,0,0,55,0,0,7,0,1
220.91,14,3,0,0,502,1,0,6,0,1
313.67,14,3,0,0,2300,0,0,4,0,0
221.12,8,3,0,0,94,0,0,7,0,0
495.65,16,2,0,0,204,1,0,9,0,0
1702.13,9,3,0,0,1612,0,0,8,1,0
1852.31,15,4,0,1,654,0,0,6,1,0
1445.59,5,2,0,0,685,2,0,2,1,0
267.0,13,4,0,0,1089,0,0,10,0,0
108.84,18,2,0,0,2392,0,0,10,1,0
1157.89,23,3,0,0,1115,0,0,1,0,0
684.18,8,8,0,0,964,2,0,5,0,0
1736.08,11,2,0,0,1305,0,1,9,0,0
2212.67,11,8,0,0,1405,0,0,7,0,0
1259.21,20,4,0,0,527,1,0,2,0,0
2345.22,23,4,0,0,192,0,0,6,0,0
1379.13,15,1,0,0,971,0,0,6,0,1
1863.23,19,7,0,0,1313,1,0,3,0,0
542.03,2,3,0,0,2330,0,0,7,1,0
916.34,18,3,1,0,714,0,0,2,0,0
1335.12,19,2,0,0,2215,1,0,8,1,0
2491.22,17,1,0,0,1039,1,0,9,0,0
739.71,14,2,0,0,228,2,0,7,0,0
1846.72,21,3,0,0,89,1,0,5,1,0
840.64,15,7,0,0,1953,0,0,5,0,0
975.02,20,1,0,0,1321,0,0,7,0,0
2513.72,4,3,0,0,1377,0,1,5,0,0
149.45,15,5,0,0,1956,0,0,4,0,0
299.92,10,0,0,0,84,0,0,9,1,0
249.09,20,3,0,0,203,2,0,5,1,0
106.31,21,1,0,0,1971,1,0,6,0,0
556.54,20,1,0,0,1028,1,0,4,0,0
2320.26,5,4,0,0,388,0,0,5,0,0
824.78,11,0,0,0,1831,0,0,4,1,0
1336.47,0,7,0,0,609,0,0,2,1,0
3259.14,23,3,0,0,1281,0,0,1,0,0
4136.83,6,1,0,0,189,1,0,4,1,0
1023.38,14,3,0,0,699,0,0,8,0,1
4245.38,11,1,0,0,1914,0,0,5,1,0
1202.46,21,2,0,1,64,1,0,8,0,0
474.66,19,7,0,0,1765,0,0,10,0,0
605.22,18,1,0,0,94,0,0,2,0,0
249.5,15,0,1,0,2089,0,0,5,0,0
451.18,2,5,0,0,2174,0,0,6,0,0
766.61,22,2,0,0,1267,0,0,1,1,0
2449.37,1,6,0,0,2027,0,0,4,0,0
6128.9,10,4,0,0,1078,0,0,2,1,0
275.29,9,3,0,0,1685,0,0,8,0,0
1624.29,9,5,0,0,1378,0,2,3,0,1
387.4,23,1,0,0,1355,1,0,7,0,0
1762.87,5,5,0,0,19,1,0,2,0,0
961.9,13,4,0,0,1511,1,0,10,0,0
175.76,5,3,0,0,1944,0,0,4,0,0
2774.7,21,2,0,0,2418,1,0,10,0,0
598.84,17,4,0,0,2071,0,0,4,0,0
642.97,9,2,0,1,955,0,0,1,0,0
376.25,1,5,0,0,149,1,0,6,0,0
570.05,3,3,0,0,113,0,0,6,0,0
1682.26,5,2,1,0,2274,0,0,2,0,0
907.56,9,4,0,0,1750,1,0,9,1,0
1523.34,21,2,0,0,1029,0,0,1,0,0
1574.86,2,2,0,0,199,0,0,5,0,0
4107.88,13,2,0,0,591,0,0,10,0,0
778.38,8,3,1,0,515,0,1,1,1,0
250.42,1,4,0,0,98,0,0,8,1,0
3188.23,14,1,0,0,659,1,0,5,0,0
787.22,16,5,0,0,2452,0,0,3,0,0
3342.89,23,0,0,0,2281,0,0,10,0,0
1609.01,12,0,0,0,1660,2,0,7,0,0
961.85,7,4,0,0,709,0,0,2,1,0
1554.29,20,0,0,0,1541,0,0,10,0,0
7715.7,5,3,0,0,529,0,0,7,0,0
8751.5,16,2,0,0,367,0,0,2,0,0
1175.42,22,1,0,0,604,1,0,5,1,0
1287.16,0,1,0,0,2007,0,0,10,0,0
3217.11,22,6,0,0,2054,0,0,2,0,0
470.76,4,4,0,0,1474,1,0,7,0,0
1530.07,11,0,0,0,2201,0,0,7,0,0
1068.63,6,1,0,0,890,0,0,4,1,0
1501.03,3,2,0,0,94,0,0,2,1,0
476.58,16,1,0,0,1565,1,0,9,0,0
223.73,11,6,0,0,1857,0,0,4,0,0
137.97,12,1,0,1,348,1,0,8,0,0
358.75,11,3,0,0,285,1,0,1,1,0
693.2,17,3,0,0,1062,0,0,2,0,0
817.96,23,3,0,0,1596,0,0,10,1,0
7610.1,12,6,0,0,393,0,0,2,0,0
3314.27,3,1,0,1,1651,0,0,2,0,0
419.02,7,4,0,1,287,0,0,3,1,0
1552.63,11,0,0,0,780,0,1,2,0,0
729.91,2,1,0,0,2485,0,0,7,0,0
825.21,5,2,0,0,131,1,0,3,0,0
1319.92,4,2,0,0,714,0,0,5,0,0
2036.87,23,3,0,0,771,1,0,4,0,0
781.13,9,7,0,0,29,1,0,7,0,0
3177.5,21,4,1,0,1655,0,0,10,0,1
350.05,13,4,0,0,547,0,0,8,0,0
1103.61,12,2,0,0,931,0,0,6,0,0
14730.47,22,7,0,0,916,0,0,2,0,0
1370.7,16,2,0,0,2058,0,0,3,0,0
4597.25,5,5,0,0,33,0,0,3,0,0
1201.73,6,4,0,0,1073,1,0,2,1,0
1960.15,15,5,0,0,1570,0,0,4,1,0
1036.1,0,3,0,0,2158,1,1,4,0,0
924.81,3,7,0,0,1305,0,0,2,0,0
502.96,1,2,0,0,376,0,0,6,0,0
1686.32,17,7,0,0,852,0,0,10,0,0
468.0,10,7,0,0,725,0,0,5,0,0
2133.64,0,1,1,0,2220,0,0,6,0,0
3246.35,17,4,0,0,1673,0,0,2,1,0
1582.14,15,5,0,0,608,0,0,3,1,0
823.65,17,2,0,0,1717,0,0,6,1,0
1726.7,3,1,0,0,229,0,0,4,0,0
805.39,20,1,0,0,1944,1,0,2,0,0
2794.89,4,4,0,0,260,0,0,3,0,0
175.67,13,0,1,0,131,0,0,8,0,0
783.99,13,2,0,0,1980,0,0,10,0,0
149.78,5,3,1,1,1350,0,0,6,0,1
245.9,9,4,0,0,852,2,0,9,0,0
4289.23,1,2,0,0,511,0,0,9,0,0
2684.33,11,2,0,0,2256,0,0,4,0,0
534.07,16,2,0,0,1665,1,0,6,0,0
244.08,7,2,0,0,202,0,0,9,1,0
56.57,12,2,0,0,579,0,0,6,0,0
636.83,22,1,0,0,1351,1,0,8,1,1
12337.7,5,5,0,0,1572,1,0,7,0,0
1694.06,6,3,0,0,728,1,0,10,0,0
626.67,2,1,0,0,200,0,0,4,1,0
1746.0,13,3,0,1,2353,0,0,3,0,0
230.22,4,6,0,0,2215,0,0,2,0,0
814.58,20,2,1,0,1192,0,0,1,0,0
1211.33,6,0,0,0,690,0,0,8,0,0
1006.16,15,2,1,0,681,1,0,7,1,1
2418.27,4,5,0,0,484,0,0,2,1,0
1547.89,7,6,0,0,80,0,0,8,1,0
2139.5,4,3,0,1,2497,2,0,3,0,0
550.94,13,2,0,0,1222,1,0,1,1,0
2691.4,0,2,0,0,574,0,0,1,0,0
5591.13,1,2,0,1,388,0,0,7,1,0
415.65,12,6,0,0,1230,0,0,3,0,0
451.38,13,2,0,0,187,0,0,9,0,0
4170.47,7,3,0,1,2076,0,1,8,0,1
905.65,10,1,0,0,377,1,0,7,0,0
4464.09,9,3,0,0,2340,0,0,8,0,0
704.48,18,0,0,0,1307,2,0,7,0,1
4698.72,10,3,1,0,1095,0,0,5,0,0
1250.73,20,2,0,0,617,0,0,7,1,0
1419.74,5,3,0,0,1524,0,0,5,0,0
5243.36,4,3,0,0,1057,1,0,7,1,0
763.74,9,6,0,0,744,0,0,10,0,1
427.9,1,4,0,0,1308,1,0,8,0,0
700.25,16,4,0,0,104,0,0,4,0,0
1723.88,9,3,0,0,123,1,0,7,0,0
229.12,8,3,0,0,2475,0,2,4,0,1
2074.49,12,1,0,0,1391,1,0,5,0,0
639.85,1,3,0,1,2174,1,0,10,0,0
3455.81,9,3,0,0,1124,1,0,4,0,0
100.06,23,1,0,0,2222,0,0,1,0,0
499.41,15,5,0,0,1390,0,0,5,0,0
203.07,13,5,0,0,1578,0,0,10,1,0
479.99,12,4,0,0,1748,1,0,3,0,0
1404.82,11,5,0,0,604,0,0,4,0,0
916.69,22,3,1,0,1776,0,0,8,0,0
851.18,22,4,0,0,167,0,2,2,0,0
935.25,9,2,0,0,1739,0,0,2,1,0
1343.98,22,4,0,0,1231,0,0,8,0,0
400.0,1,2,0,0,189,0,1,10,0,1
2223.53,7,8,0,0,597,0,0,3,0,0
2127.42,7,4,0,0,2261,1,0,4,0,0
1611.69,16,8,0,0,1163,0,0,7,0,0
1913.2,14,3,0,0,2025,0,0,3,1,0
1475.01,11,5,0,0,1859,0,0,9,0,0
8392.33,6,3,0,1,2197,0,0,10,0,0
1005.16,12,5,0,0,1835,0,0,8,1,0
806.67,6,2,0,0,429,0,0,2,0,0
516.19,11,4,0,1,1529,0,0,7,0,0
390.62,8,3,0,0,1467,0,0,9,0,0
315.93,21,0,0,1,2490,0,0,3,0,0
450.88,17,3,1,0,2331,1,0,3,0,0
1021.8,4,5,0,0,1414,0,0,9,0,0
1531.95,22,2,1,0,2332,0,0,8,0,0
1154.18,15,2,0,0,2354,1,0,7,0,0
510.03,8,4,0,0,929,0,0,6,0,0
2697.78,12,3,0,0,832,1,0,1,1,0
2297.12,4,2,1,0,2132,0,0,4,0,0
934.82,1,1,0,0,1635,1,0,4,1,1
570.83,10,3,1,1,1156,0,0,8,0,0
1897.76,18,4,0,0,2284,2,0,6,0,0
1323.42,8,3,0,0,206,1,0,4,0,0
257.72,9,1,0,0,1524,0,0,3,0,0
1024.56,23,8,0,1,2433,1,1,4,0,0
1425.15,23,5,0,0,2110,1,0,9,0,0
445.99,11,3,0,0,772,0,1,6,0,0
1325.9,1,2,0,0,2139,0,0,4,0,0
256.0,16,2,0,0,721,0,0,8,0,0
4172.15,17,1,0,0,26,0,0,3,0,0
3819.79,21,2,0,0,2249,0,0,10,1,0
851.91,22,1,0,0,2191,0,0,9,0,0
1577.28,15,0,0,0,1859,0,0,10,1,0
98.5,2,4,0,0,2218,0,0,4,0,0
345.04,5,7,0,0,909,0,0,10,0,0
817.48,17,4,0,0,365,0,0,8,0,0
375.35,14,2,0,0,1996,0,0,9,1,0
2240.37,10,3,0,0,987,0,0,9,0,0
8081.21,9,4,0,0,51,1,0,6,0,0
338.11,17,4,0,0,893,1,0,4,0,0
474.63,10,0,0,0,1453,0,0,6,0,0
1387.76,3,4,0,0,1571,0,0,4,0,0
5492.38,23,3,0,0,677,1,0,7,0,0
322.99,8,2,0,0,882,0,0,3,0,0
1406.75,6,4,0,0,1386,0,1,10,0,0
6777.06,1,2,0,0,2079,0,0,10,0,0
210.24,11,3,1,0,825,0,0,10,1,0
304.58,23,3,1,0,1010,0,1,8,0,0
717.95,3,4,0,0,1801,0,0,5,0,1
651.59,5,3,0,0,413,1,0,10,0,0
2471.55,4,6,0,0,1588,1,0,9,0,0
1396.41,2,1,0,0,381,0,0,8,1,0
185.87,14,1,0,0,1797,1,0,9,0,0
1836.12,7,5,0,0,2335,0,0,9,0,0
615.52,18,4,1,0,1773,0,1,6,0,1
3922.35,9,4,1,0,1434,0,1,1,0,0
585.47,15,2,0,0,1869,1,0,10,0,0
580.21,2,5,0,0,1431,0,0,5,1,0
1883.96,7,8,1,0,2459,0,0,7,0,0
2351.78,9,7,0,0,259,0,0,10,0,0
1716.6,1,3,0,0,1108,0,2,6,0,0
203.24,10,2,0,0,1459,1,0,3,1,0
1878.13,11,0,0,0,1890,0,0,10,0,0
389.82,9,5,0,0,796,0,0,5,0,0
1387.52,12,4,0,1,554,2,0,4,0,0
264.08,19,4,0,0,690,1,1,8,1,0
1713.55,18,3,1,0,2404,1,0,3,0,0
489.51,0,2,0,0,1601,0,0,2,0,0
304.1,15,5,0,0,2127,0,2,5,1,0
2239.08,21,5,0,0,1743,0,0,10,0,0
1396.39,20,1,0,0,242,0,0,3,1,0
593.49,7,3,1,0,1775,1,0,9,0,1
4680.59,18,3,0,0,2002,1,0,9,0,0
705.81,19,2,0,0,2311,0,0,4,0,0
1132.41,8,8,1,0,1460,2,0,8,0,1
1434.99,20,5,0,1,822,0,0,8,0,0
590.12,15,4,1,0,1004,0,0,7,0,1
1756.6,18,3,0,0,1807,0,0,6,1,0
643.26,17,3,0,0,277,1,0,5,0,0
726.59,18,3,0,0,2003,0,0,5,0,0
4284.0,22,4,0,0,1559,1,0,4,0,0
387.38,20,3,0,0,1126,0,0,1,0,0
98.22,10,7,0,0,1308,0,0,10,0,0
5491.39,13,3,0,0,6,0,0,3,0,0
14035.26,15,5,0,1,2089,1,0,5,0,0
731.23,20,1,0,0,2356,0,0,6,0,0
158.09,9,1,0,0,992,0,0,8,1,0
803.93,7,6,0,0,1674,0,1,6,0,0
823.68,17,3,0,0,1302,1,1,4,0,0
906.94,22,3,0,0,375,0,0,6,0,0
360.18,21,5,0,0,1078,1,0,6,0,0
1957.77,3,0,0,0,1998,0,0,5,0,0
1852.9,22,1,0,0,200,0,0,5,0,0
246.06,18,1,0,0,1415,0,2,10,0,0
2206.57,3,2,0,0,1155,0,0,5,0,0
8541.44,0,1,0,1,1229,0,0,8,1,1
1302.4,4,1,1,0,2393,0,0,10,1,0
782.64,22,3,0,0,1017,0,0,9,0,0
951.46,18,3,1,1,42,0,0,9,0,1
2028.92,13,5,0,0,1365,0,0,4,1,0
194.29,15,1,0,1,1837,2,0,4,1,0
1292.57,9,3,0,0,2059,0,1,8,0,0
742.14,21,3,0,0,1058,0,1,1,1,0
6959.24,3,0,0,0,913,2,1,9,0,0
921.34,7,5,0,0,445,0,0,5,0,0
5813.21,4,0,0,0,654,0,0,1,0,0
363.67,20,2,0,0,1704,2,0,1,1,0
1972.9,12,2,0,0,1443,0,0,10,0,0
1509.3,16,4,0,0,922,0,0,6,0,0
459.87,22,4,0,0,2286,0,0,9,0,1
1309.49,4,1,0,0,2479,0,0,1,0,0
3686.82,23,2,0,0,1672,0,0,3,1,0
793.31,3,0,0,0,1293,1,0,6,0,0
201.95,18,5,0,0,1808,0,0,4,0,0
1077.54,16,2,0,0,1033,0,0,9,0,0
444.78,19,5,0,0,513,1,0,4,0,0
778.73,3,7,0,0,2406,0,0,3,0,0
1010.71,23,3,1,0,2111,2,0,8,0,0
199.21,19,2,0,0,713,0,0,2,0,0
217.97,2,2,0,0,105,0,1,3,0,0
1775.91,13,2,0,0,2425,0,0,2,1,0
650.2,19,3,0,0,2454,0,0,5,0,0
84.37,11,2,0,0,1936,0,1,5,0,0
2403.89,9,3,0,0,1443,0,0,1,0,0
1439.96,6,2,1,0,1367,0,0,6,0,0
537.07,12,4,0,1,176,0,1,6,0,1
293.88,23,7,0,0,928,0,0,2,0,0
2529.58,14,4,0,0,762,0,0,1,0,0
1555.19,17,2,0,0,172,0,0,7,0,0
11879.89,18,6,0,0,198,2,0,7,0,0
1669.35,18,5,0,0,2356,0,1,6,0,0
1615.99,9,7,0,0,247,0,0,7,1,1
928.04,18,4,0,1,1593,0,0,3,0,0
2481.89,7,3,0,0,2397,0,0,3,1,0
2048.96,14,6,0,0,1313,1,1,1,0,0
3834.23,7,3,1,0,589,0,0,5,1,0
651.11,22,2,0,0,1633,0,0,7,0,0
709.52,17,3,0,0,384,1,0,9,0,0
679.19,14,3,0,0,2219,1,0,5,0,0
2418.26,10,3,1,0,704,0,0,5,1,1
4906.79,12,2,0,1,746,0,0,5,0,0
693.09,18,2,1,0,1424,1,0,4,0,0
717.11,6,4,0,0,1296,0,0,7,0,0
1501.29,19,4,0,1,2270,0,0,5,1,0
857.69,6,1,0,0,2044,1,0,9,0,0
2841.4,3,1,0,0,633,0,0,1,0,0
115.38,17,2,1,1,2211,0,0,4,0,0
479.76,17,3,0,0,619,0,0,6,0,0
501.49,8,1,1,0,1778,1,0,7,0,0
107.73,15,4,0,0,2077,0,0,9,0,0
418.37,17,4,0,0,1470,0,1,7,0,0
439.15,18,7,0,0,617,0,0,3,0,0
896.86,22,4,0,0,973,0,0,3,0,0
3337.46,20,2,0,0,2191,0,1,4,1,0
858.29,10,1,0,0,610,1,1,2,0,0
391.19,5,4,0,1,388,0,0,9,0,1
1035.92,2,4,0,0,1609,0,0,9,0,0
3131.21,13,2,0,0,2091,1,0,2,0,0
413.25,15,1,0,0,1785,0,0,3,0,0
441.17,16,5,0,0,793,0,0,10,1,0
1917.06,0,2,0,0,1207,0,0,1,0,0
878.72,16,5,0,0,965,1,0,10,0,0
2095.37,18,2,0,0,2365,0,0,2,0,0
1081.77,17,6,0,0,1478,0,0,3,1,0
2212.02,12,1,0,0,393,1,1,9,0,0
389.52,0,1,0,0,132,2,0,3,0,0
1083.46,11,5,0,0,1295,0,0,9,0,0
888.3,15,4,0,0,1105,0,0,9,0,0
325.09,13,2,0,0,1683,0,0,9,1,0
229.64,13,2,0,0,1293,2,0,2,1,0
2177.1,12,5,0,0,2356,0,0,4,0,0
772.05,13,1,0,0,1911,0,0,4,0,0
394.54,7,3,0,0,656,0,0,10,1,0
996.07,14,2,1,0,2117,0,0,3,0,0
3388.08,6,2,0,0,611,0,0,10,0,0
112.09,11,6,0,0,1769,0,0,5,0,0
245.52,9,2,0,0,1210,0,0,5,0,0
435.77,17,4,0,0,1163,0,0,9,0,0
4727.63,21,1,1,0,1758,0,0,8,0,0
1454.75,15,4,0,0,793,0,0,9,0,0
2362.13,3,2,0,1,786,1,0,2,0,0
350.67,16,2,1,0,19,1,0,5,0,0
357.98,7,0,0,0,1272,0,0,5,0,0
1716.11,1,5,0,0,2419,0,0,10,0,0
1162.44,4,1,0,0,320,0,0,2,1,0
1898.35,23,3,1,0,1866,0,0,4,0,1
908.99,10,2,0,0,2326,0,0,9,0,0
1448.3,4,1,0,0,1726,0,0,3,0,0
1284.49,3,2,0,0,492,0,0,4,0,0
2386.94,15,3,0,0,690,0,1,7,1,0
2457.77,18,2,0,0,633,0,0,1,0,0
217.05,8,2,0,0,24,1,0,4,0,0
115.9,2,5,0,0,1060,0,0,6,0,0
2986.17,8,3,0,0,1354,0,1,2,0,0
3596.53,15,2,0,0,347,0,0,3,0,0
395.19,2,3,0,0,2227,0,0,10,1,1
170.74,6,1,0,0,2388,0,0,7,0,0
1210.8,0,2,0,0,199,0,0,1,0,0
2781.76,11,4,0,0,1637,0,0,8,0,1
6618.3,4,5,0,0,1802,0,0,4,0,1
1837.75,4,4,1,1,1651,2,0,4,0,1
756.18,2,3,0,0,1819,0,0,3,0,0
448.93,17,5,0,0,503,0,0,5,0,0
1109.26,11,0,0,0,203,0,0,3,0,0
813.0,22,1,0,0,851,0,0,2,0,0
397.4,9,3,0,0,1937,1,0,3,0,0
8507.94,5,1,0,0,483,1,1,7,1,0
6536.57,4,4,0,0,1648,1,0,4,0,0
3415.4,22,7,0,0,199,0,0,6,0,0
436.66,14,6,0,0,223,0,0,3,0,0
2578.64,7,3,0,0,1073,0,0,2,0,0
2078.97,15,6,0,0,670,0,0,8,0,0
1707.09,13,7,0,0,1147,2,0,10,0,0
3826.34,2,5,0,0,574,0,0,3,1,0
2070.14,16,4,0,0,1688,1,0,9,1,1
2298.51,2,3,0,0,246,3,0,7,0,0
2073.32,4,0,0,0,1106,0,0,4,0,0
1541.93,17,3,0,0,1563,1,0,5,0,0
184.27,10,4,0,0,2472,0,0,7,0,0
1192.28,5,3,0,0,1806,0,0,7,1,0
628.8,1,4,0,0,1218,0,0,9,1,0
304.95,14,3,1,0,1908,0,0,6,0,0
5894.75,16,4,0,0,1123,0,1,2,0,0
6179.52,4,2,0,1,291,0,0,1,0,0
4269.37,9,4,0,0,666,0,0,5,1,0
1415.47,8,2,0,0,264,1,0,4,1,0
4232.83,21,2,0,1,1536,0,0,7,0,0
1109.93,18,2,0,0,318,0,0,10,0,0
1343.18,6,4,1,0,2030,0,0,9,0,0
367.43,12,0,0,0,143,1,0,3,0,0
1631.07,22,7,0,0,2416,0,0,10,0,1
1164.89,8,8,0,0,2112,1,0,2,0,0
298.08,3,3,0,0,358,1,0,3,1,1
1041.9,7,4,0,0,993,0,0,6,0,0
1012.59,14,1,0,1,68,0,0,10,0,0
6618.08,23,3,0,0,2089,0,0,3,1,0
2681.72,7,2,0,0,2445,1,0,4,0,0
1109.26,1,1,0,1,1335,2,0,2,0,0
1406.4,4,4,0,0,1041,0,0,7,1,0
1146.21,9,3,0,0,1691,0,0,3,1,0
895.23,2,7,0,0,1684,0,0,3,1,0
371.51,0,2,0,0,1067,1,0,4,0,0
942.89,15,2,0,0,2374,1,0,7,0,0
520.04,19,4,0,0,2405,0,0,4,1,0
314.09,5,4,0,0,61,0,0,6,0,0
1828.45,12,3,0,0,2068,0,0,6,0,0
1621.76,13,3,0,0,430,0,0,1,0,0
183.7,16,4,0,0,2366,3,0,7,0,0
970.02,23,5,0,0,1982,0,0,2,0,0
2968.17,21,2,0,0,1046,0,0,4,0,0
3162.83,7,3,0,0,1704,0,0,4,0,0
3058.98,23,3,0,0,804,0,0,4,0,0
1140.15,0,7,0,0,1117,0,0,2,0,0
471.05,23,5,1,0,788,0,0,2,1,0
371.04,3,9,0,1,2397,1,1,1,0,1
1547.82,2,4,0,0,2341,1,0,6,1,0
1602.44,2,2,1,0,1648,0,0,4,1,0
3973.22,2,1,1,0,831,0,0,8,0,0
3294.4,11,2,0,0,73,0,0,7,0,0
960.8,15,1,0,0,459,0,0,9,0,0
316.02,17,0,0,0,255,0,0,8,1,0
797.03,0,4,0,0,694,0,0,4,0,1
1362.71,7,3,0,0,2211,0,0,5,0,0
895.98,3,2,0,1,1590,0,1,9,0,0
615.3,3,4,0,0,2396,1,0,3,0,0
1412.17,17,5,0,0,687,0,0,2,0,0
662.51,15,4,0,0,613,0,0,9,0,0
585.19,5,4,0,0,1203,0,0,9,0,0
1497.35,7,1,0,0,561,0,0,6,0,0
733.63,22,3,1,0,2237,0,0,9,0,0
1399.83,13,2,0,0,109,1,0,8,1,0
1441.16,5,4,0,0,1623,1,0,4,0,0
350.92,22,4,0,0,289,0,0,8,0,0
677.74,4,5,0,0,1726,1,0,4,0,0
4618.28,6,5,0,0,606,0,0,2,0,0
343.07,16,0,0,0,1840,0,0,5,1,0
132.07,12,2,0,0,2275,0,0,3,0,0
170.4,1,2,0,0,651,1,1,9,0,0
1129.03,19,4,0,0,338,0,0,9,0,0
1131.07,5,3,0,0,1241,1,0,2,0,0
974.95,16,3,0,0,192,0,0,8,0,0
3692.98,8,1,0,0,2056,1,0,8,0,0
75.73,18,3,0,0,2448,0,0,1,0,0
1629.35,21,3,0,0,2484,0,0,3,1,0
5226.19,18,4,0,0,273,0,0,5,1,0
355.04,22,2,0,0,2493,1,0,10,0,0
750.09,12,4,0,0,428,0,0,7,1,0
516.52,1,2,0,0,363,0,0,8,0,0
448.39,12,2,0,1,1318,0,0,6,0,0
791.35,11,5,0,0,1415,0,0,1,0,0
4570.99,17,3,0,1,679,0,0,5,0,0
6886.97,5,3,0,0,1683,0,0,6,1,0
783.73,16,1,0,0,1040,0,0,8,0,0
7369.17,10,3,0,0,2042,1,0,10,0,0
1136.35,16,4,0,0,1042,0,0,2,0,0
6334.02,10,5,0,0,1531,0,0,8,1,1
998.95,9,4,1,0,1437,0,0,10,0,0
1250.2,5,2,0,0,2076,0,0,10,0,0
1580.47,19,2,0,0,49,1,0,7,1,0
26340.26,1,3,0,0,404,0,0,8,0,0
2569.03,5,3,0,0,2027,0,0,9,1,0
540.63,10,6,0,0,570,0,0,4,1,0
2889.96,3,2,0,0,890,2,0,10,0,0
763.69,22,5,0,1,1279,1,0,7,0,0
671.99,8,0,0,0,2490,0,0,6,0,0
2720.58,5,7,0,0,2200,0,0,7,0,0
1131.26,6,2,0,0,2138,0,0,1,0,0
1448.92,4,1,0,0,1456,1,0,2,0,0
1112.08,15,3,0,0,45,0,0,1,0,0
1535.46,11,6,0,0,500,1,0,4,0,0
1677.34,5,3,1,0,2098,0,0,9,0,0
158.07,20,6,0,0,898,0,0,10,1,0
2135.75,15,2,0,0,504,0,0,7,1,0
410.75,9,3,0,0,476,0,0,1,0,0
259.23,12,5,0,0,1,0,0,5,0,0
1034.41,15,1,0,0,1108,1,0,2,0,0
1192.71,3,0,0,0,113,0,1,6,0,0
548.12,19,4,0,0,535,0,0,9,1,0
2517.53,6,5,0,0,2149,0,0,4,0,0
286.52,0,7,0,0,1481,0,0,1,1,0
730.01,12,3,0,0,880,0,1,1,0,0
611.02,21,3,0,1,1334,0,1,3,0,0
1046.72,17,2,0,0,825,0,0,6,0,0
1449.34,7,4,0,0,1860,0,0,7,0,0
400.26,9,4,0,0,2008,0,0,6,0,0
2262.63,14,3,0,0,1308,1,0,9,0,0
1167.95,5,2,0,0,2482,0,0,3,1,0
165.35,19,1,0,0,132,0,0,1,0,0
154.69,7,1,0,0,2247,1,0,4,0,0
1083.21,5,2,0,0,1443,2,0,7,0,0
879.22,2,4,0,1,2407,1,0,4,0,0
988.89,16,9,0,0,1263,0,0,6,0,0
1066.37,0,0,0,0,221,0,0,2,0,0
1374.11,19,1,0,0,1625,1,0,9,0,0
2828.92,23,3,0,0,1021,0,0,3,0,0
361.01,2,4,0,0,2295,0,0,7,0,0
339.69,2,5,0,0,610,0,0,10,0,0
367.48,22,4,1,0,84,1,0,5,0,1
1463.98,2,5,1,0,1545,0,0,1,1,1
3808.34,9,5,0,0,1247,0,0,2,0,0
712.41,20,4,0,0,2421,0,1,3,0,0
89.86,3,4,0,0,1441,2,0,9,0,0
199.54,15,2,1,0,2415,0,0,9,0,0
476.74,9,6,0,0,2085,0,0,10,0,0
627.83,10,3,0,1,1661,1,1,5,0,0
728.95,22,2,0,1,2118,0,0,7,1,0
1139.77,15,1,0,0,1938,0,0,1,0,0
802.92,7,4,0,0,1476,0,0,6,0,0
3131.73,22,1,0,0,2183,1,0,8,0,0
557.79,13,3,1,1,968,1,0,5,0,0
462.98,2,4,0,0,1103,1,0,10,1,0
1770.25,9,2,0,0,732,0,0,9,0,0
236.12,5,4,0,0,1382,0,0,2,0,0
1619.21,15,2,0,0,1481,0,0,9,0,0
1215.07,20,1,0,0,2188,0,0,2,0,0
946.3,0,4,0,0,1,0,0,1,0,0
5368.35,18,4,0,1,980,1,0,10,0,1
588.63,21,2,0,0,717,0,0,9,0,0
8606.72,23,2,1,0,939,0,0,6,0,1
875.3,15,3,0,0,1335,0,0,6,0,0
305.82,7,3,0,0,2083,1,0,2,1,0
1176.05,3,0,0,0,730,0,0,5,0,0
373.81,22,3,0,0,2182,0,1,8,0,0
517.1,9,2,0,0,2399,2,0,8,0,0
1631.14,8,1,0,0,1901,0,0,8,0,0
1911.38,17,3,0,0,11,1,0,10,0,0
588.65,17,1,0,0,1169,0,0,2,0,0
2943.65,19,2,0,0,1215,0,0,1,0,0
3489.48,21,3,0,0,1030,0,0,4,0,0
4611.47,21,0,0,0,2238,0,0,4,0,0
1862.01,4,2,1,0,296,1,0,9,0,0
4287.37,4,1,1,0,262,0,0,6,0,1
167.2,4,1,0,0,806,2,0,3,0,0
797.99,15,4,0,0,544,0,0,10,1,0
460.81,13,3,0,0,581,0,0,7,0,0
1235.49,20,0,0,1,2243,0,0,2,1,0
619.28,20,6,0,0,465,1,0,8,0,0
928.75,19,3,0,0,135,0,0,7,0,0
7202.44,1,1,1,0,1876,0,0,1,0,1
925.45,16,3,0,0,1704,0,0,7,0,0
1658.7,20,3,0,0,1650,0,0,8,0,0
869.34,23,2,0,0,1523,1,0,6,0,0
1182.89,8,5,0,0,171,0,0,7,0,0
1103.25,18,4,0,0,2422,1,0,4,0,0
1716.98,9,3,0,0,408,0,0,9,0,0
3516.8,3,0,0,0,401,1,0,8,0,1
5695.29,8,2,0,0,898,0,0,5,0,0
1494.61,6,4,0,0,443,1,0,1,1,1
1977.42,21,3,0,0,1097,0,0,7,0,0
346.93,4,5,0,0,998,0,0,6,0,0
1004.38,3,3,0,0,2125,0,0,6,1,0
2808.17,13,3,0,0,33,0,0,8,0,0
2607.03,13,1,0,0,98,1,0,8,0,0
1355.07,13,9,1,0,1196,0,0,1,0,0
2660.83,3,3,0,0,560,0,0,8,0,0
1791.43,11,1,0,0,1631,0,0,1,0,1
3642.07,22,5,0,0,2214,0,0,7,0,0
1464.63,2,5,0,0,464,0,0,9,0,0
768.39,19,3,0,0,925,0,0,2,1,0
1534.32,3,3,0,0,278,0,0,2,0,0
58.52,5,4,0,0,559,0,0,9,0,0
1608.22,21,2,0,0,2287,1,0,3,0,0
28.55,7,7,0,0,1457,0,0,10,0,0
195.69,12,2,0,0,114,1,0,1,0,0
1722.91,9,5,0,0,2402,0,0,4,0,0
1767.87,14,1,0,0,1761,0,2,8,1,0
342.95,9,2,0,0,2335,1,0,7,0,0
538.02,10,5,0,0,1242,1,0,4,0,0
4317.97,19,3,0,1,1314,0,0,4,0,0
675.85,13,6,0,0,21,0,1,7,0,0
10331.16,13,1,0,0,260,0,0,4,1,0
1094.53,19,1,0,0,920,1,0,9,1,0
1649.18,10,3,0,0,367,0,0,2,1,0
5524.09,19,3,1,0,193,0,0,10,1,0
1250.16,17,6,1,0,784,0,0,4,0,0
402.48,21,0,1,0,1632,1,0,6,1,1
982.67,10,2,0,0,2153,0,0,2,0,0
1058.27,13,4,0,0,545,0,0,6,0,0
280.13,3,2,0,0,1998,0,0,3,0,0
849.09,2,2,0,0,78,1,1,2,0,0
522.07,2,3,0,0,2440,0,0,9,0,0
2763.79,15,1,0,0,1189,0,0,1,0,0
1135.25,7,3,0,0,1265,1,0,10,0,0
826.5,6,5,0,0,482,0,0,6,1,0
986.16,14,3,1,0,1450,0,0,6,0,0
1370.76,9,3,0,0,1851,0,0,1,0,0
2032.08,3,4,0,0,791,1,0,10,0,0
403.54,13,2,0,0,15,0,0,9,0,0
387.0,13,1,0,0,1278,1,0,9,0,0
3309.92,3,0,0,0,2036,0,0,5,0,0
726.08,6,2,0,0,1809,0,0,3,1,0
265.91,5,1,0,0,1458,0,0,9,0,0
1709.25,16,6,0,0,100,0,0,7,0,0
1743.01,5,2,0,0,566,0,0,6,1,0
237.29,0,2,0,0,2218,0,0,9,0,0
1379.51,6,1,0,0,2157,1,0,4,0,0
2288.34,11,2,1,0,1532,0,0,2,1,0
1594.61,18,7,0,0,2491,0,0,3,0,0
2063.13,1,3,0,0,783,0,0,7,1,0
269.27,21,3,0,0,2172,0,0,8,0,0
1526.97,7,5,0,0,807,0,0,7,0,0
810.28,8,2,0,0,22,0,0,2,0,0
676.69,0,1,0,0,2478,0,0,8,1,0
2619.02,6,4,0,0,1372,0,0,10,1,0
4813.96,11,6,1,0,746,0,0,3,0,0
6597.0,15,1,0,0,1414,1,0,8,0,0
4083.9,18,0,0,0,1397,0,0,9,0,0
982.66,12,3,0,0,2214,1,0,7,0,0
1560.44,2,3,0,0,899,3,0,1,0,0
2360.96,9,4,0,0,2071,1,0,7,1,0
1237.91,17,2,0,0,1385,1,0,4,0,0
1249.83,15,1,0,0,2091,0,0,10,0,0
2499.27,14,8,0,0,1059,0,0,1,0,0
1033.51,12,5,0,0,166,0,0,1,0,0
528.85,12,2,0,0,1220,0,0,8,0,0
724.53,23,7,0,0,767,2,0,4,0,0
2067.12,14,3,0,0,200,0,0,5,0,0
1099.92,14,2,0,0,1325,0,0,9,1,0
1541.04,8,2,0,0,159,0,0,4,0,0
2143.25,11,7,0,0,1325,0,0,4,0,0
753.82,17,4,0,0,2133,0,0,4,0,0
2336.12,20,4,0,0,1622,0,0,8,0,0
1601.73,18,4,0,0,2124,0,0,2,0,0
319.0,15,1,0,0,2442,0,0,5,0,0
4639.24,18,3,0,0,2446,2,0,3,1,0
664.65,0,2,0,0,2023,0,0,1,0,0
209.54,6,5,0,0,1534,1,0,8,0,0
385.66,5,4,0,0,1641,0,0,8,0,0
395.03,15,2,0,0,755,0,0,10,0,0
1155.37,18,4,0,0,2124,1,0,7,1,0
833.93,3,4,0,0,2189,0,0,10,0,0
783.03,4,3,0,0,1419,0,0,5,1,0
2037.95,11,5,0,0,2369,2,0,2,0,0
1540.52,23,5,0,0,2357,0,0,9,0,0
1504.25,0,3,0,0,733,0,0,4,0,0
1652.14,21,2,0,0,1806,0,0,4,0,0
2030.7,4,5,0,0,1040,0,0,1,0,0
133.23,6,6,0,0,2152,0,0,5,0,0
761.71,15,2,0,0,1264,0,0,4,0,0
123.94,17,0,0,0,2109,0,1,5,0,0
1136.9,20,1,0,1,1082,0,0,3,0,0
1091.56,0,4,0,1,1464,0,0,1,0,0
3119.83,1,2,0,0,1460,1,0,7,0,0
3596.2,11,3,0,0,1635,1,0,8,0,0
1343.15,13,3,0,0,2258,0,0,8,0,0
664.9,6,1,0,0,1423,0,0,10,0,0
1781.41,15,5,0,0,2288,0,1,5,1,0
646.83,6,2,0,1,291,0,0,5,0,0
1095.11,22,2,0,0,259,2,0,5,0,0
2939.92,4,2,0,0,1563,0,0,7,0,0
627.8,15,4,0,0,1791,0,0,7,0,0
2454.5,12,6,0,0,1226,1,0,9,0,0
2159.0,2,3,0,0,321,2,0,6,0,0
422.09,14,1,0,0,2168,0,0,3,1,0
2904.14,3,7,0,0,815,0,0,10,0,0
2205.18,12,2,0,0,1161,0,0,3,1,0
1214.3,15,6,0,0,994,1,0,1,1,0
511.67,1,5,0,0,559,0,0,9,1,0
464.42,5,3,0,0,2272,0,0,7,0,0
640.56,7,3,0,0,418,1,0,3,0,0
1886.72,22,4,0,0,908,0,1,3,0,0
421.73,5,4,0,0,1947,1,0,5,0,1
1698.52,22,6,0,0,1504,0,0,6,1,0
316.79,12,3,0,0,61,2,0,2,0,0
894.2,22,2,0,0,1585,0,0,4,0,0
1223.72,19,6,0,0,1976,1,0,9,0,0
12646.43,7,6,0,0,902,0,0,7,0,1
276.63,13,2,0,1,1980,0,0,4,1,0
4779.13,17,1,0,0,1745,1,0,7,0,0
1273.91,1,3,0,0,1261,0,0,5,0,0
1654.36,15,2,0,0,1318,0,0,9,0,0
1234.41,11,4,0,0,1576,0,0,10,0,0
1710.82,0,1,0,1,810,0,0,2,0,0
940.41,20,3,0,0,442,0,0,10,0,0
4694.05,6,4,0,0,1141,0,0,10,0,0
694.73,20,1,0,1,39,0,0,7,0,1
3402.39,4,0,1,1,510,1,0,8,0,0
575.73,12,2,0,0,1039,0,0,7,1,0
1032.51,8,0,0,0,85,1,0,7,1,0
375.42,21,6,0,0,2131,0,0,1,0,0
1728.52,22,2,0,0,912,0,0,5,1,0
4652.34,18,4,0,0,951,0,0,9,0,0
1015.0,20,5,0,1,2292,0,0,6,0,0
900.65,18,0,0,0,1991,0,0,6,0,0
359.74,7,2,0,0,950,0,0,1,0,0
871.93,22,1,0,0,664,0,0,6,1,1
223.01,12,1,0,1,2214,0,0,1,1,0
440.15,8,3,0,0,982,1,0,4,0,0
1375.79,4,3,0,1,203,0,0,4,0,0
4101.11,17,2,1,0,1102,1,0,6,1,0
18200.62,6,4,0,0,1178,0,0,10,0,0
609.97,15,5,0,0,1518,0,0,9,0,0
4606.85,1,1,0,0,736,0,0,3,0,0
1399.34,15,6,0,0,2031,1,0,9,0,0
942.7,15,5,0,0,1043,0,0,10,0,0
1690.19,12,1,0,0,1313,1,0,7,0,0
1166.68,15,5,0,0,1747,0,0,9,0,0
1224.63,23,2,1,0,1989,0,0,5,0,0
728.99,20,2,0,0,774,0,0,8,1,0
270.94,10,4,0,0,51,0,0,8,0,0
234.25,20,2,0,1,346,0,0,8,0,0
2107.47,22,4,0,0,1389,0,0,6,1,0
831.56,3,3,0,1,103,0,0,5,0,1
604.2,8,3,0,0,1146,1,0,2,0,0
1106.0,17,3,0,0,752,0,0,3,0,0
2428.26,12,4,0,0,762,0,0,7,1,1
1313.39,3,1,0,0,1792,0,0,3,0,0
569.04,11,3,0,1,1571,0,0,1,0,0
3737.95,8,4,0,0,1174,0,0,8,1,0
5319.77,17,2,1,0,40,0,0,4,0,1
1798.23,12,4,0,0,2466,1,0,9,1,0
2903.47,3,3,0,0,2423,0,1,6,0,0
3796.98,1,2,0,1,571,0,0,10,0,1
3395.14,6,4,0,0,1643,0,0,8,0,0
2026.57,3,0,0,0,2280,0,0,4,0,0
1994.9,21,4,0,0,1496,0,0,6,0,0
1843.94,6,4,0,0,2058,2,0,2,1,0
366.01,15,3,0,0,608,0,1,2,0,1
2209.95,3,3,0,0,1938,0,0,6,0,0
282.64,10,7,0,0,1015,2,0,4,0,0
495.42,22,5,0,0,1740,0,0,4,0,0
4038.24,15,1,1,1,598,0,0,5,1,0
2540.76,6,0,0,0,52,0,1,2,0,0
4853.22,17,4,0,0,189,1,1,10,0,0
835.75,12,2,0,0,1925,0,0,6,0,0
346.45,5,1,1,0,2415,0,1,10,0,1
862.27,23,3,0,0,520,0,0,10,0,0
1214.43,22,4,0,1,13,0,0,7,1,1
1186.77,13,2,1,0,751,1,0,1,0,0
3407.32,0,4,0,0,2092,0,0,3,0,0
764.12,9,3,0,0,551,0,0,4,0,0
1559.37,12,4,0,0,1064,0,0,2,0,0
408.04,22,6,0,0,1074,0,0,2,0,1
1720.41,17,4,1,0,2269,1,1,2,1,0
1100.05,5,5,0,0,536,0,0,3,0,0
518.11,12,1,0,0,2186,1,0,6,1,0
866.25,4,2,0,0,2133,0,0,8,0,0
912.17,11,4,0,0,180,0,0,1,0,0
837.02,12,0,1,0,1700,1,1,4,0,0
6446.81,12,5,0,0,409,0,0,2,1,0
993.82,10,6,1,1,1610,1,0,3,0,0
859.29,10,3,0,0,160,0,0,10,0,0
134.63,19,3,0,0,1852,0,0,10,0,0
448.45,12,3,0,0,102,0,0,10,0,0
842.97,1,5,0,0,793,2,0,5,0,0
552.33,17,6,0,0,1751,0,0,4,0,0
4366.46,14,3,0,0,1382,1,0,3,0,0
929.89,16,3,0,0,416,0,0,10,0,0
3977.64,17,2,0,0,1608,3,0,3,0,0
1166.43,4,3,0,0,2283,1,0,3,1,0
1138.23,23,3,0,0,1408,1,0,2,0,1
1003.45,23,1,0,0,129,0,0,4,0,0
1100.8,3,2,1,0,1447,0,0,7,0,0
6116.8,5,1,0,0,111,0,0,6,1,0
107.81,5,4,0,0,154,1,1,8,0,0
148.18,23,3,0,0,450,0,0,10,0,0
637.04,22,3,0,0,1139,0,0,7,0,0
1112.68,6,2,0,0,208,0,0,3,0,0
2186.6,15,2,0,1,1446,1,0,9,0,1
1760.03,5,4,0,0,582,0,0,1,0,0
746.77,0,3,0,1,271,0,0,8,0,0
3038.27,5,4,0,0,1614,0,1,1,0,0
3072.34,1,1,0,0,456,0,0,4,1,0
1318.25,20,1,0,0,416,0,0,1,1,0
2871.69,18,0,0,0,1421,0,0,4,1,0
1440.36,4,0,0,0,1432,1,1,3,0,0
625.48,13,3,1,0,436,1,0,4,0,0
2203.53,4,8,0,0,1228,1,0,5,1,0
1224.9,13,3,0,0,1280,1,0,1,0,0
1098.1,21,2,0,0,591,0,0,1,0,0
4783.62,21,2,0,0,552,0,0,9,1,0
94.55,19,3,1,0,2400,2,0,2,0,0
265.69,5,1,0,0,443,2,0,10,1,0
334.6,4,2,0,0,2431,0,1,4,0,0
762.6,3,3,0,1,1982,0,2,10,0,1
850.13,3,1,0,0,162,0,0,9,0,0
242.91,14,6,0,0,2025,1,0,6,0,0
409.46,15,2,0,0,994,2,0,7,0,0
463.66,21,3,0,0,825,0,0,10,0,0
12802.86,2,2,0,0,1430,0,0,5,0,0
6645.81,6,4,0,0,808,0,0,3,1,0
726.51,17,1,0,0,1300,1,0,2,0,0
762.36,16,3,0,0,1032,0,0,7,0,0
347.51,10,3,0,0,1367,0,0,7,1,0
162.69,3,3,0,0,498,2,0,6,0,0
975.67,11,3,0,0,2178,0,0,6,0,0
404.3,4,5,0,0,1374,1,0,4,0,0
1007.42,12,3,0,0,1985,2,0,5,1,0
221.36,21,3,0,0,2429,0,0,6,1,0
511.85,4,3,0,0,1698,0,0,2,0,0
1272.36,2,1,0,0,1904,0,0,6,0,0
1581.63,17,2,0,0,2277,0,0,1,1,0
1664.82,0,4,0,0,698,0,0,9,0,0
292.81,23,6,0,0,1967,1,0,6,1,0
2577.78,18,3,0,0,879,2,0,6,0,0
492.64,9,5,0,0,295,0,0,2,0,0
2064.94,8,3,0,0,486,0,0,9,0,0
1085.03,9,5,0,0,1939,1,0,9,1,0
276.89,9,5,0,0,1749,0,0,8,0,0
799.35,20,2,0,0,1963,0,0,7,1,0
1580.29,19,1,0,0,846,0,0,7,0,0
2024.27,4,5,0,0,2140,1,0,3,0,1
952.43,4,1,0,0,2189,0,0,2,1,0
5073.46,12,3,0,0,82,0,0,2,0,0
3003.43,15,2,0,0,1805,0,0,1,0,0
848.39,17,4,0,0,2493,0,0,5,1,0
2321.86,7,0,0,0,898,0,0,9,0,0
7583.98,11,1,0,0,1868,0,0,10,0,0
7789.13,2,1,0,0,962,0,0,3,0,0
321.18,10,3,0,0,2109,1,0,5,0,0
434.18,16,3,0,0,334,0,0,6,1,0
4841.2,7,3,0,0,1913,0,0,8,0,0
380.59,7,3,0,0,1175,1,0,3,1,0
292.21,11,2,0,0,2341,0,0,2,0,0
674.39,20,6,1,0,2332,0,0,3,0,1
1669.41,14,1,0,0,1922,0,0,3,0,0
989.9,22,3,0,0,1595,1,0,1,0,0
572.17,1,2,0,0,817,0,0,1,0,0
558.8,20,4,0,0,1207,0,0,5,1,0
537.89,1,5,0,0,1657,1,0,1,0,0
455.09,7,2,0,0,1020,0,0,7,1,0
10738.95,10,2,0,0,2270,0,0,8,0,0
1476.62,5,3,0,0,1531,2,1,9,0,0
2661.8,23,1,0,0,1241,0,0,2,0,0
672.45,21,5,0,0,2266,0,0,10,0,0
910.55,13,1,1,0,360,0,0,8,0,0
537.24,10,4,0,0,990,2,0,7,1,0
77.35,18,4,0,0,155,0,0,3,0,0
276.44,16,5,0,0,1535,1,0,4,0,0
179.36,11,2,0,0,2452,0,0,8,0,0
115.61,19,3,0,0,2453,0,0,6,0,0
331.84,4,2,0,0,1963,2,0,8,0,0
4125.55,6,7,1,0,1489,0,0,7,1,0
1048.97,0,3,0,0,20,0,0,1,1,0
3986.08,2,5,0,0,1730,0,0,2,0,0
1654.05,4,3,0,0,1067,0,0,9,0,0
2398.4,14,2,0,0,2197,0,0,7,0,0
445.46,20,2,1,0,2303,0,0,6,0,0
1851.87,14,4,0,0,1140,0,0,6,0,0
2272.68,10,8,1,0,2439,0,0,6,0,0
616.07,6,7,0,0,151,2,0,5,0,0
1918.96,2,3,0,0,1877,0,0,10,1,0
1931.76,14,6,0,0,1095,0,0,7,0,0
632.99,3,1,1,0,1465,1,0,6,0,1
356.82,18,4,0,0,331,0,0,10,0,0
335.58,9,5,0,0,1045,1,0,2,0,0
1195.72,8,4,0,0,2221,1,0,8,0,0
1520.83,0,3,0,1,2101,0,0,3,0,0
496.45,5,0,0,0,1983,0,0,1,0,0
1126.18,0,1,0,0,839,0,0,9,0,0
1940.18,17,1,0,1,1909,0,0,8,0,0
2034.88,11,3,0,0,454,0,0,5,0,0
5176.48,18,3,0,0,1040,1,0,2,0,0
3932.3,13,4,1,0,810,0,0,3,0,0
402.91,22,3,0,0,1882,0,0,5,0,0
5905.19,18,3,0,0,1175,0,0,9,0,0
644.85,3,3,0,0,1445,1,0,10,0,0
3117.77,2,2,0,0,326,0,0,10,0,0
1173.78,21,2,0,0,265,0,0,1,0,0
726.22,6,0,0,0,2393,1,0,1,0,0
179.88,18,4,0,0,387,0,0,6,0,0
923.74,15,2,0,1,172,0,0,6,0,0
230.58,16,4,0,1,2066,0,0,3,0,0
2885.05,6,1,0,0,801,0,0,5,0,0
4998.0,7,3,0,0,2192,0,0,10,0,0
494.27,13,2,0,0,892,0,0,7,0,0
1483.22,0,3,0,0,1609,0,0,3,0,0
530.92,7,2,0,0,794,0,0,3,0,0
584.94,12,1,0,0,620,1,0,9,0,0
2379.14,4,1,0,0,1933,0,0,10,0,0
1055.17,6,4,0,0,2261,0,0,6,0,0
6245.7,23,8,0,0,106,0,0,7,0,0
677.07,6,2,0,0,2189,0,0,7,0,0
2978.98,21,4,0,0,587,0,0,8,0,0
1208.84,22,4,1,0,1769,0,0,4,0,0
2430.32,16,0,0,1,1550,3,1,4,0,1
701.23,3,1,0,1,1908,0,0,2,0,0
1043.61,4,4,0,0,608,0,0,6,1,0
977.01,22,2,1,0,273,0,0,6,0,0
475.3,0,3,0,0,837,1,0,6,0,0
2126.18,12,3,1,0,1890,1,1,2,0,0
2101.17,14,0,0,0,241,0,0,5,1,0
1985.36,20,4,0,0,2190,1,0,7,0,0
5099.85,21,7,0,0,134,1,0,8,0,0
4672.01,6,0,0,0,1696,0,0,3,1,0
753.75,12,3,0,0,1949,2,0,4,0,0
1592.49,15,0,0,0,2332,0,0,2,0,0
587.81,23,4,0,0,1796,1,0,2,1,0
1122.55,13,0,0,0,227,0,0,3,0,0
602.0,2,1,0,0,324,0,0,10,1,0
5541.78,22,3,0,0,394,0,1,4,0,0
1577.66,12,2,0,0,974,2,0,8,0,0
881.8,4,3,0,0,2472,0,0,1,0,0
3617.79,4,3,0,0,835,0,0,4,0,0
125.13,4,2,0,0,2197,0,0,6,0,0
146.33,17,3,0,1,246,0,0,1,0,0
2430.47,22,0,1,0,648,0,0,10,0,1
1164.99,10,3,0,0,2101,0,0,1,0,0
1408.73,2,3,1,0,2324,0,0,8,0,0
291.08,21,5,0,0,1767,0,0,10,0,0
1071.45,15,4,0,0,129,0,1,8,0,0
8131.57,13,3,0,1,1275,0,0,7,0,0
2500.38,1,1,0,0,1132,1,0,4,0,0
1299.46,23,2,0,0,2114,0,0,10,1,0
706.94,1,5,0,0,484,0,0,4,0,0
739.1,14,2,1,0,2499,1,0,4,1,0
130.43,14,2,0,0,2310,2,0,1,0,0
1418.9,12,2,0,0,2166,0,0,3,0,0
2554.17,13,2,0,0,2490,0,0,3,0,0
226.87,9,3,0,0,1705,0,0,2,0,0
565.99,13,5,0,0,278,0,0,8,1,0
344.65,8,4,0,0,343,0,0,10,0,0
417.65,11,1,0,0,2207,1,0,9,1,0
1156.88,16,1,0,0,2124,1,0,6,0,0
136.4,17,4,0,0,165,0,0,8,0,0
2026.92,3,5,1,1,1496,0,0,4,0,0
2330.54,23,7,0,0,2346,1,0,7,0,0
853.12,2,0,0,0,1013,0,0,8,1,0
91.77,6,8,0,0,2302,0,0,10,1,0
404.88,8,3,0,0,689,0,0,9,1,0
3762.74,7,3,1,0,2000,1,0,4,1,0
68.17,8,3,0,0,1014,1,0,10,0,0
774.7,7,3,0,0,67,1,0,2,0,0
336.97,10,2,0,0,819,0,0,4,0,0
2451.78,18,0,1,0,670,0,0,7,0,0
558.29,19,1,1,0,1325,1,0,4,0,0
1642.47,8,5,0,0,1338,0,0,5,0,0
1930.36,6,2,0,0,2403,1,0,10,0,0
6878.98,16,2,0,0,1120,0,0,1,0,0
895.21,1,2,0,1,142,0,0,9,0,1
1597.26,10,0,0,0,1103,1,0,5,1,0
248.38,5,3,0,1,2081,0,0,1,0,0
3606.21,14,3,0,0,1725,1,0,1,0,0
512.6,1,3,1,0,2295,1,0,2,0,0
625.93,19,6,0,0,366,1,0,5,0,0
1072.5,6,2,0,0,2462,0,0,9,0,0
229.78,12,4,0,0,1581,0,0,1,1,0
1378.53,13,8,0,0,1435,0,0,9,1,0
2885.54,11,1,0,1,374,0,0,10,0,0
1469.88,10,3,0,0,310,1,0,1,0,0
223.88,6,1,0,1,662,1,0,9,0,0
968.93,18,2,0,0,1860,0,0,1,0,0
2303.14,12,3,0,0,1479,0,0,10,0,0
167.67,5,4,0,0,1558,0,0,10,0,0
374.37,6,2,1,0,1725,0,0,7,0,1
2634.75,10,4,0,0,1762,1,0,8,0,0
1436.69,20,1,0,0,577,0,0,3,1,0
1655.69,23,4,0,0,2075,0,0,4,0,0
7040.92,9,6,0,0,776,0,0,6,0,1
1752.07,9,1,0,1,2295,1,1,5,0,1
2117.28,3,4,1,0,1905,0,0,3,1,1
16493.89,13,1,0,0,177,1,0,10,1,0
885.54,5,5,0,0,1445,0,0,7,0,0
493.79,19,1,0,0,1447,0,0,5,1,0
1682.1,12,1,0,1,777,0,0,10,0,0
1701.03,5,3,0,0,1404,1,0,8,0,1
647.61,21,6,0,0,1370,0,0,10,0,0
390.57,19,3,0,0,1706,1,0,2,0,0
11046.23,7,4,0,0,326,0,0,1,0,0
1520.57,2,2,0,0,755,1,0,10,0,0
527.27,6,2,0,0,1052,0,0,7,1,0
2740.59,9,6,0,0,1230,0,0,3,0,0
983.24,9,1,0,0,1969,0,1,9,0,0
851.6,19,5,0,0,1932,2,0,6,1,0
1924.21,23,4,0,0,2200,1,0,3,0,0
301.3,17,1,0,0,641,1,0,4,0,0
1560.29,20,3,0,0,19,1,0,7,0,0
7427.58,3,4,0,0,888,0,0,2,0,0
1747.91,3,3,0,0,1754,0,2,6,1,0
752.79,21,3,1,0,1887,0,0,1,0,0
660.43,14,1,0,1,28,0,0,1,0,0
727.53,5,5,1,0,1945,0,0,6,1,1
850.68,19,2,0,0,1861,0,0,9,1,0
751.59,4,3,0,0,2076,0,0,6,1,1
2741.64,18,2,0,0,2124,1,0,7,0,0
193.79,21,3,0,0,1649,1,0,8,0,0
2596.71,11,2,0,0,2307,0,0,9,0,0
750.18,15,1,1,0,298,1,0,4,0,0
1598.7,17,1,0,0,235,0,0,5,0,0
355.32,21,2,0,0,1154,1,1,3,0,0
4140.75,14,2,0,1,30,1,0,8,0,0
3810.95,7,4,0,0,1493,0,0,1,0,0
2862.9,4,2,0,0,921,1,0,3,0,0
241.11,8,1,0,0,854,1,0,2,0,0
2512.72,1,1,0,0,636,0,1,7,0,0
1643.95,16,4,0,0,2472,0,1,1,0,0
220.24,8,2,0,1,1029,0,0,10,0,0
1070.31,17,3,0,0,2157,0,0,4,0,0
1578.98,1,2,0,0,416,0,0,10,0,0
1912.33,7,3,0,0,264,0,0,3,0,0
1309.32,9,2,0,0,1926,0,1,1,1,0
1467.38,2,4,0,0,1920,0,0,4,0,0
4786.77,19,2,0,0,1637,0,0,1,0,0
3736.98,14,5,0,0,881,0,0,9,0,0
62.36,20,2,0,0,987,0,0,10,0,0
798.36,19,0,0,0,23,1,0,7,0,1
930.15,0,5,0,0,1757,0,0,5,0,0
190.17,20,4,0,1,2237,0,0,10,0,1
1204.94,1,2,0,1,860,0,0,2,0,0
3822.87,20,2,0,0,1684,0,0,7,0,0
369.97,16,3,0,0,1427,0,0,5,0,0
1535.18,19,5,0,0,583,1,0,10,1,1
438.86,11,6,0,0,1131,0,0,5,0,0
560.08,3,5,0,0,495,1,1,9,1,0
4804.91,3,7,0,0,831,0,0,8,0,0
637.43,2,2,0,0,792,1,0,6,0,0
1741.0,19,4,0,0,146,0,0,2,1,0
168.81,12,2,0,0,1756,0,0,7,0,0
7060.83,5,5,1,0,789,2,0,7,1,0
2003.5,2,1,1,1,1415,0,0,5,0,1
913.7,1,1,0,0,1166,0,1,3,0,0
1949.93,6,5,0,0,1076,0,1,4,0,0
267.78,17,7,0,0,757,2,0,8,0,1
3577.9,21,3,0,0,2073,1,0,6,0,0
793.15,14,4,0,0,2428,0,0,10,0,0
894.2,23,8,0,0,429,0,0,3,0,0
670.72,9,4,0,0,467,0,0,9,0,0
613.6,7,2,0,0,2293,0,0,9,0,0
2196.61,16,2,0,1,968,0,0,5,0,0
1416.45,3,2,0,0,1997,0,0,7,0,0
2104.32,21,1,1,0,1713,0,0,4,0,0
1087.03,18,1,0,0,2341,2,0,10,0,0
1832.07,0,4,0,0,674,0,0,8,1,0
721.37,4,2,0,0,1790,1,0,2,0,0
10195.81,15,6,0,0,1265,0,0,3,0,0
228.62,17,3,0,0,1427,0,0,3,1,0
3869.72,5,3,0,0,1798,0,0,2,0,0
4306.61,17,2,0,0,1917,1,0,9,1,0
467.71,11,5,0,0,2402,0,0,8,0,0
10191.14,16,3,0,0,554,1,0,8,0,0
2967.54,10,6,0,0,1354,0,0,6,0,0
2896.15,10,3,0,0,1023,0,0,3,0,0
1127.8,9,3,0,0,1823,0,0,6,0,0
882.51,3,2,0,0,1880,0,0,6,0,0
889.44,4,6,0,0,2020,0,0,7,0,0
1620.57,4,4,0,0,1714,0,0,2,0,0
4452.35,19,3,0,0,870,1,0,8,0,0
1314.63,10,3,0,0,1077,0,0,3,1,0
440.78,9,4,0,0,1146,0,0,10,0,0
2500.95,20,3,0,0,1243,0,0,2,0,0
2754.94,21,0,0,0,2164,1,0,1,0,0
2110.46,5,4,0,0,838,2,0,2,0,0
2311.15,8,3,0,0,1597,0,0,5,1,0
836.37,9,2,1,0,1453,0,1,7,0,1
433.12,20,3,0,0,45,0,0,7,0,0
460.27,16,2,0,1,709,0,0,5,0,0
213.69,13,1,0,0,2244,1,0,10,0,0
1389.85,5,2,0,0,1302,1,0,3,1,0
1008.83,9,2,1,0,1011,0,0,8,0,0
706.28,0,4,0,1,1111,1,0,9,0,0
57.08,16,3,0,0,1795,1,0,8,0,0
315.03,22,2,0,0,1481,1,0,5,0,0
3363.85,18,3,0,1,856,0,1,4,1,1
564.18,7,3,0,0,1396,1,0,5,0,0
1572.77,11,4,0,0,1317,0,0,9,1,0
272.96,22,1,0,0,313,0,0,7,1,0
4622.57,10,6,0,0,1215,0,0,3,0,0
949.53,20,4,0,0,506,0,0,2,0,0
1465.63,13,3,0,0,171,0,0,9,0,0
11223.67,11,2,0,0,2295,1,0,4,0,0
4996.24,14,1,0,1,984,0,0,6,0,0
807.09,5,2,1,1,2010,0,0,9,0,1
605.94,10,2,0,0,621,0,0,3,0,0
791.92,7,3,1,0,400,0,0,8,1,1
1826.03,18,4,0,0,1497,0,0,3,0,0
987.1,14,1,0,0,547,0,0,5,0,0
738.6,9,2,0,0,2398,0,0,5,0,0
4756.09,19,1,0,0,561,0,0,8,0,0
978.27,10,2,0,0,1948,0,0,5,0,0
10933.53,22,6,0,0,514,2,0,4,0,0
1200.8,14,3,0,0,2282,0,0,3,0,0
6537.55,21,3,0,0,1674,0,0,7,0,0
1567.63,23,3,0,0,1231,0,0,2,0,0
2872.56,7,4,1,0,736,0,0,9,0,1
531.33,6,1,0,0,127,1,0,1,0,0
466.96,20,2,0,0,1298,1,0,7,0,0
1736.64,5,4,0,0,612,1,0,5,0,0
2947.03,18,2,0,0,1032,0,0,5,1,0
1141.68,4,1,0,0,1203,1,0,3,0,0
302.96,20,5,0,0,362,0,0,6,0,0
281.39,16,2,0,0,899,0,1,2,1,0
263.19,12,4,0,0,455,0,0,10,0,0
187.24,10,4,0,0,1151,0,0,3,1,0
1223.52,15,3,0,0,1475,0,0,3,1,0
3378.02,9,3,0,0,2179,2,0,6,0,0
1082.02,9,1,0,0,511,0,0,9,0,1
114.39,4,4,0,0,33,1,0,7,0,1
906.18,3,3,0,1,1506,0,0,6,0,0
931.88,21,1,0,0,529,0,0,4,1,0
8919.53,17,2,0,0,1287,0,0,7,0,0
255.41,10,1,0,0,2420,0,0,9,0,1
741.98,19,6,0,0,984,0,0,1,0,0
6038.15,14,2,0,0,1510,0,0,1,1,0
1719.83,14,3,0,0,2243,0,0,4,0,0
1926.22,2,4,0,0,920,2,0,4,0,0
1229.77,12,1,0,0,379,0,0,8,1,0
1525.3,2,1,0,0,505,0,0,9,0,0
2386.56,16,5,0,0,27,0,0,1,0,0
488.1,1,4,0,0,1073,0,0,7,0,0
2638.74,12,3,0,0,2035,1,0,7,0,1
277.83,8,0,0,0,2022,1,0,6,0,0
1522.89,3,6,0,0,523,0,0,1,0,0
1311.26,11,4,0,0,2451,0,0,2,0,0
592.12,4,2,0,0,1139,0,0,8,0,0
1072.04,5,5,0,0,659,0,0,9,0,0
588.43,21,2,0,0,324,0,0,2,1,0
375.52,8,2,0,0,2014,0,0,2,0,0
770.0,9,3,0,0,2176,0,0,2,0,0
363.58,0,1,0,1,97,1,0,10,0,0
1514.43,7,5,0,0,1562,1,0,5,0,0
347.2,8,2,0,0,1879,0,0,9,0,0
2234.96,17,1,0,1,2432,0,0,10,0,0
336.47,2,1,0,0,2106,1,0,3,0,0
622.48,22,6,0,0,1249,0,0,4,0,0
587.22,3,4,0,0,763,1,0,2,1,0
4126.34,15,2,0,0,2443,0,0,10,0,0
1525.82,0,3,0,0,1765,0,0,5,0,0
887.37,19,3,0,0,650,0,0,8,0,0
1805.73,16,1,0,0,2406,0,0,10,0,0
133.33,20,5,1,0,1163,0,0,8,1,0
1050.34,22,4,1,0,1660,1,0,3,1,0
8082.97,20,4,1,0,1242,0,1,6,0,1
1251.81,14,2,0,0,1482,0,0,8,0,0
1173.7,20,5,0,0,1185,0,0,4,0,0
1897.19,2,4,0,0,207,0,0,6,1,0
2685.45,15,2,0,0,1452,0,0,10,0,0
148.79,23,2,0,0,544,0,0,3,0,0
203.91,9,3,0,0,161,0,0,9,0,0
1353.29,23,2,0,0,680,0,0,9,0,0
536.53,12,2,0,0,2160,0,0,3,0,0
4072.55,11,2,1,0,415,0,0,6,0,0
800.17,7,1,0,0,1775,0,0,3,0,0
158.45,2,3,1,0,231,0,0,9,0,0
308.58,21,2,0,0,1441,0,0,4,0,0
70.13,17,1,0,0,2201,0,1,1,0,0
867.72,9,1,0,0,972,1,0,2,0,0
908.34,23,4,0,0,490,0,0,5,1,1
717.33,4,3,0,0,828,0,0,9,0,0
3225.62,18,2,0,0,2158,0,0,2,0,0
3635.57,10,1,0,1,2265,0,0,10,0,1
924.83,14,3,0,1,2343,0,0,1,0,0
129.71,0,6,0,0,463,0,0,9,1,0
2033.03,14,6,0,0,1039,0,0,9,0,0
1910.96,16,3,0,0,875,0,0,5,0,0
1494.27,23,3,0,0,706,0,0,1,0,0
2926.26,8,1,0,0,632,0,1,4,0,1
342.12,1,2,0,0,1998,0,0,6,0,0
8174.34,1,2,0,0,111,0,0,6,0,0
420.13,3,1,0,0,2446,1,0,8,1,0
2319.77,7,9,0,0,1942,1,0,10,1,0
202.89,19,5,0,0,367,0,0,5,1,0
432.57,4,2,0,0,1425,0,0,5,1,0
4995.88,3,1,0,0,845,0,0,8,1,0
844.8,0,2,0,0,556,0,0,8,0,0
2540.01,9,3,1,0,1924,1,0,7,0,0
1389.86,14,5,0,0,1021,0,0,4,0,0
987.37,6,5,0,0,14,1,0,7,0,0
4289.18,11,2,0,0,930,0,0,7,0,0
865.53,5,3,0,0,947,0,0,3,0,0
184.8,19,2,0,0,794,0,0,4,0,0
491.16,0,3,0,0,308,0,0,3,0,0
1903.01,4,2,0,1,1745,0,0,6,1,1
1628.65,13,7,0,1,2036,0,0,10,0,1
228.82,20,7,0,0,2248,2,0,8,0,0
531.48,9,5,0,0,647,0,0,4,0,0
612.95,1,5,0,0,1333,1,0,6,0,0
760.92,13,4,0,0,1547,1,1,8,0,0
277.02,6,4,1,0,463,0,0,7,0,0
585.01,7,3,0,0,1436,1,0,10,0,0
529.21,22,4,0,0,890,0,0,2,0,0
2372.11,22,3,0,1,2322,1,0,10,0,0
2462.97,6,2,0,0,1847,0,0,6,0,0
947.84,14,3,1,0,196,0,0,10,0,1
740.97,12,3,0,0,677,0,0,9,0,0
1261.33,23,3,0,0,1202,0,1,9,0,0
484.65,22,4,0,0,111,1,0,9,1,0
348.34,8,0,1,0,2237,2,0,2,1,0
428.28,0,3,0,0,2288,1,0,6,0,0
581.25,0,2,0,0,1323,0,0,4,0,0
342.59,0,3,0,0,810,0,1,6,0,1
1289.56,18,4,0,1,2401,1,0,10,0,0
2274.96,17,0,0,0,322,0,0,4,0,0
224.28,19,2,0,0,603,0,0,3,0,0
1124.54,3,7,0,0,1510,1,0,8,0,0
880.13,1,1,1,0,1200,0,0,3,0,0
1543.04,4,2,0,0,469,0,0,5,0,0
1082.54,15,3,0,0,2007,1,0,9,0,0
256.31,0,1,0,0,1248,1,0,9,0,0
310.32,15,2,0,0,1117,0,0,2,0,0
1129.38,21,4,1,0,633,0,1,7,0,0
3068.0,3,2,0,0,627,0,0,2,0,0
119.8,17,2,0,0,2263,0,0,7,1,0
1549.56,13,2,0,0,276,1,0,1,0,0
3603.36,22,1,0,0,894,1,0,1,0,0
941.03,5,5,0,0,2119,0,0,3,1,0
1901.13,5,3,0,0,2190,1,0,5,0,0
542.9,0,3,0,0,356,0,0,10,1,1
973.24,16,3,0,0,1277,0,0,3,0,0
216.82,20,4,1,0,335,0,0,7,0,0
105.18,0,6,0,0,2365,1,0,10,0,0
2815.14,11,3,0,0,967,0,0,1,0,0
409.53,17,1,0,0,1934,0,0,9,0,0
695.39,18,3,0,0,2323,0,0,5,0,0
274.12,22,5,0,0,2088,0,0,3,0,0
267.74,17,1,0,0,1445,0,0,2,0,0
921.65,22,4,0,0,491,0,0,9,0,0
528.7,23,4,0,0,909,0,0,3,0,0
1600.34,22,4,0,0,2232,0,0,4,0,0
1724.23,10,1,0,0,2295,0,0,2,0,0
1511.49,9,3,0,0,865,1,0,4,0,0
1392.14,10,3,0,0,707,0,0,8,0,0
5312.24,22,2,0,0,1354,0,0,6,0,0
377.06,6,3,0,0,64,0,0,2,0,0
1038.01,18,7,0,0,1630,0,0,6,0,0
3403.94,15,3,0,0,896,1,0,5,0,0
3883.69,1,2,0,1,2251,0,0,6,1,0
264.6,11,1,0,0,1575,2,0,7,0,0
802.43,4,5,0,0,734,0,0,6,1,0
4264.67,17,4,0,0,2232,0,0,6,0,0
1822.71,10,3,0,0,1857,0,0,8,0,0
1333.1,8,4,0,1,1558,1,0,6,0,0
882.11,1,2,0,0,1414,0,1,6,1,0
747.1,3,1,0,0,1462,0,0,2,1,0
1462.96,18,2,0,0,467,0,0,8,0,0
852.03,20,2,0,0,1801,1,0,6,0,0
1050.92,6,2,0,0,722,0,0,6,0,0
1186.3,19,1,0,0,522,0,0,1,0,0
556.65,13,2,0,0,2282,0,0,8,1,0
1867.08,8,3,0,0,2220,0,0,2,0,0
20216.3,10,2,0,0,118,1,0,1,0,0
185.49,16,0,1,0,1474,0,0,5,0,0
1516.28,21,2,0,0,856,0,0,7,0,0
512.76,11,4,0,0,1328,1,0,5,0,0
1953.55,8,4,0,0,2179,0,0,8,0,1
1148.9,18,2,0,0,1601,0,0,9,0,0
2349.26,12,7,0,0,1201,1,0,2,1,0
3552.85,9,1,0,0,242,2,0,7,1,0
1329.32,11,3,0,0,500,0,0,10,0,0
3401.77,12,0,0,0,1577,0,0,3,1,0
105.18,3,3,0,0,1144,1,0,1,0,0
5380.05,1,2,0,0,298,1,0,3,1,0
1595.69,15,3,0,0,247,0,0,1,0,0
3222.28,4,4,0,0,1252,0,0,8,0,0
323.8,12,2,1,0,1720,0,0,1,0,0
477.82,18,3,0,0,2056,0,0,1,0,0
1268.94,5,2,0,0,2094,0,0,8,0,0
1078.11,9,2,0,0,367,1,0,7,0,0
1455.45,23,2,0,0,67,0,0,10,0,0
3243.85,0,4,0,0,1006,0,0,2,0,0
187.69,18,5,0,0,365,1,0,1,0,0
2903.93,4,4,1,0,1578,0,0,9,0,0
1105.75,21,5,0,0,1571,0,0,1,0,0
894.46,9,2,0,0,1619,0,0,5,0,0
251.86,0,4,0,0,1130,0,0,10,0,1
1813.56,17,1,0,0,408,0,0,6,0,0
98.09,3,2,0,0,1236,0,0,3,0,0
2097.27,8,4,0,0,832,1,1,9,0,0
246.63,12,3,0,0,2042,1,0,1,0,0
1156.85,17,7,0,0,43,0,0,4,0,0
973.44,10,0,0,0,1627,0,0,10,1,0
3531.71,20,4,0,0,1990,0,1,6,0,0
917.22,11,1,1,0,1599,0,0,10,1,0
547.77,8,4,0,0,2033,0,0,3,1,0
660.76,8,2,0,0,2125,0,0,1,0,0
3916.22,19,3,0,0,1333,0,0,5,0,0
1874.87,15,1,0,0,530,0,0,4,0,0
745.73,3,3,0,0,2444,0,0,8,0,0
865.71,18,2,0,0,97,1,0,10,0,0
228.79,9,1,0,0,276,0,0,4,1,0
1617.24,8,0,0,0,1500,1,0,2,1,0
188.7,2,1,0,0,1596,0,0,1,0,0
2325.75,23,3,0,1,242,0,0,4,1,0
1247.16,1,1,0,1,502,0,0,3,0,0
11931.67,23,2,0,0,742,1,0,5,0,0
364.99,1,0,0,0,872,1,0,6,0,0
989.64,12,8,0,0,2493,0,0,9,1,0
6622.89,2,1,0,0,112,0,0,1,1,0
3609.73,11,1,0,0,1895,1,0,4,0,0
546.64,20,1,0,0,346,0,1,7,0,0
1371.92,14,2,0,0,178,0,0,10,0,0
1098.83,13,5,0,0,913,1,0,9,1,1
1453.83,2,2,1,1,73,0,0,6,0,0
545.29,22,2,0,0,1427,1,0,3,0,0
1002.93,9,3,0,0,512,0,0,3,1,0
221.84,12,4,0,0,1215,0,0,7,0,0
1255.29,21,5,0,0,715,0,0,2,0,0
1719.9,15,5,0,0,2441,0,0,6,0,0
873.56,17,4,0,0,2191,2,0,5,0,0
218.1,4,0,0,0,1999,0,0,6,0,0
2946.97,11,3,0,0,2355,0,0,7,1,0
1578.97,12,1,0,0,132,0,0,6,0,0
530.59,4,2,0,0,412,0,0,1,0,0
828.32,9,7,0,1,69,1,0,6,0,0
244.53,19,4,0,0,489,0,0,4,0,0
393.31,22,2,0,0,2267,0,0,7,0,0
640.46,19,3,1,0,2090,0,0,6,0,0
3745.91,22,6,0,0,1319,2,0,6,1,0
578.53,23,3,0,0,1501,0,0,2,1,0
2080.19,4,1,0,0,2465,1,0,6,0,0
640.14,20,2,0,0,918,1,1,8,1,1
1405.22,14,4,0,0,97,0,0,3,0,0
952.04,20,1,0,0,1047,0,0,7,1,0
2625.58,15,2,0,0,2297,0,0,10,1,0
642.39,2,2,0,0,1322,2,0,9,0,0
227.57,13,5,0,0,1674,1,0,3,1,0
275.35,18,0,0,0,1431,0,0,4,1,0
644.27,2,3,0,0,1195,0,0,2,0,0
314.49,12,3,0,0,927,0,0,2,0,0
1652.78,15,3,0,0,671,0,0,8,1,0
688.3,11,2,0,0,1318,0,0,9,1,0
11785.28,19,2,0,0,1276,3,0,2,0,0
192.92,3,3,0,0,1786,0,0,7,0,0
1344.31,8,3,1,0,1745,0,0,3,0,0
354.97,22,0,0,0,1501,1,0,5,0,0
669.55,12,4,0,0,560,0,0,9,0,0
1263.22,4,3,0,0,1038,0,0,7,0,0
107.19,2,0,0,1,2073,0,0,5,0,0
1389.68,14,3,0,0,873,1,0,7,1,0
7353.32,22,4,0,0,2128,0,0,7,0,0
696.84,1,2,0,0,1396,1,0,6,0,0
1421.98,2,5,0,0,1599,0,0,4,0,0
3056.18,9,4,0,0,1373,0,0,5,0,0
930.8,5,3,0,0,1286,2,0,7,0,0
613.41,2,1,0,0,860,0,0,2,1,0
112.65,7,5,0,1,2263,0,0,9,0,0
2081.81,15,3,0,0,1143,0,0,8,0,1
979.29,19,6,0,0,903,0,0,6,0,0
398.34,7,5,0,0,762,0,0,3,0,0
1244.63,16,3,0,0,1553,0,0,7,0,0
611.75,19,3,0,0,21,1,0,5,0,0
646.5,0,3,0,0,1114,1,0,1,0,0
2010.81,20,1,0,0,2486,0,0,5,0,0
287.61,4,0,0,0,783,0,0,3,0,0
3125.39,16,4,0,0,135,0,0,8,0,0
271.05,18,5,0,0,2316,1,0,7,0,0
565.27,20,1,0,0,2158,0,0,3,1,1
7502.16,9,2,0,1,636,0,0,1,0,0
3385.83,15,2,0,0,1971,0,0,5,0,0
1209.07,0,3,0,0,1592,2,0,6,0,0
428.15,10,0,1,0,842,1,0,7,0,0
645.95,23,3,1,0,694,1,0,8,0,0
1180.01,3,3,0,0,2113,1,0,2,0,0
1138.56,3,0,0,0,1509,0,0,10,0,1
1001.37,16,4,0,0,1982,0,0,4,0,0
1063.34,12,2,0,0,1899,0,0,7,0,0
885.03,10,3,0,0,96,0,0,1,0,0
259.31,5,2,1,0,1130,0,0,10,0,1
654.25,4,3,0,0,2195,1,0,9,0,0
2737.02,17,3,0,0,1086,0,0,10,1,0
279.13,8,0,0,0,759,0,0,6,0,0
907.27,18,3,0,0,1231,0,0,5,0,1
483.11,10,3,0,0,2488,0,0,9,0,0
1225.8,9,5,0,0,1339,0,0,8,0,0
743.5,5,4,1,0,1609,0,0,1,1,0
4804.91,15,3,1,0,1278,0,0,4,0,0
1819.98,6,4,0,0,73,0,0,2,0,0
295.36,21,4,0,0,399,0,0,1,0,0
2145.71,9,6,0,1,2456,0,0,6,0,1
505.4,19,0,0,1,1495,0,0,3,0,0
615.85,11,0,0,0,365,0,0,4,0,0
1500.9,9,2,0,0,1900,0,0,7,0,0
670.65,10,3,0,0,702,0,0,1,1,0
2678.08,10,8,0,0,1830,1,0,5,0,0
505.47,11,6,0,0,2312,0,0,6,0,0
590.55,21,2,1,0,1654,0,0,6,0,0
568.86,16,4,0,0,2155,0,0,7,0,0
622.88,0,6,1,0,986,1,0,4,0,0
3291.81,1,1,0,1,2230,0,0,10,0,0
2056.57,0,2,0,0,1333,0,0,4,0,0
6062.9,16,2,0,0,2161,0,0,1,0,0
10589.78,4,4,0,0,1971,0,0,2,0,0
391.23,9,4,0,0,2355,0,0,1,0,0
1176.64,19,2,0,0,347,0,0,3,1,0
338.25,3,2,0,0,1235,0,0,1,0,0
503.91,3,3,0,0,1200,0,0,5,0,0
584.01,1,4,0,0,1048,1,0,10,0,0
381.02,6,7,0,0,1167,1,0,2,1,0
383.03,2,5,0,0,894,0,0,8,0,0
949.29,15,2,0,0,1581,0,0,7,0,0
324.82,17,4,0,0,1116,0,0,9,0,0
2545.61,4,2,1,0,1804,0,0,6,0,0
438.01,12,4,0,0,163,0,1,5,0,0
18207.14,7,2,0,0,545,0,0,3,0,0
698.28,1,2,0,1,2151,0,0,1,1,0
1178.52,11,6,0,0,463,0,0,8,1,0
300.26,16,1,0,0,1829,0,0,6,0,0
6039.59,5,1,0,0,380,0,0,2,0,0
3359.34,18,3,1,0,1196,0,0,6,1,1
1475.74,23,2,0,1,1595,1,0,1,0,0
285.2,1,2,0,0,1782,4,0,4,0,0
1353.79,3,6,0,0,1494,1,0,8,0,0
357.3,6,3,0,0,2070,0,1,7,0,0
4733.19,20,4,0,0,448,1,0,7,0,0
2463.15,3,5,0,0,354,0,0,9,1,1
1206.45,11,9,0,0,1498,1,0,2,0,0
95.93,12,4,0,0,1517,0,0,3,0,0
410.18,3,2,1,0,1960,1,0,5,0,0
2181.49,1,2,0,0,812,0,0,7,0,0
3688.16,2,2,0,0,374,1,0,2,1,0
3324.82,1,4,0,0,690,0,0,8,0,0
223.18,12,1,0,0,518,1,0,5,1,0
1482.6,22,1,0,0,1136,1,0,10,0,0
3027.57,8,2,0,0,553,0,0,2,0,0
208.86,6,4,0,0,324,0,0,2,1,0
1088.0,5,1,0,0,1659,1,0,10,0,0
1442.08,23,0,0,0,254,2,0,2,1,0
811.78,23,2,0,0,2239,1,0,5,0,0
172.06,15,3,0,0,1608,0,0,7,1,0
791.79,11,3,0,0,133,1,0,1,0,0
790.52,3,1,0,0,355,0,0,6,0,0
945.7,22,3,1,0,2147,0,0,9,0,0
624.24,0,4,0,0,2323,1,0,8,1,0
704.15,3,2,0,1,1032,0,0,10,0,0
1053.94,16,1,0,0,2296,0,0,3,0,0
1706.93,4,2,0,1,2083,0,0,8,0,0
808.82,2,1,0,0,1645,0,0,8,0,0
728.04,14,0,0,0,2080,0,0,1,0,0
1202.74,0,2,1,0,2246,0,1,3,0,1
160.63,6,5,0,0,1612,0,0,10,0,0
1766.99,15,0,0,0,627,0,0,7,0,0
1096.02,4,0,0,1,607,0,0,5,0,0
1141.04,18,3,0,0,644,1,0,10,0,0
2866.18,2,5,0,0,73,1,0,9,0,1
155.58,14,6,0,0,1851,0,0,10,0,0
152.35,1,2,0,0,425,0,0,4,0,0
1442.03,17,3,0,0,1302,1,0,2,0,0
1088.86,18,2,0,0,804,1,1,1,1,1
1300.07,19,1,0,0,2028,1,0,6,0,0
690.82,6,2,0,0,1928,1,0,4,0,0
2131.02,5,1,1,0,1120,0,0,6,0,0
2786.77,23,1,0,0,1783,0,0,10,0,0
1779.31,17,0,0,0,231,0,0,3,0,0
844.86,4,3,0,0,1308,0,0,1,0,0
133.26,0,3,1,0,305,0,0,2,0,0
2366.66,8,2,0,0,81,1,0,6,1,0
3720.93,15,1,0,0,726,0,0,6,0,0
2089.25,8,2,0,0,294,0,0,8,0,0
455.03,19,1,0,0,765,0,0,9,0,0
2151.23,12,2,0,0,2320,1,0,3,1,0
2592.89,23,4,1,0,1995,0,0,10,0,1
5212.51,20,1,0,0,1797,1,1,5,0,0
456.64,11,2,0,0,1285,1,0,1,0,0
874.41,20,2,0,0,2286,0,0,9,0,0
2315.25,10,2,0,0,1735,1,0,8,0,0
1161.43,0,2,0,0,1350,0,0,4,0,0
358.77,7,3,0,0,484,1,0,6,0,1
1660.07,9,5,0,0,139,1,0,6,0,0
1956.01,23,3,0,0,2302,0,0,5,0,0
1197.47,19,4,0,0,1953,0,0,9,0,0
1365.92,3,2,0,0,229,1,1,5,1,0
846.66,0,3,0,0,2474,0,1,6,0,0
4809.17,12,2,0,0,1457,1,0,5,1,0
445.55,12,7,0,0,1276,2,0,6,1,0
609.52,17,8,0,0,836,0,0,4,0,0
1108.75,6,1,0,1,219,1,0,4,0,0
2641.11,19,2,0,0,1817,1,0,2,0,0
245.34,9,1,0,0,1598,1,0,8,1,0
295.81,8,2,0,0,470,0,0,7,0,0
142.92,10,3,0,0,1893,1,0,10,0,0
1133.08,22,5,0,1,1497,1,0,5,1,0
358.42,9,3,0,0,2077,0,0,4,0,0
746.54,13,4,0,0,2071,0,0,7,0,0
2124.68,21,4,0,0,1879,0,0,4,1,0
577.35,0,3,1,0,1570,0,0,3,0,0
1381.99,12,3,0,0,2447,1,0,3,1,0
812.94,17,8,0,0,708,0,0,2,1,0
2147.62,21,2,0,0,959,0,0,4,0,0
1763.63,1,5,1,0,2298,0,0,9,0,0
548.98,17,2,0,0,1851,0,0,2,0,0
926.44,19,3,0,0,1906,0,0,10,0,0
3114.25,8,6,0,1,1805,0,0,3,0,0
1625.18,17,4,1,1,755,0,0,5,0,0
271.25,11,3,0,0,958,0,0,10,0,0
2112.48,15,2,0,0,70,2,0,1,0,0
370.7,9,1,0,0,2231,0,0,10,1,0
4503.06,4,0,0,1,873,0,0,10,0,0
3053.67,19,3,0,0,597,0,1,8,0,0
1465.4,5,3,0,0,1449,0,0,5,0,0
1283.35,4,2,0,0,1696,1,0,5,0,0
889.77,21,6,0,0,1182,1,0,7,0,0
2161.43,22,4,0,0,1016,0,0,10,0,0
756.89,14,2,0,0,633,0,0,1,1,0
1387.93,13,4,0,0,700,0,0,4,1,0
2622.63,8,0,0,0,2282,0,0,3,1,0
625.28,14,1,0,0,284,0,0,3,0,0
592.18,14,2,0,0,1399,0,0,5,0,0
332.17,12,5,0,0,19,0,0,9,0,0
378.24,15,3,0,1,1234,0,0,6,0,0
176.2,13,2,0,0,559,0,0,1,0,0
2275.21,21,0,0,0,2300,0,0,4,0,0
6693.65,16,2,0,0,1796,0,0,8,0,0
4561.14,9,3,0,0,2286,0,0,9,0,0
215.71,15,4,0,0,1175,1,0,2,0,0
2263.92,5,2,0,0,1073,0,0,5,1,1
4546.47,5,7,0,0,1911,0,0,6,0,0
694.5,19,3,0,0,684,1,0,5,0,0
1213.72,13,1,1,0,2425,0,0,8,1,0
147.25,1,5,0,0,1419,1,0,1,0,0
1431.87,8,5,0,1,381,1,1,5,1,1
378.58,23,7,0,1,1396,1,0,5,0,0
1338.94,15,2,0,0,867,1,0,2,1,0
230.17,20,0,0,0,2078,0,0,6,1,0
1887.22,13,3,0,0,516,1,0,5,0,0
3054.93,1,2,1,0,1668,0,0,1,0,0
501.11,4,5,0,0,1464,1,0,5,0,0
351.81,2,1,0,0,326,0,0,4,0,0
126.97,17,6,0,0,1915,1,0,6,0,1
840.16,18,5,0,0,259,0,0,4,0,0
613.03,10,5,0,0,535,1,0,3,0,0
232.52,17,4,0,0,805,0,1,8,0,0
1725.06,13,4,0,0,1998,0,0,4,0,0
699.26,17,1,0,0,446,0,0,1,0,0
374.0,16,2,0,0,98,0,0,5,0,0
629.82,10,5,0,1,378,0,0,4,1,0
3201.28,15,4,0,0,1621,1,0,2,1,0
2004.07,7,3,0,0,1417,0,0,1,1,0
962.92,17,3,0,0,2119,0,0,6,1,1
2036.74,21,2,0,0,48,0,0,10,0,0
343.47,4,4,0,0,2294,0,0,3,0,0
1132.71,16,3,1,0,1735,0,0,9,0,1
1270.7,2,6,0,0,889,0,0,10,1,0
685.51,9,2,1,0,1360,0,0,10,1,1
1695.03,16,4,1,0,269,0,0,7,0,0
502.49,6,1,0,0,1535,1,0,10,1,0
1825.89,5,5,0,0,1252,0,0,6,0,0
1904.28,9,1,0,0,2176,0,0,6,0,0
59.31,2,3,0,0,1164,0,0,7,1,0
3605.82,15,4,0,0,2106,0,1,5,0,0
52.06,3,2,0,0,1563,0,0,2,0,0
592.26,7,2,0,0,2277,0,0,7,0,0
3057.49,7,4,0,0,1451,0,0,3,0,0
798.48,23,5,0,0,82,0,0,6,1,0
253.11,23,2,0,0,497,1,0,3,0,0
367.33,1,2,0,1,95,1,0,10,0,1
3062.25,3,4,0,0,114,0,0,5,0,0
160.53,17,4,0,0,359,0,0,4,0,0
3391.38,7,1,0,0,2425,0,0,10,0,0
1037.84,15,6,0,0,364,0,0,10,0,0
332.82,22,3,0,0,1031,0,1,6,0,0
612.09,3,2,0,0,2418,0,0,1,0,0
396.54,23,9,1,0,1437,1,0,8,0,0
2607.7,1,5,0,0,1076,1,0,1,1,0
2281.13,5,4,0,1,92,0,0,4,0,0
196.53,12,1,0,1,421,0,0,8,1,0
732.46,21,2,0,0,435,0,0,6,1,0
462.58,13,4,0,0,1612,0,0,7,1,0
3997.84,3,5,0,0,1231,1,0,2,0,0
284.26,5,5,0,0,1610,0,0,3,0,0
5454.68,18,3,1,0,1132,0,0,5,1,0
1060.72,13,0,0,0,1362,0,0,6,0,0
343.11,0,1,0,0,619,0,0,2,0,1
557.09,12,2,0,0,85,0,0,1,0,0
491.95,9,1,0,0,2006,0,0,8,1,0
306.55,0,4,0,0,1040,2,0,10,1,0
1205.71,5,0,0,0,2267,2,0,2,1,0
321.21,22,2,0,0,565,0,0,9,0,0
123.92,16,2,1,0,727,0,0,3,0,0
750.19,1,4,0,0,985,0,0,8,1,0
180.76,0,4,0,0,1727,0,1,10,0,1
516.89,8,2,0,0,253,0,0,6,0,0
441.82,11,0,0,0,401,0,0,10,0,0
458.88,10,4,0,0,396,0,0,2,0,0
8110.89,16,3,0,0,261,0,0,7,0,0
1160.27,4,3,0,0,906,0,0,6,0,0
1401.6,1,3,0,0,448,0,0,8,0,0
185.6,16,3,0,0,1826,0,0,7,1,0
570.23,21,2,0,0,371,0,0,10,0,1
1360.09,4,3,0,0,26,1,0,3,0,0
393.65,8,2,0,1,1222,1,0,10,0,1
2719.12,15,2,0,0,387,1,0,8,1,0
329.41,3,2,0,0,524,2,0,1,1,0
823.56,20,4,0,0,1338,3,0,4,0,0
610.3,5,1,0,1,641,0,0,1,0,0
1292.48,12,0,0,0,196,0,0,1,0,0
577.96,8,3,0,0,558,0,0,9,0,0
836.4,16,3,0,0,2229,0,0,3,0,0
865.99,4,2,0,0,1606,1,0,2,0,0
526.16,2,3,0,0,895,0,0,5,1,0
1781.29,12,5,0,0,2305,0,0,6,0,0
1391.85,20,4,0,0,1508,0,0,9,0,1
1003.64,15,1,0,0,694,0,0,10,0,1
713.04,18,4,0,0,308,1,0,1,0,0
2432.18,10,2,0,0,612,0,0,1,0,0
866.24,3,3,0,0,2449,0,0,2,0,0
806.98,10,0,0,0,310,0,0,1,0,0
1217.66,23,2,0,1,1567,1,0,6,0,0
5982.46,18,1,0,0,2462,0,0,4,0,0
287.05,16,3,0,0,1503,1,0,4,0,0
2368.13,7,3,0,0,2059,0,0,2,0,0
165.15,14,3,0,0,1221,1,0,2,0,0
1362.77,14,2,0,0,914,0,0,1,1,0
5297.99,15,5,0,0,563,0,0,5,0,0
1787.67,21,7,0,0,55,0,0,3,0,0
1300.66,16,5,0,0,1401,0,0,3,0,0
626.13,5,2,0,0,1323,0,0,5,1,0
1131.21,5,2,1,0,2060,0,0,8,0,0
852.3,14,5,0,0,486,0,0,10,0,0
499.71,20,5,0,0,639,0,0,5,0,0
820.67,22,3,0,0,35,3,0,2,0,0
1337.26,14,4,1,0,1176,1,0,7,0,0
509.17,12,4,0,0,981,0,0,10,1,0
489.66,19,3,0,0,149,0,0,2,0,0
281.39,23,3,0,0,1653,0,0,6,0,0
1620.88,0,3,0,0,543,2,0,5,0,0
1891.87,7,2,0,0,1963,1,0,10,0,0
1382.52,8,2,0,0,1666,0,1,1,0,0
2878.92,13,4,0,0,646,0,0,7,1,0
1197.35,7,4,0,0,482,0,0,2,0,0
1622.97,7,4,0,0,1210,0,0,7,0,0
1485.99,0,2,0,1,2059,0,0,6,0,0
1000.7,0,1,0,0,1819,0,0,3,0,0
644.95,10,3,0,0,650,0,0,8,0,0
10038.2,23,1,0,0,2474,0,0,5,0,0
697.88,7,5,1,0,392,0,0,4,0,1
563.47,5,5,0,0,2303,0,0,3,0,0
1692.58,6,6,0,0,427,2,0,6,0,0
1410.72,23,2,0,0,784,1,0,4,0,0
269.13,15,1,0,0,1405,1,0,7,0,0
3370.03,15,3,0,0,1032,0,0,5,0,0
998.05,4,3,0,0,244,1,0,7,0,0
361.07,21,2,0,0,2319,1,0,5,0,0
3600.34,4,5,1,0,1123,0,0,1,0,0
2050.17,23,0,0,0,1408,1,0,7,1,0
309.65,22,1,0,0,2229,0,1,10,0,0
6484.58,13,0,0,0,28,1,0,5,0,0
2119.21,20,3,0,0,1213,0,0,7,0,1
1085.51,23,4,0,1,1791,0,0,7,0,0
5378.79,13,1,0,0,1961,0,0,8,0,0
1286.01,18,4,0,0,1158,1,0,4,0,0
1066.26,14,3,0,0,1519,0,0,3,0,0
566.63,12,2,1,0,1901,1,0,8,0,0
1962.26,8,1,0,0,516,0,0,5,1,0
1766.23,15,7,0,0,2284,2,0,2,0,0
1112.85,6,6,0,0,1756,0,0,3,1,0
497.71,4,4,0,0,927,0,0,8,0,0
1248.79,6,1,0,0,378,0,0,2,1,0
1022.7,0,1,0,0,1162,0,0,4,0,0
289.03,22,2,0,0,1182,1,0,3,0,0
251.69,6,4,0,0,1099,0,0,5,1,1
1929.76,19,3,0,0,1358,1,0,2,0,0
81.3,10,3,0,0,965,0,0,8,0,0
1346.7,8,0,0,0,1478,0,0,7,0,0
679.88,5,2,0,0,1208,0,0,3,0,0
4057.19,19,5,0,0,2194,0,1,7,0,1
669.5,12,4,0,0,1554,0,0,8,1,0
2120.66,10,11,0,0,1520,1,0,6,0,0
737.37,15,7,0,0,21,1,0,4,0,0
1228.74,19,6,0,0,723,0,0,6,0,0
2291.21,15,4,0,0,2167,0,0,7,1,0
690.52,11,4,0,0,849,0,0,1,0,0
2970.71,21,3,0,0,2176,0,0,10,0,0
405.98,21,4,0,0,304,0,0,7,0,0
1472.32,23,6,0,0,462,1,0,10,0,0
2759.04,2,0,0,1,130,0,1,10,0,0
2121.84,21,2,0,0,298,0,1,7,0,0
7453.54,4,3,0,0,191,0,0,10,0,0
511.1,14,4,0,0,1770,0,0,3,1,0
276.12,15,4,1,0,1657,2,0,10,0,1
405.72,4,3,0,0,2380,0,0,5,1,0
2122.7,0,4,0,0,218,1,0,4,0,0
1804.29,22,5,0,0,372,0,1,2,1,0
1214.71,21,3,0,0,1504,0,0,3,1,0
356.75,4,5,0,0,2052,0,0,7,0,0
2361.06,14,5,0,0,1581,0,1,2,0,0
322.24,3,0,0,0,2375,0,0,5,0,0
3494.51,13,3,0,0,1769,1,0,8,0,0
19099.9,7,0,0,0,2049,1,0,6,0,0
1582.01,18,5,1,0,508,1,0,6,1,0
1964.73,13,6,0,0,1375,1,0,8,0,0
669.91,11,7,0,0,826,0,0,1,0,0
179.43,16,3,0,0,2304,0,0,9,0,0
600.21,11,5,0,0,1993,0,0,9,0,0
367.64,0,2,0,0,32,1,0,2,1,0
258.01,14,2,0,0,604,0,0,6,0,0
6138.65,18,4,1,1,2156,0,0,7,0,0
1440.67,11,2,1,0,2489,0,0,1,0,0
1603.09,4,6,0,0,1732,0,0,5,0,0
805.11,0,2,0,1,1874,0,0,5,0,1
922.54,7,4,0,1,974,0,0,5,0,0
2877.14,18,3,0,0,2294,0,0,3,0,0
1061.74,7,6,0,0,2151,1,0,7,0,0
1864.4,22,2,0,0,1760,0,0,5,0,0
901.44,7,1,0,0,1843,0,0,10,0,0
778.87,10,3,0,0,290,0,0,10,0,0
268.56,18,1,0,0,1990,0,0,10,1,0
151.75,14,3,0,0,2267,0,0,6,1,0
844.24,0,5,0,0,713,0,0,4,0,1
1160.37,1,0,0,0,2138,0,0,7,0,0
303.04,4,3,0,0,1438,1,0,8,0,0
1059.47,20,3,0,0,2485,0,0,8,0,0
1157.19,0,5,0,0,897,0,1,1,0,0
126.98,1,5,0,0,2154,0,0,1,1,0
439.17,18,0,0,0,1639,0,1,7,1,0
1647.91,14,4,0,0,1148,0,0,10,0,0
1614.95,23,2,0,0,1850,0,0,6,0,0
345.96,5,2,0,0,1007,0,0,9,0,0
1284.92,15,8,0,0,1617,0,0,8,0,0
3048.51,3,1,0,0,1246,0,1,6,0,0
2385.28,14,1,0,0,2197,0,0,6,0,0
996.96,2,2,0,1,1370,1,0,10,1,0
686.79,21,4,0,0,321,1,0,6,1,0
584.44,9,5,0,0,1677,0,0,2,0,0
1750.79,6,3,0,0,1381,2,0,8,0,0
1332.89,23,3,0,0,1540,0,1,6,0,0
2057.82,1,3,0,0,1341,0,0,1,0,0
1251.22,19,6,0,0,1991,0,0,2,0,0
2486.83,12,3,0,0,1872,0,0,8,0,0
1205.43,16,2,0,0,1788,0,0,5,0,0
2403.52,6,5,0,0,1209,2,0,6,0,0
2619.72,21,1,0,0,681,0,0,9,0,0
490.52,10,4,0,0,635,0,0,2,0,0
179.8,10,3,0,0,752,0,0,2,0,0
5133.24,10,4,0,0,635,0,0,3,1,0
1417.51,7,5,0,0,1828,0,0,8,0,0
197.46,7,3,1,0,837,0,0,3,0,0
537.1,3,2,1,0,2266,1,0,10,0,1
2372.91,11,6,0,0,1038,1,0,9,0,0
829.09,11,4,0,0,2019,0,0,4,0,0
657.17,9,1,0,0,1712,2,0,9,0,0
4450.99,23,3,0,0,2488,0,0,9,1,0
384.8,2,2,0,0,1050,0,0,10,0,0
493.66,21,4,0,1,247,1,0,8,0,1
1354.77,20,4,0,0,550,0,0,8,1,0
1620.44,0,4,0,0,293,0,0,2,0,0
1801.44,16,2,1,0,341,0,0,9,0,0
2727.77,5,3,0,0,2039,0,0,8,1,1
1337.53,0,2,0,0,1761,3,0,10,0,0
1788.95,20,4,0,0,919,1,0,1,1,0
846.23,2,4,0,0,279,0,0,8,0,1
1167.59,7,5,0,0,2236,0,0,1,0,0
1221.13,2,4,0,0,742,1,0,6,0,1
1359.81,3,2,0,0,1365,0,0,1,0,0
2374.49,1,3,1,0,532,0,0,8,0,0
1910.55,20,1,0,0,1675,0,0,5,0,0
1146.21,1,3,0,1,211,0,1,4,0,0
488.27,18,2,0,0,795,0,0,2,0,0
1173.41,3,1,0,0,2211,0,1,7,0,0
1066.33,21,4,0,0,47,0,0,2,0,0
1330.33,20,3,0,1,180,0,0,9,1,0
9961.92,15,3,0,1,1473,0,0,6,0,0
649.52,19,0,0,0,592,0,0,2,0,0
1672.86,7,2,1,0,858,0,0,2,1,0
3192.19,18,3,0,0,426,0,0,2,0,0
1209.55,5,2,0,0,309,1,0,8,0,0
11359.9,14,0,0,0,2132,0,0,9,0,0
751.42,22,3,0,0,1640,0,0,7,1,0
1516.39,17,2,0,0,2238,2,0,4,0,0
493.34,6,4,0,0,2337,0,0,5,0,0
771.61,17,4,0,0,1385,0,1,2,0,0
1406.6,21,1,1,0,134,0,0,3,0,0
2556.27,21,0,0,0,1752,0,1,1,1,0
1508.84,17,1,0,0,2055,0,0,10,1,0
3862.67,17,3,0,0,2109,1,1,5,0,0
997.28,18,4,0,0,1903,1,0,4,0,0
786.69,17,3,0,0,772,1,0,6,0,0
16382.76,3,2,0,0,89,0,0,8,0,0
1626.58,19,2,0,0,1294,1,0,4,0,0
534.07,4,2,0,0,1854,1,0,5,1,0
547.7,13,8,0,0,19,0,0,7,0,0
427.23,8,3,0,0,1781,0,0,1,0,0
2797.75,5,5,1,0,623,0,0,8,0,0
761.75,6,2,0,0,263,1,0,2,0,0
1245.59,2,1,0,0,1309,0,1,3,1,0
1029.15,10,4,0,0,2343,0,0,3,0,0
2279.0,10,4,1,1,837,0,0,2,0,0
470.25,9,5,0,0,1340,0,0,7,0,0
374.06,2,4,0,0,357,0,1,7,0,0
1372.37,14,1,0,1,1369,0,0,4,0,0
2000.11,4,4,0,0,232,0,0,7,0,0
1529.25,20,5,0,0,2322,0,0,6,1,0
488.11,0,1,0,0,2126,1,0,8,1,0
2159.18,1,5,0,1,775,0,0,3,1,0
521.2,7,2,0,1,1878,0,0,2,1,0
650.97,9,0,0,0,1380,0,0,5,1,0
426.69,23,5,0,0,1965,0,1,3,0,0
4028.54,12,2,0,0,569,1,0,9,0,0
2066.11,9,3,0,0,1703,0,0,9,1,0
2008.2,20,2,0,0,2321,1,0,6,0,0
3816.97,5,4,0,0,437,0,0,2,1,0
18263.31,21,4,1,0,1356,0,0,3,0,0
198.5,9,6,0,0,1841,0,0,1,0,0
524.07,7,4,0,0,1867,0,0,4,0,0
592.19,7,2,0,0,1391,0,0,2,0,0
468.33,0,5,0,0,1426,0,0,2,0,0
373.31,16,5,0,0,39,0,1,6,0,1
812.69,13,1,0,0,1469,0,1,7,0,0
324.86,15,3,0,0,127,0,0,3,0,0
1533.09,15,5,0,0,504,2,0,2,0,0
1154.82,0,5,0,0,549,0,0,9,0,1
1774.06,21,4,0,0,1420,0,0,5,1,0
1822.07,12,1,0,0,1970,0,0,6,1,0
2004.21,16,4,0,0,867,1,0,10,0,0
754.9,0,2,1,0,1500,0,0,4,0,0
9146.65,18,6,0,0,1065,0,0,1,0,0
1386.35,16,7,0,0,1494,0,0,4,0,0
170.29,8,6,0,0,285,2,1,10,0,1
402.47,22,3,0,0,2468,0,0,3,0,0
192.38,15,4,0,0,842,0,0,7,0,0
1115.81,21,4,0,0,1239,0,0,10,0,0
970.87,19,4,0,0,1393,0,0,2,0,0
686.48,4,1,0,0,1150,1,0,7,0,0
8192.1,23,0,0,0,1121,0,1,2,0,0
1898.81,17,7,0,0,1156,0,0,9,0,0
2266.74,4,3,0,0,2131,0,0,9,0,0
432.22,19,5,0,0,779,0,0,10,0,0
403.77,10,4,0,0,1103,0,0,5,0,0
1137.75,20,2,0,0,547,0,0,8,1,0
1303.76,4,3,0,0,1749,0,0,5,0,0
171.35,6,0,1,0,178,0,0,7,0,0
915.7,8,5,0,0,1373,1,0,8,1,0
1112.17,10,5,1,0,782,1,0,10,1,1
884.35,15,3,0,0,1080,0,0,4,0,0
486.19,5,2,0,0,294,2,0,9,0,0
639.36,16,5,0,0,1040,0,0,7,0,0
918.87,0,3,0,0,373,0,0,5,0,0
1200.87,7,5,0,0,2201,0,1,9,1,0
2007.79,15,3,0,0,1452,1,0,6,1,0
3232.0,6,3,1,0,2235,0,0,2,1,0
817.01,10,4,0,0,558,0,0,7,0,0
694.95,14,1,0,0,948,2,0,1,0,0
1698.76,5,2,0,0,419,0,0,8,0,0
2019.98,23,7,0,0,1125,0,0,1,0,0
710.38,20,3,1,0,1316,0,0,2,1,0
2417.27,23,4,0,0,202,0,0,8,0,0
2920.72,11,1,0,0,23,0,0,4,1,0
3990.56,8,1,0,0,42,0,1,9,1,0
6491.97,23,2,0,0,1437,1,0,9,0,0
461.09,17,5,0,0,1454,0,0,2,0,0
1111.98,19,2,0,0,963,1,0,10,1,0
1109.07,4,1,0,0,6,0,0,7,0,0
994.19,20,3,1,0,717,0,0,7,0,1
572.91,12,5,0,0,313,1,0,8,0,0
248.25,18,3,0,0,158,0,0,6,0,0
1203.13,19,3,1,0,543,1,0,9,0,0
508.59,2,4,0,0,599,1,0,2,0,0
1195.11,2,3,0,0,327,1,0,6,0,0
495.69,1,2,1,1,1894,1,0,8,1,0
365.16,15,3,0,0,2377,0,0,8,0,0
1386.17,21,4,0,0,1055,2,0,6,1,0
1275.28,0,4,0,0,726,0,0,4,0,0
1957.22,3,4,0,0,1607,0,1,9,0,0
9758.21,11,1,0,0,1012,0,0,6,0,0
1447.06,9,1,0,1,2115,0,0,3,0,0
1781.27,2,1,0,1,1935,0,0,10,0,0
373.32,14,5,0,0,2108,0,0,7,0,0
302.81,21,3,0,0,527,0,0,8,0,0
5339.19,5,2,0,1,2025,0,0,3,0,0
435.51,0,3,0,1,939,1,0,1,0,0
386.08,5,5,0,0,352,0,0,2,0,0
1054.58,4,6,0,0,1265,0,0,2,0,1
1002.05,11,3,0,0,1748,2,0,5,0,0
444.74,2,1,0,0,1926,1,0,7,0,0
808.38,8,2,0,0,457,0,0,6,0,0
3749.49,2,2,0,0,1805,1,0,1,0,0
489.8,16,2,0,0,1610,0,0,10,0,0
272.14,11,2,0,1,2392,0,0,5,0,0
2814.65,1,3,1,0,1079,0,0,10,0,1
1794.17,1,2,0,0,1792,0,1,10,1,1
589.62,11,2,0,0,2339,0,0,8,0,0
225.39,14,2,0,0,1684,1,0,8,0,0
520.81,4,4,1,0,951,1,0,3,0,0
1038.25,7,5,0,0,2298,0,0,4,0,0
3518.09,14,2,0,0,2035,0,0,9,0,0
388.94,11,0,0,0,75,1,0,3,0,0
1007.75,2,1,0,0,560,0,0,1,0,0
2154.14,9,1,0,0,1451,0,0,4,0,0
101.37,4,7,0,0,63,0,0,6,0,0
3083.39,22,6,0,0,572,0,0,4,0,0
336.15,19,5,1,0,1896,1,0,6,0,1
1528.43,7,6,0,0,1068,0,0,3,0,0
1403.44,5,10,0,0,1768,0,0,8,0,0
3244.08,3,1,0,0,1205,1,0,4,0,0
1902.5,17,5,0,0,478,1,0,3,0,0
101.77,22,2,0,0,2444,1,0,3,0,0
500.31,6,8,0,0,531,3,0,9,0,0
1259.17,15,0,0,0,827,0,0,7,0,0
902.37,5,3,0,0,2242,0,0,2,0,0
1768.01,22,4,0,0,855,1,0,1,0,0
2414.79,7,6,0,0,1086,1,0,2,0,0
2015.16,2,3,0,0,1090,0,0,2,0,0
885.12,21,0,0,0,1422,0,0,5,0,0
173.06,22,2,0,0,1890,0,0,7,0,0
695.42,9,5,0,0,284,0,0,7,0,0
1662.98,21,4,0,0,1013,0,0,1,0,0
368.54,5,1,0,0,270,0,0,5,0,0
2061.68,6,4,0,0,1396,1,0,4,0,0
2720.02,12,4,0,0,1888,1,0,1,0,0
1244.97,14,1,1,0,1107,1,1,1,1,0
51.22,9,3,0,1,782,1,0,5,0,0
305.49,19,2,0,0,817,1,0,10,1,0
7231.41,18,6,0,0,1834,1,0,3,1,0
634.9,2,3,0,0,2386,2,0,10,0,0
150.79,23,2,0,0,251,0,1,10,1,1
3771.57,3,2,0,0,864,0,0,8,0,0
1111.38,12,3,0,1,35,0,0,7,0,0
3310.78,10,4,1,0,2352,0,0,8,1,0
1446.58,10,6,0,0,1040,2,0,3,0,0
1734.65,3,1,0,0,1913,0,0,5,0,0
1576.57,8,3,0,0,980,0,0,8,0,0
2202.81,0,1,0,0,1179,0,0,6,0,0
10693.92,23,2,0,0,2413,1,0,2,0,0
2895.77,3,2,0,0,219,0,0,3,0,0
225.8,11,2,0,0,77,1,0,6,1,0
1714.13,5,1,0,0,2199,1,0,1,0,0
3434.0,4,2,0,1,1545,2,0,1,1,0
3650.8,9,1,0,0,2141,3,1,7,0,0
715.8,23,5,0,0,2051,1,0,2,0,0
3515.53,11,2,0,0,1517,0,0,2,0,0
2773.16,23,2,0,0,871,3,0,10,0,0
14364.53,19,4,0,0,866,3,0,10,0,0
518.01,10,7,0,0,1715,0,0,4,1,0
660.24,21,5,0,0,189,1,0,10,0,0
807.45,8,5,0,0,1973,0,0,2,1,0
671.68,12,0,0,0,1519,0,1,7,0,0
450.33,16,5,0,0,727,0,0,4,1,0
69.22,14,2,0,0,1088,0,0,5,0,0
710.03,19,2,0,0,1998,0,0,8,0,0
1586.61,3,2,0,0,13,0,0,3,1,0
669.67,11,1,0,0,2422,0,0,7,0,0
7596.03,15,4,0,1,1022,0,0,8,0,1
1111.4,7,3,0,0,782,1,0,1,0,0
3987.94,20,1,0,0,607,0,0,2,0,0
1424.28,7,3,0,0,487,0,0,7,0,0
2505.91,7,2,0,0,960,0,0,6,0,0
1449.89,7,3,0,0,2289,2,0,10,0,0
4310.39,16,5,0,0,2428,0,0,7,0,0
1159.73,2,3,0,1,53,0,0,5,0,0
1801.04,3,4,0,0,443,0,0,5,1,0
1581.82,18,5,0,0,334,0,0,1,1,0
821.98,4,3,0,0,1759,0,0,10,0,0
1644.16,2,3,0,0,970,1,0,2,0,0
10243.37,6,4,0,0,1498,0,0,5,0,0
836.82,9,4,0,0,1709,0,0,8,0,0
1668.14,0,4,0,0,2430,0,0,6,0,0
3857.52,20,2,0,0,2325,0,1,7,0,0
3429.79,2,0,0,0,2171,1,0,4,0,0
1109.56,9,2,0,0,1342,1,0,4,0,0
101.15,4,2,0,0,741,0,0,9,0,0
1838.5,7,1,0,0,1956,0,0,5,1,0
119.17,1,0,0,0,2349,0,0,2,0,0
4769.22,22,4,0,0,675,1,0,6,0,0
1299.16,22,2,0,0,898,1,1,10,0,0
2979.99,3,3,0,0,1719,0,0,1,0,0
444.92,4,5,0,0,1696,2,0,4,0,0
232.18,21,3,0,0,633,0,0,8,0,0
1423.33,9,8,0,0,142,1,0,10,0,1
1060.39,1,5,0,0,2150,0,0,3,1,0
670.79,3,3,1,1,1850,0,0,10,0,0
1193.52,9,4,1,0,896,0,0,2,0,0
17455.95,13,5,0,0,338,0,0,2,0,0
2526.34,15,3,0,0,1817,2,0,3,0,0
3132.22,3,4,1,0,379,0,0,6,0,0
2550.23,8,0,0,0,967,0,0,1,0,0
4814.86,6,2,0,0,863,1,0,3,1,0
906.81,12,5,0,0,1446,1,0,10,0,0
140.5,7,2,0,0,1580,0,0,7,0,0
908.15,4,4,1,0,1578,0,0,8,0,1
2469.41,19,5,0,0,2164,1,0,6,1,0
415.8,13,4,0,0,579,0,0,5,0,0
919.32,11,6,0,1,894,1,1,1,0,1
549.07,3,2,0,0,746,0,0,7,1,0
4924.75,1,3,0,0,1714,1,0,5,0,0
2320.31,19,2,0,0,649,2,0,10,0,0
2103.88,23,3,0,0,1766,1,0,7,0,0
2041.83,14,6,0,0,1091,0,0,6,0,0
1056.54,0,5,0,0,1610,0,0,5,0,0
1336.16,11,4,0,0,122,0,0,6,0,0
335.23,6,4,0,0,1524,1,0,3,0,0
123.17,1,2,0,0,2479,0,0,1,0,0
1274.21,3,4,0,0,1978,0,0,4,0,0
1516.24,11,5,0,0,726,0,1,5,0,1
3674.84,10,1,0,1,1028,2,0,7,0,0
5278.18,13,2,0,0,1091,1,0,7,0,0
5271.12,16,1,0,0,354,1,0,2,0,0
404.23,6,3,0,0,685,0,0,3,0,0
771.04,6,2,0,0,194,0,0,8,0,0
1772.83,16,2,0,0,977,0,0,9,1,0
13792.84,4,3,0,0,1845,0,0,8,0,0
4817.93,1,4,0,0,2263,1,0,7,1,0
3359.0,20,4,0,0,1422,0,1,10,1,1
744.13,5,4,0,0,1736,0,0,6,0,1
453.41,2,4,0,0,2201,1,0,4,0,0
2413.68,17,4,0,0,1245,1,0,3,1,0
364.8,12,2,0,1,1403,0,0,8,0,0
863.99,3,1,0,0,1706,0,0,5,0,0
977.72,20,7,0,1,305,0,0,5,0,0
5393.3,5,2,0,0,1240,0,0,3,0,0
769.16,16,6,0,0,1318,0,0,9,1,0
95.66,15,3,0,0,512,0,0,9,0,0
1816.1,19,9,0,0,1155,1,0,1,0,0
545.1,17,3,0,0,738,0,0,5,0,0
1144.39,16,4,0,0,1698,0,0,3,0,0
1005.56,1,2,0,0,1221,1,0,9,0,0
834.05,22,3,0,0,811,1,0,2,0,0
2417.14,3,4,0,0,1842,0,0,6,0,0
236.78,6,4,1,0,1901,0,0,10,0,0
653.92,10,3,0,0,134,0,0,7,0,0
2173.38,6,2,0,0,1553,0,0,4,1,0
593.43,14,3,0,0,925,0,1,3,0,0
219.47,1,1,0,0,119,0,0,10,0,0
2139.99,10,3,0,0,328,1,0,4,0,0
3371.44,8,4,0,0,624,0,0,2,0,0
1048.38,15,3,0,0,1642,0,0,7,0,0
154.34,12,3,0,1,1111,0,0,9,1,0
2221.57,18,3,0,0,546,0,1,9,0,1
208.54,3,6,0,0,2136,0,0,7,0,0
1493.38,22,1,0,0,873,0,0,8,1,0
451.48,9,0,0,0,2317,0,0,5,0,0
343.83,8,5,0,0,1025,0,0,10,0,0
704.92,13,1,1,0,1489,1,0,8,0,0
912.97,3,3,0,0,1058,2,0,2,0,0
575.82,19,1,0,0,896,1,0,1,0,0
1975.75,6,2,0,0,1376,1,0,2,0,0
702.0,22,2,0,0,1371,1,1,10,0,0
2922.49,3,2,0,0,272,1,0,4,0,0
1452.69,20,1,0,0,2473,1,0,9,0,0
545.9,9,4,0,0,2021,2,0,4,1,0
461.31,14,4,0,0,1143,1,0,10,0,0
211.14,20,2,0,0,1366,0,0,1,1,0
1466.65,3,1,1,0,1494,2,0,6,1,0
769.25,8,3,0,0,1341,0,0,7,1,0
102.29,22,1,0,0,1037,0,0,5,0,0
641.81,3,1,0,0,701,0,0,7,0,0
445.4,2,2,0,0,416,0,0,6,0,0
5301.14,12,2,0,0,14,1,0,2,1,0
199.78,0,6,0,0,213,0,1,10,0,1
259.47,23,8,0,0,1522,0,0,7,0,0
3327.48,21,2,0,0,1179,0,0,1,0,0
4258.89,4,3,0,0,1194,0,0,10,1,0
520.62,4,2,0,0,1886,0,0,9,0,0
582.84,18,7,0,0,998,1,0,5,1,0
2030.9,12,2,1,0,890,2,0,4,1,1
107.01,19,6,0,0,1361,0,0,7,0,0
170.51,23,0,1,0,1313,0,0,2,1,0
828.21,9,3,0,0,1770,1,0,7,0,0
5166.19,6,1,0,0,2440,0,0,7,0,0
709.29,14,2,0,0,1367,0,0,3,0,0
1213.1,15,3,1,0,149,0,0,10,1,0
3407.69,10,3,0,0,1079,1,0,6,0,0
9017.16,7,4,0,0,481,0,0,1,0,0
615.94,6,4,0,0,2477,0,0,6,0,0
1078.32,12,1,0,0,1225,1,1,4,0,0
6782.19,10,3,0,0,1470,1,0,10,0,0
239.32,10,2,0,0,1268,0,0,1,0,0
3064.32,2,1,0,0,682,0,0,9,0,0
396.11,21,3,0,0,552,0,0,1,0,0
1214.97,16,1,0,0,564,0,1,5,0,0
860.39,22,5,0,0,1310,0,0,7,0,0
420.73,19,4,1,0,1186,1,0,9,0,0
410.3,14,3,1,1,951,0,0,3,0,1
1445.79,7,5,1,0,332,0,0,3,0,0
2967.69,15,4,0,0,174,1,0,9,0,0
963.2,13,3,0,0,72,0,0,5,0,0
1176.28,22,3,0,1,105,1,0,3,0,0
1941.42,5,6,0,0,1398,0,0,9,1,0
415.04,0,1,1,0,659,0,0,5,1,0
2297.77,3,3,0,0,1023,0,0,6,0,0
2488.27,4,2,0,0,873,0,0,1,0,0
14818.42,15,2,0,0,2026,0,0,7,0,0
752.87,3,1,1,0,246,0,0,8,0,0
693.62,3,4,0,0,13,2,0,8,0,0
2366.02,9,1,0,1,1472,1,0,6,1,0
2487.68,18,4,0,0,1787,0,0,10,0,0
642.21,10,3,1,1,804,0,0,5,0,0
732.77,6,4,1,0,1785,0,0,3,0,0
1883.96,6,2,0,0,107,0,0,8,0,0
479.34,19,1,1,0,2090,1,0,9,0,1
727.39,10,1,0,0,1036,0,0,4,0,0
1199.42,8,3,0,0,2035,0,0,4,0,0
2968.88,18,3,0,0,2045,0,0,7,0,0
599.08,8,4,0,0,2429,1,1,5,0,0
173.75,8,1,0,0,1176,1,0,6,0,0
161.32,18,4,0,0,321,0,0,8,0,0
311.25,7,2,0,0,1661,0,0,8,0,0
294.96,12,1,0,0,841,1,0,4,1,0
939.54,15,3,0,0,1836,0,1,5,0,0
333.99,4,0,0,0,2389,0,0,7,0,0
543.07,3,4,0,0,5,0,2,6,0,1
505.69,20,1,0,0,2076,0,0,9,1,0
705.91,7,3,0,0,29,0,0,3,0,0
4115.45,8,5,1,0,2026,2,0,7,0,0
2125.89,14,2,0,0,2378,1,0,9,0,0
1114.46,2,5,0,0,1423,0,0,7,0,0
691.58,1,1,0,0,58,0,0,9,0,0
711.07,9,6,0,0,2374,0,0,3,0,0
1521.95,23,0,0,0,562,0,0,5,0,0
1966.81,13,3,0,0,1083,1,0,9,1,1
442.47,13,5,0,0,2265,0,0,4,0,0
1137.38,14,2,1,0,861,0,0,3,0,0
143.79,20,3,0,0,255,0,0,4,0,0
1355.21,20,3,0,1,2468,0,0,2,0,0
2349.95,0,7,0,0,2161,0,0,3,0,0
828.76,12,1,0,1,856,0,0,2,0,0
6744.8,13,4,0,0,751,0,0,7,0,0
454.3,5,2,0,0,2260,0,0,5,0,0
1363.0,23,2,0,0,2406,1,0,7,0,0
1058.04,6,4,0,0,962,0,0,9,0,0
991.98,20,1,0,0,666,0,0,8,0,0
978.16,2,3,0,0,1817,1,0,6,0,0
1220.61,14,1,0,0,1386,0,0,8,0,0
2560.5,17,1,0,0,1214,0,0,6,0,0
4349.15,12,6,0,0,246,1,0,9,0,0
1094.17,2,5,0,0,1482,0,0,5,0,0
2478.27,2,1,0,0,161,0,0,6,0,0
543.61,14,3,0,0,2257,0,0,9,0,0
2358.91,20,2,0,0,682,0,0,7,0,0
511.84,14,0,0,0,1805,1,0,2,0,0
3263.84,2,4,0,0,365,1,0,5,0,0
10003.01,18,4,1,0,2002,0,0,6,1,0
970.6,11,1,1,0,1082,0,0,6,0,0
122.42,1,4,1,0,1130,0,0,1,0,0
633.92,8,4,0,0,277,1,0,9,0,0
3758.88,4,2,1,0,254,0,0,8,0,0
1906.6,23,3,0,0,2065,0,0,8,0,0
1406.58,21,1,0,0,2302,0,0,8,0,0
3006.91,2,7,0,0,1428,1,0,1,0,0
1780.15,13,5,0,0,2442,0,0,2,1,0
3706.06,0,1,0,0,916,2,0,3,0,0
2750.19,10,5,1,0,714,0,1,8,0,1
5022.59,3,1,0,0,1950,0,0,3,0,0
1569.95,17,2,0,0,2183,0,0,3,1,0
2711.51,1,4,0,1,192,0,0,6,0,0
806.64,21,1,0,1,1396,0,0,10,0,0
600.97,5,0,0,0,1933,0,0,1,0,0
6043.68,6,4,0,0,900,0,0,6,0,0
1361.31,21,4,0,0,1043,0,0,2,0,0
2452.54,21,4,0,0,65,1,0,4,1,0
1241.08,2,4,0,0,738,0,0,4,0,1
610.02,2,4,0,0,2001,2,0,7,0,0
1108.74,20,3,0,0,2411,0,0,8,1,0
4610.05,23,4,1,0,2458,1,0,2,1,0
1910.73,11,4,0,0,1228,0,0,9,0,0
198.05,3,5,0,0,520,2,0,7,0,0
884.26,3,6,0,1,2470,0,0,8,0,0
6517.81,6,2,0,0,18,0,0,5,1,0
885.54,16,2,0,0,1887,0,0,6,1,0
181.19,2,3,1,0,817,0,0,5,1,1
7281.18,15,2,0,0,742,0,1,1,0,0
2169.8,19,2,0,0,2282,1,0,2,0,0
1022.48,3,4,0,0,2247,1,0,8,0,0
756.41,23,3,0,0,2168,0,0,8,0,0
3236.84,23,4,1,0,1807,0,1,3,0,1
637.79,7,4,0,0,1096,0,0,6,0,0
3457.35,2,1,1,0,1221,0,0,6,0,0
1885.97,7,3,0,0,2042,1,0,1,0,0
1400.64,6,1,0,0,2343,0,0,9,0,0
1268.4,6,1,0,1,732,0,0,4,0,0
920.61,22,4,0,0,1470,0,0,10,0,0
3120.16,3,2,0,0,1438,0,0,10,0,0
461.58,7,3,0,0,360,0,1,4,0,0
216.6,18,2,0,0,1679,0,0,4,0,0
2027.26,1,3,0,0,529,0,0,4,0,0
2061.6,1,3,0,0,282,1,0,4,0,1
1772.67,7,5,0,0,1460,0,0,7,0,0
1648.68,23,2,1,0,390,0,0,2,0,1
795.89,20,5,1,0,2305,1,1,8,0,0
2410.24,22,2,0,0,209,0,0,5,0,0
1047.79,20,2,0,0,2399,1,1,1,1,0
673.77,2,3,1,0,2489,0,0,2,0,0
802.8,9,1,0,0,2448,0,0,2,0,0
8272.07,12,4,0,0,972,0,0,8,0,0
193.45,3,3,0,0,1246,1,0,10,0,1
1807.66,23,5,0,0,790,0,0,7,0,0
204.57,14,2,0,0,2397,0,0,7,0,0
984.14,20,3,0,0,864,0,0,3,0,0
710.79,6,2,0,1,1460,0,0,3,0,0
136.32,17,5,0,0,2420,1,0,2,0,0
1618.15,2,3,1,0,270,1,0,5,0,1
749.92,0,1,1,0,64,0,0,7,1,0
134.4,15,8,0,0,869,0,0,9,0,0
2539.11,1,3,0,0,2318,0,0,1,0,0
4605.5,6,5,0,0,319,0,1,6,0,0
4866.47,19,2,1,0,1435,0,2,10,0,0
1570.2,11,4,0,1,1713,2,0,10,0,1
1148.32,9,2,0,0,1346,1,0,3,0,0
4138.78,6,4,0,0,928,0,0,6,0,0
5898.09,16,5,0,0,866,1,0,2,1,0
3406.94,22,4,0,0,743,0,0,4,0,0
427.72,17,6,0,0,72,0,0,2,0,0
1341.23,8,3,1,0,2262,0,0,2,1,0
1701.93,10,1,0,0,2117,0,0,8,1,0
179.54,2,3,0,0,2088,0,0,9,1,0
1753.49,3,5,0,0,1316,0,0,10,0,0
10646.56,6,5,0,1,771,3,0,6,0,1
2079.61,9,2,0,0,13,0,0,8,0,0
4785.82,23,3,0,0,1769,1,0,6,0,0
1316.74,20,2,0,0,1759,2,0,9,0,0
1019.21,2,3,0,0,2198,0,0,7,0,0
1605.63,7,6,0,0,1058,0,0,4,1,0
485.01,1,1,0,0,1643,1,0,8,0,0
418.31,1,4,0,0,986,0,0,2,1,0
3890.55,8,3,0,0,2381,0,0,7,0,0
4325.76,23,3,0,0,154,0,0,7,0,0
407.03,4,0,0,0,1419,0,0,8,0,0
2887.07,16,1,0,0,1681,1,0,4,0,0
1005.3,9,7,0,0,124,0,1,8,0,0
1540.42,12,4,0,0,1620,0,1,4,0,0
1737.53,20,2,0,0,2397,0,0,6,0,0
2964.16,19,5,1,0,2421,1,0,9,0,1
1191.2,19,4,0,0,195,0,0,8,0,0
4492.49,9,2,0,0,270,0,0,4,0,0
1494.3,1,2,0,0,1174,3,0,4,0,1
2047.11,23,3,0,0,2363,0,0,1,0,0
476.63,23,3,0,0,1064,0,0,5,0,0
9496.31,20,2,0,0,1196,1,0,6,0,0
1754.3,11,3,0,0,1755,1,0,9,0,0
2237.24,6,4,0,0,135,0,0,4,0,0
219.6,4,2,1,0,2123,0,0,7,0,0
481.69,8,4,0,0,1888,2,0,3,0,0
3781.53,8,4,0,0,2497,0,0,8,0,0
1461.02,6,3,0,0,1033,0,0,9,1,0
161.78,22,0,1,0,1910,0,0,3,0,0
3097.31,15,3,0,1,226,0,0,5,0,0
636.65,5,1,0,0,730,0,0,5,1,1
4497.68,15,3,0,1,317,0,0,10,0,0
1004.42,16,3,0,0,1532,0,0,2,0,0
1345.75,12,0,0,0,2408,1,0,1,1,0
3565.13,22,1,0,0,1923,0,0,7,1,0
446.98,23,1,0,1,1635,0,0,8,1,0
406.32,10,4,0,0,1769,2,0,2,0,0
901.0,11,6,0,0,2382,0,0,9,0,0
2507.83,5,6,0,0,1736,1,0,4,0,0
289.78,18,1,0,0,1940,0,0,7,1,0
206.84,22,2,0,0,661,0,0,6,1,0
2499.19,15,5,0,0,1565,3,0,1,0,0
600.06,4,2,0,0,1716,0,0,10,0,0
740.83,12,3,0,0,297,1,0,1,1,0
171.26,19,2,0,0,1756,0,0,4,0,0
556.14,1,1,0,0,1126,1,0,9,1,0
1088.37,14,1,0,0,2458,0,0,6,0,0
2780.48,15,5,0,0,602,0,0,10,1,0
507.13,12,4,0,0,1197,0,0,9,0,0
5752.42,15,1,0,0,400,2,0,9,0,0
553.05,21,1,0,0,148,0,0,3,0,0
553.86,2,2,0,0,1235,0,1,6,0,0
5101.85,13,2,0,0,2405,0,0,10,0,0
1354.87,19,1,0,0,783,0,0,3,0,0
631.42,19,3,0,0,2205,0,0,8,0,1
939.05,11,8,0,0,2383,0,0,3,0,0
4243.2,23,5,0,0,2031,0,0,6,0,0
4751.44,7,1,1,0,73,0,0,8,1,0
484.54,10,3,0,0,1807,0,0,10,0,0
1051.07,19,4,0,0,71,0,0,9,0,0
1200.1,10,2,0,0,667,0,0,4,0,0
409.02,8,4,0,0,1560,0,0,7,1,0
1037.24,13,1,0,1,2372,1,0,5,1,0
1102.49,14,3,1,0,233,0,0,10,1,1
3429.64,23,3,0,0,2387,0,0,4,0,0
3668.09,14,6,1,0,1385,1,0,10,0,0
789.02,4,1,0,0,1855,0,0,8,1,0
885.41,1,4,0,0,2039,2,0,1,0,0
2130.88,23,5,0,0,1268,1,0,2,0,0
610.83,10,4,0,0,314,2,0,6,0,0
1975.63,4,1,0,0,1950,0,0,1,0,0
1004.35,5,4,0,0,176,3,1,9,0,1
415.97,2,3,0,0,348,0,0,6,0,0
421.22,4,0,0,0,2378,0,0,9,0,0
4661.34,18,5,0,0,2282,0,0,6,1,0
937.84,15,4,0,0,2149,0,0,3,0,0
5655.33,14,0,0,0,2349,0,0,4,0,0
656.13,0,1,0,0,617,0,0,7,0,0
1467.34,16,1,0,0,2448,0,0,7,0,0
12000.18,23,1,0,0,1206,1,0,4,0,0
380.93,22,0,0,0,244,0,0,8,1,0
164.38,9,3,0,0,386,0,0,10,0,0
3970.27,14,2,0,0,1759,0,0,3,0,0
479.71,7,3,0,0,2096,0,0,2,1,0
1074.16,21,1,0,0,978,0,0,10,0,0
610.38,22,1,1,0,481,0,0,5,0,0
1433.91,5,4,0,0,551,0,0,3,0,0
423.89,11,3,0,0,2075,0,0,7,0,0
916.04,5,0,0,0,2048,0,0,10,0,0
1719.55,14,1,0,0,620,1,0,6,0,0
400.09,7,2,0,0,114,0,0,5,0,0
544.53,16,5,0,0,276,0,0,8,0,0
774.81,23,1,0,0,1005,0,1,6,0,0
262.75,20,0,0,0,533,0,0,6,0,0
718.7,4,2,0,0,1137,0,0,4,0,0
1234.96,3,3,0,0,1351,0,0,7,0,0
735.43,19,6,0,0,217,0,0,9,0,0
836.0,1,4,0,0,2212,0,0,9,0,0
1075.02,9,2,0,0,1966,0,0,5,1,0
569.21,23,2,0,0,97,2,0,2,0,0
2188.7,10,5,1,0,1104,1,0,4,0,0
4609.98,0,1,0,0,358,0,0,8,0,0
689.26,23,4,0,0,2059,0,0,8,0,0
1781.48,16,2,0,0,1383,0,0,5,0,0
862.97,7,6,0,0,474,0,1,9,0,0
1580.49,14,7,0,0,227,3,0,7,0,0
5248.93,14,6,0,0,800,0,0,3,1,0
1823.77,13,5,0,0,869,1,0,7,0,0
186.16,23,4,0,0,756,0,0,9,0,0
1726.75,18,4,1,0,935,0,0,4,0,0
3762.59,6,3,0,0,335,1,0,9,0,0
878.67,23,5,0,0,1220,3,0,4,1,1
2967.97,23,5,0,0,723,1,0,3,1,0
549.98,1,1,1,0,1796,0,0,2,0,0
248.26,7,4,0,0,1933,0,0,6,0,0
1262.9,14,0,0,0,616,0,0,2,1,0
189.34,21,2,0,0,327,0,0,3,1,0
862.84,17,1,0,0,819,1,0,3,0,0
3971.27,13,2,0,0,334,1,0,2,0,0
162.43,7,6,0,0,1082,1,0,2,1,0
305.06,2,2,0,0,2324,0,0,3,0,0
390.71,21,4,0,1,981,0,1,7,0,0
1029.35,12,0,0,0,2153,0,0,4,0,0
760.73,10,4,0,0,1791,0,0,4,0,0
4443.23,23,4,0,0,2176,1,0,2,0,0
2847.93,3,2,0,0,115,0,0,8,0,0
1799.52,6,1,0,0,1767,1,0,3,0,0
1268.55,20,3,0,0,370,1,0,10,0,1
1624.95,6,4,0,0,1521,1,0,7,1,0
463.13,22,1,0,0,346,0,0,6,0,0
2584.3,20,4,0,0,2179,1,0,4,0,0
360.67,2,5,0,0,1339,0,0,4,0,0
2528.49,10,3,0,0,1450,2,0,1,0,0
3590.84,18,5,0,0,213,3,0,3,0,0
1354.06,11,5,0,0,777,0,0,1,0,0
919.46,5,3,0,0,187,0,0,3,0,0
1636.49,1,6,1,0,2148,0,0,1,1,0
62.71,0,0,0,0,1953,0,0,3,0,0
1483.65,4,4,0,0,1573,0,0,6,0,0
979.11,6,3,0,1,2450,2,0,5,0,0
1042.49,7,7,0,0,2143,0,0,2,0,0
2222.82,20,1,0,0,91,0,0,2,0,0
1017.63,12,4,0,0,2197,0,0,1,0,0
350.65,3,2,0,0,430,1,1,2,0,0
952.03,1,2,0,0,320,0,0,2,0,0
1173.28,3,2,0,0,1273,2,0,1,0,0
1230.2,7,1,0,0,1578,1,0,1,1,0
1289.38,17,3,0,0,2250,0,1,4,0,0
3100.66,1,0,1,0,1300,0,0,3,0,0
370.17,9,3,0,1,1260,2,0,1,0,0
1307.28,10,6,0,0,232,1,0,4,0,0
3983.55,3,6,1,0,949,0,0,3,0,0
193.52,1,4,0,0,504,1,1,6,0,0
1312.44,5,3,0,0,2098,0,0,5,0,0
610.71,3,5,0,0,915,0,0,8,0,0
756.94,19,1,0,0,1926,0,0,2,0,0
443.72,22,5,1,0,150,1,0,6,0,0
925.61,14,4,0,0,2000,0,0,5,0,0
6913.67,18,1,0,0,1568,1,0,10,0,0
309.69,18,3,0,0,586,0,0,8,0,0
340.49,21,2,0,0,1927,0,0,10,0,0
298.29,2,2,0,0,1626,1,1,3,1,0
6169.78,23,3,0,0,1624,0,0,8,0,0
690.67,10,4,0,0,458,0,0,1,0,0
1068.87,13,4,0,0,1178,1,0,4,0,0
733.05,19,3,0,0,1141,2,0,1,0,0
426.48,11,8,1,0,508,1,0,8,0,1
866.84,6,3,0,0,2097,0,0,8,0,0
12813.36,0,3,0,0,1516,0,0,1,0,0
4411.95,4,3,0,0,1988,0,0,7,1,0
467.34,2,4,1,0,2385,0,1,6,0,1
2095.56,9,1,0,0,1388,0,0,10,0,0
477.46,18,3,0,0,756,1,0,2,0,0
185.61,8,4,0,1,1925,0,0,5,1,0
3039.69,14,0,0,0,1442,0,0,8,0,0
3498.51,4,2,0,0,169,2,0,7,1,0
3121.45,14,2,0,1,868,0,0,7,0,0
685.49,22,3,0,0,2074,0,0,7,0,0
928.18,7,3,0,0,1423,0,0,5,0,0
2321.03,11,5,0,0,1985,0,0,2,0,0
1622.13,23,3,0,0,2421,1,0,2,0,0
739.79,14,3,0,0,1854,0,0,2,0,0
217.22,9,4,0,1,767,0,0,2,0,0
1228.9,2,2,0,0,361,2,0,8,0,1
3226.04,22,0,0,0,535,2,0,7,0,0
331.1,14,1,0,0,534,1,1,1,0,1
2077.17,1,4,0,1,1097,0,0,10,1,1
1527.74,13,2,0,0,549,1,1,1,0,0
2321.92,23,2,1,0,1844,0,0,4,0,0
2622.74,22,3,0,0,1710,4,0,10,0,0
547.59,4,8,0,0,256,1,0,10,0,0
217.68,9,1,0,0,701,0,0,6,0,0
643.22,23,1,0,0,248,0,0,3,1,0
2668.11,18,2,0,0,330,0,0,3,0,0
637.78,13,3,0,0,1543,0,0,4,0,0
547.83,7,5,0,0,1407,0,0,7,0,0
177.44,18,4,0,0,560,0,0,3,0,0
6327.42,13,2,0,0,892,0,0,9,0,0
2504.17,12,9,0,0,2295,0,0,10,0,0
2368.22,22,1,0,0,1202,0,0,5,1,0
2886.28,9,8,0,0,2028,0,0,9,0,0
1952.19,15,4,0,0,1826,0,0,9,0,1
858.92,1,4,0,1,750,0,0,9,0,0
930.98,17,4,0,0,580,0,0,7,0,0
715.11,13,4,0,0,2297,1,0,8,0,0
15286.74,21,5,0,0,2266,0,0,3,1,0
1912.01,7,4,1,0,436,0,0,1,0,0
689.66,22,2,0,0,1796,0,0,4,0,0
1746.72,13,4,0,0,427,0,0,2,0,0
399.07,4,3,0,1,2045,1,0,8,0,0
4936.97,3,4,0,0,60,1,0,3,0,0
566.19,4,4,0,0,1033,0,0,9,0,0
1810.01,7,5,0,0,891,1,0,4,0,0
3184.27,13,2,0,0,1466,1,0,1,0,0
1611.25,20,4,0,0,1940,1,0,6,0,0
1205.28,23,2,0,0,1961,0,0,5,0,0
1108.54,16,8,0,0,908,0,0,7,0,0
1036.45,11,2,0,0,118,1,0,4,0,0
616.03,14,3,0,0,2322,0,0,4,0,0
699.61,7,2,0,0,916,1,0,9,0,0
4815.48,5,4,0,0,2336,1,0,1,1,0
983.84,12,4,0,0,288,0,0,8,1,0
499.8,19,2,0,0,1847,0,0,9,0,0
654.39,1,1,0,1,2002,0,0,10,0,0
3295.69,2,2,0,0,487,2,0,7,0,0
2155.13,4,4,0,0,2429,1,1,7,0,0
1920.48,5,4,0,0,199,0,0,1,1,0
847.66,3,3,0,0,2258,0,0,10,0,0
1945.67,3,3,1,0,596,0,0,3,1,0
576.19,0,1,0,0,2297,0,0,10,1,1
845.89,8,3,0,0,789,1,0,6,0,0
2892.29,17,6,0,0,938,0,1,7,0,0
2628.79,3,2,0,0,1487,0,0,1,0,0
410.79,7,3,0,1,1301,3,0,1,0,1
466.13,23,5,0,0,2222,0,0,6,0,0
1222.56,4,2,0,0,974,0,0,3,0,0
6161.85,23,7,0,0,899,1,0,6,0,0
161.49,12,5,0,0,914,1,0,3,0,0
1448.57,17,5,0,0,1359,0,0,6,1,0
276.98,7,3,0,0,37,0,0,8,0,0
581.53,7,5,0,0,1335,0,0,4,0,0
761.71,9,5,0,1,1477,0,0,8,1,0
720.17,3,1,0,1,962,0,0,1,0,0
643.04,7,3,0,0,2032,1,0,3,0,0
1104.57,21,0,0,0,70,0,0,6,0,0
642.1,0,2,0,0,993,0,0,2,0,0
254.05,13,2,0,0,791,0,0,8,0,0
2391.96,16,3,0,0,2126,1,0,4,0,0
2328.25,3,2,1,0,1773,0,0,8,0,0
2548.28,2,0,0,0,1116,0,1,2,0,0
234.92,13,3,0,0,791,0,0,7,0,0
1478.7,5,2,0,0,1598,0,0,10,0,0
2155.93,23,4,0,0,1829,0,0,3,0,1
391.04,4,3,1,0,30,0,0,2,0,0
1106.74,3,2,0,0,2468,0,0,2,0,0
976.26,7,5,0,0,1552,0,0,5,0,0
6919.86,7,3,0,0,1009,0,0,9,0,0
7513.8,3,6,0,0,736,1,1,6,0,0
207.61,15,2,0,0,1594,1,0,3,1,0
13278.84,8,1,1,0,2004,0,0,8,0,0
439.12,12,7,0,0,2136,2,0,6,0,0
2923.9,5,7,0,0,4,0,0,5,0,0
2894.3,2,2,0,0,1533,0,0,7,0,0
405.17,1,2,0,0,274,0,1,5,0,0
1795.91,1,1,0,0,642,0,0,5,0,0
984.83,20,3,0,0,2044,0,0,9,1,0
1908.99,6,1,0,0,319,1,0,5,0,0
1381.15,7,0,0,0,1115,1,0,6,0,0
3627.65,13,0,0,0,38,1,0,5,0,0
1182.52,2,1,0,0,671,0,0,5,0,0
927.16,14,4,0,0,1348,0,0,2,1,0
3281.53,12,5,0,0,48,1,1,10,0,0
1959.4,18,7,1,0,2276,1,0,1,0,0
2279.73,2,2,0,0,898,1,0,8,0,0
564.2,0,3,0,0,153,0,0,8,0,0
385.58,18,3,0,0,1985,0,0,2,0,0
621.59,8,4,0,0,87,0,0,8,0,0
589.44,1,2,0,0,1325,1,0,1,0,0
2407.15,13,2,0,0,781,1,0,5,0,0
2910.22,11,4,0,1,294,0,0,8,0,0
939.05,22,4,0,0,856,3,0,3,0,0
4586.71,22,4,0,0,931,1,0,5,1,0
4309.04,12,3,0,0,912,1,0,2,0,0
1398.84,3,3,0,0,863,0,0,9,0,0
482.08,17,2,0,0,321,2,0,10,0,0
5299.55,4,4,0,0,265,0,1,9,0,0
1031.72,20,2,1,0,2418,1,0,6,0,0
1244.1,14,2,1,0,922,1,0,8,0,0
780.86,8,3,0,0,2430,0,0,5,1,0
450.43,23,0,0,0,347,0,1,6,0,0
252.49,12,3,0,0,1846,0,0,8,0,0
2064.96,9,5,1,0,1780,0,0,10,0,0
501.0,4,2,0,0,1367,0,0,9,1,0
23377.55,15,5,0,1,567,0,0,6,0,1
370.16,6,3,0,0,571,0,0,6,0,0
311.88,3,3,1,1,721,0,0,10,0,1
1826.47,2,3,1,0,1744,0,0,3,1,0
5060.97,15,3,0,0,379,0,0,10,0,0
1169.8,22,5,0,0,452,0,0,4,0,1
1943.49,6,4,0,0,1987,0,0,5,0,0
173.55,5,4,0,0,14,1,0,4,1,0
556.96,14,4,0,0,2324,1,0,1,0,0
374.8,3,3,0,0,1990,1,0,7,0,0
164.84,2,3,0,0,483,0,0,5,0,1
1232.72,15,3,0,0,433,1,0,6,0,0
116.42,12,0,0,0,1318,4,0,8,0,0
292.31,0,1,0,0,1085,1,0,9,0,0
640.86,5,3,0,1,2275,0,0,4,0,0
477.57,4,5,0,0,810,0,0,9,0,0
1630.12,16,6,0,0,2358,0,0,5,0,0
1488.58,15,6,0,1,1420,0,0,9,1,1
2680.61,17,4,1,0,347,0,1,5,0,0
2327.11,2,1,0,0,1002,0,0,10,0,0
3431.71,20,1,0,0,1498,1,1,1,0,0
1094.53,5,2,0,0,715,0,0,4,1,0
1485.44,23,7,1,0,1262,1,1,7,0,1
1828.98,20,5,0,0,1630,0,0,8,0,0
1263.52,11,2,0,0,1023,0,0,4,1,0
737.16,18,1,0,0,2009,0,0,10,0,0
786.47,16,2,0,0,2037,0,0,10,0,0
484.17,18,3,0,0,2415,0,0,5,0,0
1671.73,0,2,0,0,65,0,0,2,0,0
998.23,2,3,0,0,390,1,0,10,0,0
565.0,21,1,0,0,2104,0,0,8,0,0
565.53,18,4,0,1,2104,2,1,7,0,1
326.88,14,4,0,0,587,1,0,6,0,0
2918.55,7,3,0,0,2460,0,0,8,0,0
1186.33,10,4,0,0,360,1,0,9,0,1
462.76,9,2,0,1,2278,1,0,2,0,0
2461.55,10,3,0,0,1576,1,0,4,1,0
626.13,15,0,0,0,2295,1,0,1,0,0
268.67,18,2,0,0,2353,0,0,2,1,0
3044.9,9,0,0,0,375,0,0,3,1,0
640.92,20,5,0,0,1296,0,0,3,1,0
728.58,2,2,0,0,918,0,0,8,0,0
1142.74,19,1,0,0,2409,0,0,6,0,0
3437.81,16,4,0,0,2407,1,0,9,1,0
1118.83,12,3,0,0,1535,2,0,5,0,0
330.59,9,2,0,1,678,0,0,1,0,0
1889.14,8,2,0,0,1490,3,0,1,0,0
675.2,8,0,0,0,1486,0,0,7,0,0
7243.96,22,2,0,0,465,0,0,5,0,0
1095.41,0,3,0,0,1735,0,0,1,0,0
117.33,15,5,0,0,371,0,0,3,0,0
1567.7,23,6,0,0,177,2,0,9,0,0
7666.36,13,3,0,0,1575,2,0,6,1,0
5302.43,15,1,1,0,2040,1,2,9,0,1
6842.81,14,2,0,0,156,0,0,7,0,0
395.54,12,4,0,0,1513,1,0,9,0,0
2730.26,15,3,0,0,2433,0,0,2,0,0
532.73,21,3,1,0,2409,2,0,9,0,0
1372.36,17,2,0,0,696,1,0,5,0,0
307.06,20,8,0,0,2458,1,0,7,1,0
575.68,13,2,0,0,1158,0,0,1,1,0
557.66,18,5,0,0,272,0,0,2,0,0
2693.39,21,1,0,0,456,1,0,8,0,0
2442.36,5,3,0,0,1280,0,0,3,0,0
1446.38,20,6,0,0,1126,1,0,2,0,0
284.17,16,3,0,0,307,0,0,1,0,0
803.0,10,5,1,0,578,0,0,5,0,0
520.03,18,2,0,0,1625,2,0,4,0,0
2616.72,4,1,0,0,2096,0,0,7,0,0
3562.38,16,0,0,0,1010,0,1,4,0,0
3153.87,13,1,0,0,159,1,0,6,1,0
515.32,21,2,1,0,1310,0,0,9,1,0
70.84,14,3,0,0,1040,0,0,9,0,0
187.36,12,3,0,0,1427,0,0,7,0,0
4544.29,12,1,1,0,1919,0,0,8,0,0
734.17,13,2,0,0,1813,0,0,1,0,0
517.64,21,3,0,1,2211,0,0,1,0,0
5668.39,18,4,0,0,1977,0,0,1,1,0
3886.09,2,6,0,0,2418,1,0,6,0,0
1123.77,12,6,0,0,1074,0,0,4,1,0
817.78,6,2,0,0,144,0,0,4,0,0
960.93,3,1,0,0,1358,1,0,5,1,0
1376.31,20,3,0,0,329,0,0,4,0,0
5431.92,20,4,0,0,271,0,0,9,0,0
1673.16,22,5,0,0,620,0,0,3,0,0
2266.58,9,4,0,0,335,2,0,7,1,0
3530.77,10,7,0,0,2387,0,0,7,1,0
340.47,18,4,0,0,1405,0,0,2,0,0
2332.89,4,1,1,0,2421,0,0,9,0,0
816.83,1,3,0,1,1433,0,0,1,1,0
88.58,10,1,0,0,1438,0,0,6,0,0
130.56,15,3,0,0,191,0,0,1,0,0
396.19,10,2,0,1,1834,1,0,2,0,0
1865.39,5,0,1,0,1206,0,0,9,0,0
1228.81,12,0,0,0,1173,0,0,1,0,0
1318.65,22,5,0,0,2347,1,0,3,1,0
7715.17,6,3,0,0,2260,0,0,3,0,0
308.25,9,1,0,0,1335,1,0,7,0,0
1066.96,7,4,0,0,273,0,0,7,0,0
1486.88,7,1,0,0,1926,0,0,3,0,0
525.17,15,4,0,0,2006,0,0,9,0,0
1128.14,8,6,0,0,190,0,0,9,0,0
221.42,14,4,1,0,1194,0,0,10,0,0
4491.34,0,4,0,0,694,0,0,3,0,0
554.68,15,4,0,0,1137,1,0,10,1,0
8361.56,2,3,0,0,2009,0,0,7,0,0
1061.59,9,2,0,0,1421,0,0,10,0,0
3065.77,20,7,0,0,480,1,0,6,1,0
1039.71,8,3,0,0,1187,1,0,7,1,0
1063.43,16,3,0,0,1691,1,0,9,0,0
611.53,8,3,0,0,2134,0,0,2,0,0
1235.37,21,0,0,0,314,1,0,8,0,0
1507.18,22,3,0,1,601,0,0,2,0,0
500.57,21,4,0,0,696,1,0,9,0,0
967.73,9,2,1,0,317,0,0,6,0,0
595.8,7,0,0,0,988,0,0,6,0,0
10934.35,14,3,0,0,1600,0,1,1,0,0
1002.52,19,4,1,0,1523,0,0,7,0,0
5142.18,12,2,1,0,1878,0,0,7,0,0
901.79,17,3,0,0,826,0,0,2,1,0
1421.24,21,3,1,0,1238,0,0,7,1,1
292.55,18,4,0,0,2302,0,0,3,0,0
701.29,8,3,0,0,1628,0,0,2,1,0
1353.62,5,0,0,0,1084,0,0,1,0,0
5356.17,10,1,0,0,1203,0,0,8,0,0
1369.2,13,2,0,0,658,0,0,4,0,0
4375.26,20,3,0,0,2081,0,0,5,0,0
2081.26,7,3,0,1,980,3,0,7,0,0
5582.55,3,5,0,0,1777,0,0,1,0,0
1033.76,7,1,0,0,1423,0,0,4,1,0
11970.77,14,3,0,0,2400,0,0,4,0,0
674.93,5,4,0,1,749,0,0,9,0,0
509.56,9,2,1,0,1514,0,0,10,0,0
327.0,6,4,0,0,1778,0,0,6,1,0
11282.69,23,1,0,0,1687,1,0,9,0,0
2488.53,12,3,0,0,2299,0,0,1,0,0
785.15,17,2,0,0,1329,0,0,9,0,0
3823.89,12,7,0,0,1045,0,0,2,0,0
2181.33,0,3,0,0,1360,0,0,9,1,0
7833.21,6,5,0,0,743,0,0,3,1,0
233.26,20,3,0,0,196,1,0,5,0,0
841.04,12,3,0,0,2240,1,0,4,0,0
690.54,16,2,0,0,1115,1,0,6,0,1
152.37,18,0,0,0,1825,1,0,2,1,0
3166.33,13,5,0,0,592,0,0,10,1,0
836.82,13,3,0,0,450,0,0,5,1,0
2297.62,5,3,0,0,2419,0,0,1,0,0
11611.74,5,2,0,0,455,0,0,7,0,1
770.28,3,8,0,0,2243,0,0,4,0,0
719.71,7,1,0,0,1587,1,0,2,1,0
1234.8,15,2,0,0,1024,0,0,1,0,0
2943.18,22,2,0,0,897,1,0,3,0,0
622.22,10,1,0,0,271,0,0,4,0,0
583.5,14,2,0,0,859,0,0,10,0,0
3156.41,20,4,0,0,962,0,0,3,1,0
1601.41,16,1,0,0,294,1,0,8,0,1
141.92,6,3,0,0,2484,0,0,6,1,0
322.02,6,1,0,0,2279,0,0,6,0,0
4920.85,15,3,0,0,171,2,0,8,0,0
1639.14,6,1,0,0,1500,1,0,4,0,0
511.73,5,3,0,0,2253,1,0,6,1,0
924.81,14,1,0,0,199,0,0,8,0,0
1111.25,15,5,1,0,266,1,0,9,1,0
2288.69,6,3,0,0,697,0,0,3,0,0
281.95,1,6,0,0,1393,0,0,3,0,0
472.98,18,5,0,1,1443,0,0,4,0,0
1440.8,9,2,0,0,2170,0,0,9,0,0
992.44,15,5,0,0,2259,0,0,8,0,1
1942.75,4,1,0,1,1546,0,0,8,0,0
320.7,7,2,0,0,140,0,0,8,0,0
1567.33,14,5,0,0,436,0,0,1,0,0
3266.86,2,1,0,0,1951,1,0,6,0,0
1784.37,7,5,0,0,2489,1,0,9,0,0
1260.31,17,0,0,0,264,0,0,3,0,0
996.37,18,3,0,0,2152,1,0,9,1,0
475.87,8,3,0,0,1003,0,0,7,0,0
1020.45,2,4,0,0,378,0,1,5,0,0
3864.96,0,5,0,0,1830,1,0,7,0,0
973.57,13,4,0,0,1294,2,0,4,0,0
450.43,16,3,0,0,537,0,0,7,1,0
670.32,14,1,0,0,1623,1,1,5,0,0
1340.57,9,7,0,0,411,0,0,10,0,0
754.83,0,4,0,0,1475,0,0,3,1,0
1781.66,5,4,0,0,1966,0,0,10,0,0
1849.82,0,9,0,0,885,0,0,8,1,0
2667.73,11,1,0,0,386,0,0,3,0,0
4553.08,7,6,0,0,2044,0,0,6,0,0
2968.64,1,5,0,0,297,0,0,4,1,0
430.85,14,5,0,0,698,1,1,1,0,0
444.28,8,2,0,0,105,0,0,5,0,0
1016.61,23,4,0,0,759,0,0,9,0,0
698.42,10,7,0,0,129,0,0,9,0,0
351.31,2,3,0,0,1367,0,0,4,0,0
705.08,16,2,0,0,311,1,0,3,0,0
682.31,16,5,0,0,159,0,0,3,0,0
560.12,22,2,0,0,2019,1,0,4,0,0
799.68,16,4,0,0,196,1,0,8,0,0
3563.33,8,1,1,0,949,0,0,4,1,0
1338.41,16,3,0,0,2416,0,0,5,0,0
12988.36,19,3,0,0,1034,1,0,10,0,0
1300.51,12,5,0,0,1085,0,0,10,1,0
820.52,19,4,0,0,1716,1,0,6,0,0
1101.17,23,2,0,0,1410,0,0,3,0,0
1417.28,18,2,0,0,2003,0,0,6,1,0
1694.69,12,2,0,0,2476,1,1,6,0,0
8749.15,11,3,0,0,1478,0,0,10,0,0
470.92,20,5,0,0,2438,0,0,1,1,0
2589.05,20,3,0,0,306,0,0,2,0,0
1349.85,6,3,0,0,1927,0,0,10,0,0
227.9,0,2,0,0,1331,0,0,6,0,0
2370.13,19,7,0,0,1464,0,0,1,0,0
3895.68,5,4,0,0,2058,2,0,6,1,0
465.37,23,1,0,0,622,0,0,3,0,0
1086.88,0,4,0,1,1443,1,0,8,0,0
195.32,21,2,0,0,455,0,0,1,0,0
311.44,16,2,0,1,2027,0,0,5,0,0
3127.63,7,2,0,0,299,0,0,3,0,0
687.86,0,6,0,0,475,1,1,8,0,0
361.84,20,4,0,0,935,0,0,10,0,0
1379.48,2,2,0,0,1300,0,0,6,0,0
650.4,2,3,1,0,661,0,0,4,0,0
684.84,18,1,0,0,1371,0,0,10,1,0
2296.92,16,4,0,0,2111,1,0,5,0,0
343.18,3,2,0,0,310,1,0,6,0,0
443.47,8,1,0,1,2299,0,0,9,0,0
1279.31,15,5,0,0,1706,0,0,1,0,0
2891.15,15,3,0,0,1512,0,0,1,0,0
3782.58,8,1,0,0,1465,0,0,7,0,0
563.93,9,3,0,0,1631,1,1,10,0,0
2800.01,1,1,0,0,956,2,0,5,1,0
500.63,0,4,1,0,1338,0,0,10,0,0
6810.42,23,3,1,0,110,1,0,5,0,0
352.92,5,1,1,0,277,1,1,5,0,0
4140.11,22,2,0,0,1363,0,0,2,1,0
568.79,1,2,0,0,2143,2,1,2,1,0
8211.14,23,1,0,0,13,1,0,6,1,0
1980.93,10,2,0,0,98,0,0,7,1,0
397.02,19,4,1,0,1239,0,0,5,0,0
650.51,20,2,0,0,1687,0,0,8,0,0
2395.1,8,1,0,0,2086,1,0,4,1,0
3142.09,17,1,1,0,417,0,0,5,0,0
1021.76,8,3,0,0,2321,0,0,1,0,0
1146.72,18,2,0,0,1950,0,0,9,0,0
2341.05,23,4,0,0,1734,1,0,4,1,0
1251.13,19,1,0,0,1628,1,0,3,0,0
300.81,17,3,0,0,2471,0,0,6,0,0
486.4,8,4,0,0,616,1,0,1,0,0
1387.31,2,3,0,1,2320,0,0,7,0,0
3697.76,12,5,0,0,1943,0,0,7,0,0
5519.17,3,3,0,0,1919,0,0,7,0,0
2391.15,12,7,0,0,1960,0,0,6,1,0
1461.61,20,2,0,0,21,0,1,2,0,1
2318.82,2,8,0,0,1249,0,0,1,0,0
562.98,21,9,0,0,1592,2,0,3,0,0
940.84,14,2,0,0,1373,1,0,3,0,0
481.0,1,1,0,0,2354,0,0,3,0,0
314.59,17,3,0,0,266,0,0,6,0,0
1530.8,0,4,0,0,2324,1,0,2,0,0
1320.17,14,3,0,0,1067,0,0,7,1,0
2181.25,12,3,0,0,1133,0,0,6,1,0
1893.37,17,1,0,0,1650,0,0,7,0,0
1397.79,9,5,0,0,2014,0,0,7,0,0
1913.36,2,3,1,0,173,0,0,5,0,0
1050.81,9,2,0,0,1839,0,0,10,0,0
1657.21,18,3,0,0,898,0,0,8,0,0
530.52,22,2,0,0,1652,1,0,10,0,0
1587.17,4,2,0,0,1127,1,0,7,0,0
2139.69,8,4,0,0,433,0,0,1,0,0
561.34,21,3,0,0,1777,0,0,2,0,0
1154.97,7,2,0,0,1807,0,0,9,0,0
587.81,5,4,0,0,924,1,0,6,1,0
647.74,19,5,0,0,290,1,0,3,0,0
356.05,11,2,0,0,2315,1,0,2,0,0
3888.49,13,3,0,0,818,0,0,5,0,1
3183.34,11,4,0,1,2008,0,0,7,0,0
1877.01,14,1,1,0,878,0,0,6,0,0
7880.89,6,3,0,0,1254,0,0,7,0,0
907.56,17,1,0,1,2091,0,0,6,0,0
22737.31,8,6,0,0,1780,1,0,10,0,0
873.47,12,2,0,0,1625,1,0,10,0,0
1415.44,4,4,0,0,779,0,0,2,0,0
736.73,0,4,0,0,279,0,0,5,0,0
1591.33,13,4,0,0,1232,0,0,5,0,1
2529.09,3,2,0,0,986,0,0,7,0,0
978.56,21,2,0,0,1429,1,0,2,1,0
6481.58,23,0,0,0,1235,2,0,6,0,0
1392.91,7,6,0,0,708,1,0,4,0,0
1437.25,6,3,0,0,161,0,0,8,1,0
441.86,12,3,0,0,2113,0,0,7,1,0
1666.53,4,4,1,0,205,0,0,10,1,1
959.08,20,1,0,0,1381,0,0,2,1,0
596.91,2,5,0,0,1398,1,0,2,0,0
504.48,10,2,0,1,1154,0,0,9,0,0
15863.3,4,1,0,0,237,1,0,6,0,0
842.63,19,1,0,0,789,1,0,5,0,0
255.45,3,2,1,0,1168,1,0,9,0,0
545.54,10,2,0,0,2220,0,0,4,0,0
1041.52,20,4,0,0,2418,0,0,7,0,0
1894.42,10,2,0,0,772,1,0,8,0,0
1909.88,4,2,0,0,1686,0,0,2,0,0
2157.3,3,9,0,0,310,0,0,9,0,0
575.44,14,4,0,1,1177,0,0,7,0,0
1541.39,2,2,0,0,217,0,0,1,0,0
456.66,8,2,1,0,1050,0,0,8,1,0
590.14,14,3,0,0,2152,0,0,10,0,0
438.03,9,5,0,0,245,0,0,5,0,0
334.16,19,6,0,0,798,1,0,8,0,0
3178.64,16,0,0,0,1120,1,1,1,0,0
2183.34,3,1,1,0,1618,0,0,4,0,1
2912.2,19,1,0,0,1699,0,0,3,0,0
1140.6,21,1,0,0,2484,0,1,1,0,0
2384.65,4,3,0,0,1542,0,0,4,0,0
188.43,8,3,0,0,658,0,0,3,0,0
2599.53,9,4,1,0,1934,1,0,9,0,0
1309.13,10,2,0,1,1581,0,0,2,0,0
2053.11,11,4,0,0,1249,0,0,7,1,0
1603.63,21,4,0,0,1365,0,0,1,0,0
408.69,15,3,0,1,1213,0,1,3,0,0
245.17,21,3,0,0,169,1,0,4,0,0
538.05,8,6,0,0,87,0,0,8,0,0
1929.31,12,3,0,0,864,2,0,2,1,0
2186.57,2,5,0,0,1719,0,0,6,0,0
279.24,6,4,1,0,319,0,0,6,0,1
411.13,14,4,0,0,1127,2,0,5,0,0
532.06,4,3,0,0,605,0,0,7,0,0
767.16,23,1,0,0,1884,0,0,7,0,0
280.89,6,4,0,0,2147,1,0,3,0,0
264.53,3,2,0,0,2118,0,0,5,0,0
482.11,18,2,0,0,827,1,0,2,0,0
1195.42,2,1,0,0,1948,1,0,5,0,0
336.77,7,3,0,0,69,0,0,6,0,0
976.72,4,3,0,0,736,0,0,1,1,0
3160.71,16,1,0,0,2216,0,0,10,0,0
298.34,20,3,0,0,1277,0,0,4,0,0
892.08,4,3,0,0,2306,0,1,8,0,0
3055.68,9,1,0,0,1673,0,0,9,0,0
721.79,11,2,0,0,1358,2,0,5,0,0
617.9,16,2,0,0,812,0,0,2,0,0
3510.44,8,2,0,1,883,0,0,3,1,0
807.38,12,0,0,0,168,1,0,5,0,0
3309.31,12,0,1,0,2033,0,0,5,1,0
1684.06,0,1,0,0,776,0,0,3,0,0
778.33,13,3,0,0,248,0,0,1,0,0
1771.69,13,3,0,0,1687,1,0,10,1,0
1510.88,23,1,0,0,1533,0,0,6,1,0
3043.86,12,1,0,0,2366,0,1,5,0,1
633.75,21,3,0,0,369,0,0,3,0,0
1142.77,8,3,0,0,1957,1,0,8,0,0
1031.21,16,4,0,0,2149,0,0,2,0,0
2217.53,21,5,0,0,452,0,0,10,0,0
393.4,3,5,0,0,1918,0,0,8,0,1
3032.0,13,5,1,0,1310,0,0,8,0,0
1748.18,22,3,0,0,2249,0,0,4,1,0
293.85,13,2,0,0,334,0,0,7,1,0
3671.16,21,1,0,0,2417,0,0,8,0,0
10240.37,10,1,0,0,1468,0,0,8,0,0
2986.43,21,6,0,0,1992,1,0,3,0,0
4568.7,15,6,0,0,1001,0,0,2,0,0
1194.37,11,2,0,0,669,0,0,6,0,0
208.2,5,0,0,0,1645,1,0,1,0,0
173.45,4,4,0,0,1546,0,0,1,1,0
1415.28,6,4,0,0,2069,1,1,5,0,0
606.69,18,3,0,0,2341,0,0,6,0,0
439.41,11,1,0,0,1026,0,0,1,1,0
1029.94,9,3,0,0,476,0,0,7,0,0
2029.58,11,3,0,0,2056,1,0,10,0,0
256.53,8,3,0,0,479,0,0,10,0,0
700.03,19,4,0,0,2240,0,0,2,0,0
4963.52,9,2,0,0,1868,0,0,10,1,0
374.17,11,4,0,0,2164,1,0,10,1,0
2616.94,13,4,0,0,1571,0,0,5,0,0
675.38,15,5,0,0,818,0,1,1,0,0
1892.76,8,6,1,0,1129,0,0,1,0,0
3285.68,1,5,0,0,1910,0,0,4,0,0
2301.42,16,2,0,0,227,0,0,6,0,0
2722.1,13,2,0,0,106,0,0,3,0,0
346.68,15,1,0,0,1904,0,0,8,0,0
3339.78,13,2,0,1,1795,1,0,7,0,0
467.46,12,4,0,0,846,1,0,2,0,0
1421.6,22,5,0,0,1615,1,0,7,0,0
1419.76,1,3,0,0,2274,0,1,3,0,0
1781.34,2,3,0,0,1334,0,0,9,1,0
1536.03,22,7,0,0,1488,0,0,8,0,0
471.63,21,5,1,0,2163,0,0,6,0,0
284.33,9,1,0,0,1886,0,0,5,0,0
2623.72,12,4,0,0,723,0,0,1,0,0
1320.59,10,1,0,0,453,1,0,4,0,0
3461.22,23,3,0,0,80,0,0,10,0,0
1048.66,10,5,0,1,1690,1,0,9,0,0
269.03,18,2,0,0,2285,0,0,8,0,0
2881.68,8,1,0,0,2420,0,0,2,1,0
757.2,9,5,0,0,740,4,0,9,0,0
1543.8,16,2,0,0,560,0,0,1,0,0
573.95,9,3,0,0,2202,1,0,6,0,0
5677.7,0,5,0,0,1852,1,0,3,0,0
456.43,4,2,0,0,699,0,0,9,0,0
782.56,20,5,0,0,1018,0,0,8,0,0
1221.03,8,5,0,1,426,1,1,6,0,0
367.9,2,2,0,0,251,0,0,7,0,0
1526.17,22,3,0,0,719,0,0,4,0,0
5496.74,23,3,0,0,2237,0,0,1,1,0
671.52,11,2,0,0,1436,0,0,4,0,0
1628.06,15,2,0,0,1087,0,0,2,0,0
70.15,18,1,0,0,1867,1,0,10,0,0
1054.76,1,1,1,0,867,0,0,2,0,0
801.88,7,4,0,0,523,1,0,4,0,0
483.72,13,6,0,0,1979,0,0,4,0,0
3233.92,13,5,0,0,861,2,0,3,1,0
791.36,7,3,0,0,33,0,0,2,1,0
918.3,0,4,0,0,128,1,0,2,0,0
752.05,22,1,0,0,1475,0,0,7,1,0
161.29,14,3,0,1,37,0,0,9,0,1
353.55,18,9,0,0,133,1,0,9,0,0
2867.21,10,2,0,1,624,0,0,4,0,0
132.96,12,4,0,0,2354,1,0,9,0,0
509.63,10,5,0,0,690,0,0,1,0,0
735.3,10,1,0,1,2248,0,0,5,0,0
6270.57,16,2,0,0,1210,0,0,10,0,0
2365.17,23,6,0,0,1620,1,0,2,1,0
628.18,18,5,0,0,758,0,0,10,1,0
4042.08,16,5,0,0,1318,0,0,1,0,0
522.95,0,5,0,0,700,0,0,7,0,0
3008.21,12,3,0,0,1948,0,0,4,0,0
281.78,22,4,0,0,2247,1,0,9,0,0
3207.53,9,3,1,0,1762,1,0,5,0,0
730.6,13,4,0,0,279,0,0,7,0,0
392.09,7,5,0,1,1070,0,0,2,0,0
882.59,4,4,0,0,447,0,0,1,0,0
1447.14,16,2,0,0,404,1,0,1,0,0
668.64,7,3,0,0,66,0,0,3,0,0
1908.27,14,2,0,0,2105,0,0,2,0,0
612.17,14,2,1,0,1577,0,0,8,0,0
2039.32,20,1,0,0,1727,0,0,8,0,0
1706.54,22,2,0,0,692,1,0,8,0,1
1031.82,13,5,0,0,785,1,1,2,1,0
705.3,1,3,0,0,1578,1,0,2,0,0
1276.07,13,6,0,0,1084,1,0,9,0,0
1901.23,21,2,0,0,552,0,0,2,1,0
8619.64,11,2,1,0,1823,0,0,10,0,0
2805.73,13,1,0,1,1780,1,0,3,1,0
2910.24,18,2,0,0,1587,0,0,4,1,0
24064.96,10,2,0,0,550,1,0,8,1,1
1837.13,9,2,0,0,2297,0,0,7,0,0
1780.49,11,3,0,0,2166,0,0,7,0,0
2217.23,20,3,0,0,74,0,0,3,0,0
399.83,11,2,0,0,1576,1,0,5,0,0
703.52,7,3,0,0,1571,0,0,8,0,0
661.05,14,2,1,0,1805,0,0,6,0,0
2095.64,16,2,0,1,961,1,0,3,0,0
921.34,21,1,0,1,826,1,0,3,0,0
1259.19,21,2,0,0,723,0,0,5,0,0
3253.4,18,4,0,0,2206,0,0,3,0,0
2599.7,18,1,0,0,2249,0,0,9,0,0
932.88,10,3,0,0,873,1,0,2,0,0
561.16,8,1,0,0,1073,0,0,7,0,1
3412.75,13,5,0,0,1789,0,1,3,0,0
2377.71,16,2,0,0,1059,1,0,1,0,0
220.03,12,1,1,0,1493,0,0,4,1,0
801.79,4,2,1,0,695,0,0,1,0,0
1294.03,0,3,0,0,1569,0,0,5,0,0
2389.48,1,2,1,0,1861,2,0,10,0,1
2724.67,10,4,0,0,960,0,0,7,0,0
1456.67,18,4,0,0,1104,1,0,4,1,0
1968.93,18,1,0,0,2220,0,0,9,0,0
1169.27,19,0,0,0,985,0,1,3,0,0
559.0,17,1,0,0,567,0,0,9,1,1
844.49,0,1,0,0,1730,1,0,5,0,0
1117.66,21,1,0,1,1314,1,0,3,0,0
1059.25,22,2,0,0,1547,1,0,4,0,0
166.41,20,5,0,0,2027,0,0,5,1,0
736.95,10,2,0,0,2484,2,0,7,0,0
1160.04,5,1,0,0,935,0,0,10,1,0
827.68,21,4,0,0,777,0,0,6,0,0
856.78,4,1,0,0,388,0,0,2,0,0
1786.46,18,6,0,0,2334,0,1,7,1,0
372.8,23,4,1,0,1684,1,0,10,0,0
215.28,21,2,0,0,1260,2,0,9,0,0
774.2,12,2,0,0,2156,1,0,3,0,0
2354.57,20,1,1,0,70,1,0,5,0,0
5928.66,19,2,0,0,2457,0,1,1,1,0
2397.37,23,1,0,0,1793,0,0,8,0,0
252.58,8,2,0,0,779,0,0,10,1,0
869.25,15,2,0,0,964,1,0,5,0,0
1417.48,19,0,0,1,2020,3,0,5,1,0
1309.75,5,4,0,0,2196,0,0,9,1,0
1880.52,5,4,0,0,323,1,0,5,0,0
438.32,9,2,0,0,1029,0,0,5,0,0
1170.22,8,3,0,0,1293,0,0,3,0,1
1669.57,18,1,0,0,297,0,0,3,0,0
2504.07,22,5,0,0,807,2,0,4,0,0
489.94,3,5,0,0,1689,0,0,10,0,0
776.54,7,4,0,0,733,1,0,6,0,0
73.42,22,2,0,0,857,0,0,6,0,0
589.07,14,5,0,1,355,0,0,5,0,0
649.1,4,1,0,0,1550,1,0,8,1,0
395.6,14,5,0,0,82,1,0,9,1,0
1294.15,21,1,0,0,729,0,0,7,1,0
1036.97,8,0,0,0,2401,1,0,7,0,0
114.52,11,4,0,0,842,0,0,7,0,0
1360.36,14,8,0,0,1895,0,0,8,1,1
433.41,20,3,0,0,1307,0,0,1,0,0
1782.35,13,3,1,0,480,1,0,9,0,0
304.34,22,2,0,0,1284,0,0,4,0,0
1130.04,18,3,1,0,1195,0,0,6,0,0
826.2,10,4,0,0,2486,0,0,10,0,0
1484.9,11,6,0,1,2391,1,0,8,1,0
1242.27,16,3,0,0,1349,0,0,6,1,0
849.66,1,3,0,1,2334,0,0,7,0,0
235.98,5,0,0,0,1510,0,1,2,1,0
250.33,5,3,0,0,245,0,0,3,1,0
611.62,19,1,0,0,2139,2,0,3,0,0
1087.59,19,7,0,0,1833,1,0,3,0,0
596.9,19,3,0,0,20,0,0,1,0,0
2049.21,2,2,0,0,30,0,0,9,0,0
829.46,7,2,0,0,2354,0,0,5,0,0
417.79,7,4,0,0,789,0,1,1,0,0
830.4,0,3,0,0,839,1,0,2,0,0
1374.52,6,1,0,0,1426,0,0,6,0,0
1517.6,10,3,0,0,2064,1,0,9,0,0
7175.15,21,3,0,0,1399,0,0,1,0,0
561.77,4,3,0,0,1482,0,0,5,0,0
1018.94,20,3,0,0,156,1,0,2,1,0
1679.29,19,0,0,0,2133,0,0,9,0,0
1071.25,3,1,0,0,429,1,0,2,0,0
664.73,6,7,0,0,958,0,0,7,1,0
232.93,10,6,0,1,1454,0,1,4,1,1
657.97,22,3,0,0,2134,0,0,6,0,0
374.76,18,0,0,0,1289,0,1,8,0,0
195.08,23,4,0,0,2329,0,0,2,0,0
494.88,7,4,0,1,486,1,0,9,1,1
384.87,21,0,0,0,746,1,0,3,1,0
1966.06,22,3,0,0,1855,1,0,4,0,0
2000.38,14,5,0,0,1552,0,0,5,0,0
444.13,3,4,0,0,586,0,0,9,0,0
845.37,6,4,0,0,522,0,0,4,0,0
171.02,3,3,0,0,880,1,0,2,0,0
668.92,19,1,0,0,1650,0,0,9,0,0
1634.32,7,7,0,0,1859,0,0,1,0,0
2502.23,16,2,0,1,2322,0,0,7,0,0
537.51,6,4,1,0,1715,0,0,10,0,0
3139.61,23,3,0,0,1619,1,0,4,0,0
240.88,18,2,0,0,850,3,0,5,0,0
314.94,9,2,0,0,1837,0,0,5,0,0
2229.79,11,6,0,0,1480,0,0,8,0,0
5832.03,1,3,0,0,2193,0,0,4,1,0
1796.21,3,4,0,1,249,2,0,7,0,0
1053.27,23,4,0,0,1697,1,0,6,0,0
122.1,19,5,0,0,669,1,0,3,0,0
145.12,20,1,0,0,630,0,1,1,0,0
1248.14,15,3,0,0,24,0,0,3,0,0
766.58,5,3,0,0,1655,0,0,5,0,1
362.91,2,4,0,0,643,2,0,2,0,0
1170.91,17,4,0,0,2318,0,0,4,0,0
1230.45,7,4,0,0,1238,0,1,10,0,0
2819.78,0,2,0,0,1808,1,0,8,0,0
1257.15,0,2,0,0,1160,0,0,7,0,0
3745.81,13,8,0,0,670,0,0,4,0,0
1105.43,20,2,0,0,1687,1,0,1,0,0
977.17,8,1,0,0,2249,1,0,8,0,0
3178.97,23,3,1,0,1578,0,0,4,0,0
412.22,9,2,0,0,2312,0,0,1,1,0
18296.18,17,2,0,0,753,0,0,6,0,0
1596.0,5,5,0,1,592,1,0,10,0,1
1604.92,14,1,0,0,382,1,0,3,0,0
1853.99,6,3,0,0,917,0,0,5,0,1
7166.24,18,1,0,1,2373,0,1,10,1,0
2422.38,10,0,0,0,281,0,0,5,0,0
220.29,1,2,0,0,1489,0,0,7,0,0
4462.53,5,2,0,0,2317,0,0,6,0,0
779.85,8,3,0,0,1380,0,0,4,0,0
1220.67,11,4,0,0,1445,0,0,4,0,0
305.13,6,3,0,0,1864,0,0,6,1,0
1856.04,13,2,0,0,813,0,0,3,0,0
571.71,23,4,0,1,1551,1,0,4,1,0
1212.17,17,3,0,0,681,0,1,1,0,0
825.43,7,2,0,0,2256,0,0,5,0,0
7517.68,16,5,0,1,1415,0,0,5,0,0
7960.61,23,1,1,0,1009,0,0,6,0,0
1148.85,5,2,0,0,2422,0,0,4,1,0
1169.09,5,3,0,0,1239,0,0,7,1,0
754.88,0,3,0,0,1162,0,0,8,0,0
3314.32,20,1,0,0,613,0,0,1,0,0
789.25,19,2,0,0,2451,1,0,1,0,0
719.58,9,6,0,0,1653,0,0,5,0,0
2917.82,20,7,0,0,1854,0,0,1,0,0
640.15,15,2,0,0,2247,0,1,6,0,0
1056.0,23,1,0,0,1761,0,0,5,0,0
225.58,22,5,0,0,2390,0,1,1,0,0
2217.62,23,2,0,0,384,0,0,7,0,0
7637.82,9,4,0,1,1172,0,0,6,0,0
2255.72,15,5,1,0,488,0,0,4,0,0
4730.56,4,2,0,0,783,0,0,6,0,0
470.55,21,2,0,0,1847,0,0,9,0,0
1388.98,7,4,0,0,1372,2,0,9,1,1
427.02,10,4,1,1,414,2,0,4,0,0
873.26,14,3,0,0,1762,0,0,2,0,0
2373.71,18,3,0,0,1376,0,0,4,0,0
1214.18,17,3,0,0,900,1,0,2,1,0
267.03,22,5,0,0,1282,3,0,4,0,0
294.41,17,3,0,1,1949,1,0,5,0,0
275.57,19,3,0,0,1810,0,0,3,0,0
1792.65,13,6,0,0,473,0,0,3,0,0
8637.73,9,2,0,0,1377,0,0,8,0,0
4283.21,21,1,0,0,926,0,0,7,0,0
164.68,9,4,0,0,546,0,1,10,1,1
4541.79,14,2,0,0,2379,0,1,10,0,0
2797.27,6,4,0,0,1952,0,0,9,0,0
233.85,11,3,0,0,2190,1,0,7,0,0
809.81,8,0,0,0,1961,0,0,5,0,0
3279.75,6,3,0,0,1983,1,0,3,1,0
1901.57,19,1,0,0,99,0,0,4,0,0
296.16,18,1,0,0,2485,2,0,3,0,0
2019.78,16,4,0,0,1355,0,0,9,1,0
129.35,1,0,0,0,802,0,0,5,1,0
877.59,5,1,0,0,205,0,0,7,0,0
3421.92,5,1,0,0,41,1,0,2,0,0
1116.99,17,3,0,0,291,1,0,7,0,0
665.85,21,2,1,0,805,0,0,5,0,0
2668.7,9,4,0,0,142,0,0,10,0,0
2906.64,7,4,0,0,640,0,0,9,0,0
4064.47,13,4,0,0,1899,2,0,2,1,0
2628.96,23,1,0,0,840,0,0,7,0,0
3233.68,8,0,0,0,1418,0,0,7,0,0
2282.23,6,1,0,0,1823,0,0,7,1,0
1430.14,12,9,0,0,1266,0,0,6,0,0
1199.32,21,3,0,0,1235,0,1,2,0,0
865.01,17,1,0,0,533,0,0,10,0,0
326.24,12,3,0,1,525,1,0,5,0,0
421.87,17,1,0,0,57,1,0,2,0,0
827.15,0,1,0,0,55,0,0,8,0,0
1396.12,18,1,0,0,558,0,0,5,0,0
4632.32,2,2,0,0,178,0,0,6,0,0
1051.74,9,0,1,0,800,0,0,1,1,0
2991.34,8,0,0,0,17,1,0,4,1,1
3227.02,16,2,0,0,2160,0,0,1,0,0
870.05,5,6,0,0,1702,0,0,4,0,0
1987.61,5,2,0,0,368,0,0,2,0,0
859.6,21,2,0,0,439,0,0,9,1,0
4113.94,11,3,0,0,525,0,0,10,0,0
2071.12,17,2,0,0,474,1,0,9,0,1
333.46,13,1,0,0,345,0,0,5,0,0
1288.87,14,2,0,0,572,0,0,3,1,0
5699.38,16,3,0,1,1956,0,0,3,0,0
914.86,16,5,0,0,1368,1,0,4,0,0
1715.94,21,2,0,1,361,1,1,6,0,1
1892.93,18,1,0,1,425,1,0,6,1,0
388.92,7,1,0,0,253,1,0,9,0,1
1827.51,4,7,0,0,2086,0,0,7,0,0
272.1,20,3,0,0,1275,0,0,2,0,0
586.62,8,6,0,1,1147,0,0,8,0,0
3215.45,7,1,0,0,1266,0,0,7,0,0
1566.75,2,1,0,0,1182,1,0,6,0,0
808.78,13,2,0,0,1109,0,1,5,0,0
1713.79,12,1,0,0,1037,0,0,2,0,0
1032.67,19,0,0,0,2137,0,0,8,0,0
1110.51,17,3,0,0,2052,0,0,1,0,0
2115.02,17,2,0,0,1392,1,0,4,0,0
529.87,12,2,0,0,2021,0,0,3,0,0
1141.77,20,3,0,0,60,0,0,4,0,0
802.5,23,5,0,0,1799,0,0,7,0,0
224.62,19,1,1,1,791,0,0,8,0,0
436.83,8,3,0,0,267,2,0,5,0,0
5261.68,6,5,0,0,1938,0,1,10,0,0
1611.18,0,3,0,0,2055,1,0,3,0,0
291.9,23,7,0,0,354,0,1,4,1,1
235.01,17,3,0,0,1458,0,0,5,0,0
980.28,22,0,0,0,2115,0,0,8,0,0
5224.88,18,1,0,0,1642,0,0,6,0,1
909.82,10,3,0,1,1286,1,0,8,0,0
4052.14,3,1,0,0,641,0,0,1,0,0
1559.2,1,3,0,0,824,1,0,2,1,0
1756.8,19,2,0,0,2121,0,0,6,0,0
288.38,7,3,0,0,550,0,0,10,0,0
2800.42,9,0,0,0,254,0,0,9,0,0
784.52,20,1,0,0,806,0,0,4,0,0
2599.55,11,1,0,0,885,0,1,3,0,0
485.82,22,1,1,0,135,0,1,2,0,0
1309.04,13,1,0,0,1315,0,0,1,0,0
1559.32,19,5,1,0,1397,0,0,10,1,0
940.08,3,5,0,0,2254,0,0,6,0,0
1643.44,9,2,0,0,641,2,0,6,0,0
840.17,4,2,0,0,724,2,0,9,0,0
573.03,1,5,0,0,2187,0,0,7,0,0
5461.53,23,1,0,0,1088,0,0,2,0,0
3130.52,12,1,0,0,357,1,0,6,0,0
512.42,8,4,0,0,1451,0,0,4,0,0
1936.13,9,3,0,0,1160,0,0,10,0,0
521.82,5,3,0,0,1370,0,0,3,0,0
335.4,2,3,0,0,1810,0,0,8,0,0
3083.47,21,10,0,0,2298,0,0,10,0,0
199.52,2,3,0,0,1881,0,0,8,0,1
2770.7,9,7,0,0,1950,0,0,1,0,0
851.74,3,3,0,0,552,0,0,6,0,0
887.54,22,1,0,0,2202,0,0,1,1,0
1652.02,4,1,0,0,2379,0,0,1,0,0
1960.98,9,2,0,0,273,0,0,3,0,0
479.94,18,2,0,0,2372,0,0,1,0,0
2247.84,13,6,1,0,997,0,1,1,0,0
1228.28,9,4,0,0,1039,1,0,9,0,0
312.29,13,4,0,0,1549,0,0,10,0,0
925.31,10,2,1,0,1147,0,0,3,0,0
4364.59,6,3,0,0,1197,1,0,6,0,0
5864.04,14,2,0,0,836,0,0,3,1,0
2246.99,8,3,0,0,859,1,0,3,0,1
333.5,23,3,0,0,990,1,0,2,0,0
1791.14,11,4,0,1,1494,0,0,9,0,0
2567.94,18,2,0,0,1977,1,0,4,0,0
2265.86,5,3,1,0,348,0,0,1,0,0
2404.16,15,3,0,1,1275,1,0,10,0,0
1576.97,13,2,0,0,1233,0,0,3,0,0
1020.03,17,0,0,0,2236,0,0,2,0,0
596.83,11,6,0,0,289,0,0,3,0,0
164.36,17,4,0,0,1027,1,0,7,0,0
1540.16,1,3,0,1,748,0,0,10,0,0
1320.88,16,3,0,0,1734,0,0,3,0,1
1915.2,18,2,0,0,285,0,0,3,1,0
287.85,11,2,1,0,1836,0,0,3,0,0
2090.2,0,4,0,0,2447,0,0,7,0,0
8557.34,13,2,0,1,836,0,0,7,0,0
1186.13,18,7,0,0,783,0,2,10,0,0
1031.05,11,2,0,0,2278,0,0,10,0,0
1493.69,2,3,0,0,628,3,0,7,0,1
8369.4,9,1,0,0,1273,0,0,7,0,0
394.0,23,3,0,0,325,0,0,9,0,1
1343.73,6,3,0,0,1268,0,0,10,0,0
492.92,12,3,0,0,2045,0,0,6,1,0
634.6,8,2,0,0,125,1,0,10,0,0
1043.58,17,5,0,0,1883,0,0,7,0,0
4218.87,10,6,0,0,2124,0,0,10,1,0
6640.82,9,3,0,0,315,0,0,10,0,0
1716.67,13,2,0,0,1526,1,0,3,0,0
752.5,13,2,0,0,1479,0,0,9,1,0
13263.07,11,3,0,0,573,1,0,1,0,0
715.12,6,3,0,0,97,0,0,2,1,0
619.47,2,3,0,1,787,0,0,7,0,0
185.87,16,4,0,0,1441,0,0,10,0,0
4429.72,8,4,0,0,917,0,0,7,0,0
2887.79,14,5,0,0,134,0,0,2,0,0
12305.55,9,3,0,0,2086,0,0,1,0,0
273.27,20,3,0,0,1903,1,0,6,0,0
4713.43,16,6,0,0,2015,0,0,7,0,0
1176.31,9,3,0,0,2196,1,0,5,0,0
2455.54,7,2,0,0,1351,1,0,2,1,0
211.08,17,4,0,0,1152,0,0,8,1,0
4760.38,0,6,0,0,1961,0,0,7,0,0
2407.92,1,4,0,0,2251,1,0,9,0,0
1054.78,2,6,0,0,1419,1,0,3,0,0
2090.4,8,4,0,0,439,0,0,9,0,0
510.05,11,3,1,0,371,1,0,9,0,0
614.35,7,1,0,1,1968,0,0,9,0,0
689.91,4,5,0,0,554,2,0,3,0,0
171.96,7,2,0,0,1182,0,0,7,0,0
2596.08,11,7,1,0,811,0,0,5,0,0
3610.47,7,0,0,0,2002,0,0,8,0,0
543.84,13,5,0,0,569,1,0,1,0,0
1553.4,9,3,0,0,1223,0,0,6,0,1
840.89,22,3,0,0,2249,0,0,8,0,0
1522.75,23,6,0,0,1180,0,0,8,1,1
585.47,15,5,0,1,488,0,0,10,0,0
453.31,13,3,0,0,797,0,1,4,0,0
3140.3,0,1,0,0,242,0,0,10,1,0
1028.78,14,2,0,0,2058,1,0,5,1,0
8284.23,9,2,0,0,2088,0,0,3,0,0
1148.61,6,3,0,0,2457,0,0,6,0,0
434.38,19,4,0,1,353,0,0,7,0,1
3740.37,1,6,0,0,641,0,0,3,0,0
2060.7,6,6,0,0,12,0,0,8,0,0
2268.5,18,2,0,0,1206,0,0,3,1,0
3606.89,22,1,0,0,1697,0,0,5,0,0
570.89,12,4,0,0,729,2,0,7,0,0
965.6,12,4,0,0,376,0,1,5,0,0
923.85,23,5,1,0,259,0,0,2,0,0
301.65,2,2,0,0,993,1,0,4,0,0
842.53,11,5,1,0,1983,0,0,4,0,0
4172.95,5,1,0,0,812,0,1,7,0,0
1390.39,11,6,0,0,1663,1,0,1,0,0
285.41,21,2,0,0,2405,0,0,1,0,0
231.4,14,2,0,0,188,0,0,4,0,0
5795.15,23,1,0,0,247,0,0,8,1,0
1001.93,12,3,1,1,1843,1,0,1,0,0
573.98,20,1,0,0,143,0,0,10,0,0
833.81,4,2,0,0,1194,0,0,6,0,0
250.31,7,3,0,0,1944,2,0,9,0,0
4550.97,6,1,0,0,1931,0,0,5,0,0
740.22,18,2,0,0,833,0,0,9,0,1
4304.44,12,8,0,0,285,0,0,8,0,0
1154.76,5,8,0,0,1407,1,0,10,0,0
4580.36,4,2,0,0,945,1,0,1,0,0
1417.56,9,6,0,0,25,1,0,3,0,0
2574.04,3,5,0,0,2167,0,0,5,0,0
2250.92,16,2,0,0,2473,0,0,5,0,0
2045.28,20,5,0,0,73,0,0,10,0,0
1552.99,23,3,0,1,1629,0,0,4,0,0
868.83,5,4,0,0,649,0,0,5,0,0
7446.02,10,1,0,0,1639,1,0,6,0,0
442.78,12,2,0,0,257,1,0,10,1,0
1101.37,11,2,0,0,1874,1,0,9,0,0
1113.08,10,3,0,1,253,1,0,6,1,0
1639.98,5,2,0,0,908,0,0,5,1,0
713.75,2,1,0,0,813,0,0,9,0,0
1502.29,9,0,0,0,1004,0,0,6,0,0
926.26,2,1,0,1,1177,0,0,1,1,0
225.44,1,3,0,0,1094,1,0,10,1,0
1107.16,12,5,0,0,480,1,0,3,0,0
364.83,20,4,0,1,1984,0,0,6,0,0
193.57,12,1,0,0,2403,0,0,4,0,0
1257.49,0,2,0,0,210,0,0,1,1,0
1786.27,20,4,0,1,1460,0,0,1,0,0
1856.96,16,2,1,0,722,0,0,9,0,0
1933.66,7,4,0,0,2382,0,0,1,0,0
158.76,6,3,0,0,1952,0,0,5,0,0
281.18,21,3,0,1,1595,0,0,2,0,0
7891.34,11,5,0,0,172,0,0,8,0,0
384.83,3,2,0,0,1995,0,0,2,0,0
2019.98,6,3,0,0,2370,0,0,8,0,0
551.73,6,3,0,0,2337,1,0,7,0,0
1187.58,9,3,0,0,1382,1,0,4,0,0
582.16,8,3,0,0,1556,0,0,7,1,0
1922.81,13,3,0,0,305,2,0,10,0,0
1257.37,7,2,1,1,139,0,0,2,0,0
700.44,15,3,0,0,493,0,1,7,0,0
383.69,11,0,0,0,852,0,0,9,0,0
1433.36,22,3,0,0,515,0,0,2,0,0
326.13,19,2,0,0,1198,0,0,4,0,0
1681.57,7,3,0,0,466,1,0,1,0,0
15161.05,1,0,0,0,2033,0,0,1,0,0
4230.9,14,7,0,0,1297,0,0,2,0,0
2249.24,8,2,0,0,262,0,0,10,0,0
1006.66,21,4,0,0,2022,0,0,6,0,0
157.79,9,4,0,1,87,0,0,5,1,0
292.28,6,2,0,0,407,0,0,2,1,0
3955.23,8,3,0,0,1667,0,1,7,0,0
497.82,20,1,0,0,126,1,0,5,0,0
544.98,2,2,0,0,634,0,0,3,0,0
929.22,22,2,0,0,86,1,0,3,1,0
379.16,5,2,0,0,119,0,0,6,0,0
321.58,20,4,0,0,313,0,0,1,0,0
1042.66,13,3,0,0,342,0,0,8,0,0
449.65,13,3,0,0,504,1,0,5,0,0
522.69,4,4,1,0,2185,0,0,2,1,1
502.1,17,1,1,1,1024,1,0,3,0,0
1848.93,15,4,0,0,45,1,0,1,0,0
869.46,11,2,0,0,1856,0,0,5,0,0
917.29,10,4,0,0,181,0,0,5,0,0
1992.1,14,4,0,0,61,0,0,6,0,0
951.42,11,1,0,0,1635,0,0,10,1,0
830.27,23,3,1,0,707,0,0,5,0,0
1755.4,0,1,0,0,2312,0,0,10,0,0
2139.22,6,2,0,0,65,0,0,4,0,0
946.65,20,2,0,0,671,2,0,1,0,0
1188.69,19,2,0,0,2478,0,0,4,0,0
501.8,8,2,0,0,1850,0,0,2,1,0
463.74,12,3,0,0,1734,0,0,2,0,0
2366.45,0,3,1,0,203,0,0,6,0,0
1711.19,4,2,1,0,498,0,0,6,0,0
1729.0,22,1,0,0,1479,0,0,7,0,0
1452.23,15,1,0,1,255,0,0,3,1,0
1148.49,0,2,0,0,1819,0,0,1,1,0
2200.44,19,2,0,0,708,0,0,5,0,0
2793.66,9,2,0,0,1224,2,0,4,0,0
2727.74,13,1,0,0,1841,0,0,7,0,0
991.5,20,5,1,0,130,0,0,5,0,0
4389.6,20,4,0,0,2493,0,0,7,0,0
1378.1,3,2,0,0,2178,0,0,5,1,0
2063.95,8,2,0,0,665,0,0,10,0,0
1454.02,6,5,0,1,674,1,0,3,0,0
1403.9,21,5,0,0,2029,0,0,8,0,0
525.45,18,6,0,0,1709,1,0,5,0,0
2211.33,15,3,0,0,2077,1,0,2,0,0
18869.35,1,2,1,1,1340,0,1,2,0,0
753.86,19,5,0,0,1691,0,0,1,0,0
1177.32,13,5,0,0,2448,2,0,10,0,0
701.9,6,3,0,0,1284,0,0,1,0,0
673.16,10,4,0,0,1031,0,0,1,0,0
5138.16,10,4,0,0,2321,0,0,1,0,0
559.49,7,1,0,0,2100,1,0,10,1,0
682.61,21,1,0,0,1642,0,0,8,0,0
224.19,22,5,0,0,985,0,0,9,0,0
514.08,1,0,0,0,1301,0,0,6,0,0
198.66,22,6,0,1,1741,0,0,2,0,0
2062.77,9,2,0,0,1526,1,0,5,0,0
18028.29,19,4,0,0,1141,0,0,3,0,0
760.0,18,3,0,0,1931,1,1,6,0,0
207.11,14,3,0,0,1512,0,0,9,0,0
2697.28,17,2,0,0,329,0,0,2,1,0
530.1,16,4,0,0,380,0,0,6,1,0
4021.25,20,2,0,0,2082,0,0,3,0,0
827.14,10,7,0,0,1335,0,0,7,0,0
583.0,17,5,1,0,2121,0,0,10,0,0
917.86,23,3,0,0,1117,1,0,8,1,0
2339.7,22,6,1,1,881,0,0,2,0,0
873.56,3,7,1,0,673,0,0,5,0,0
667.32,11,0,0,0,162,0,0,1,0,0
898.9,12,0,0,0,1652,1,0,8,0,0
307.4,14,4,0,0,1947,0,0,9,0,0
1631.14,15,1,0,0,1849,0,0,4,0,0
183.69,20,2,0,0,2188,0,0,10,0,0
703.37,12,6,0,0,2047,0,0,5,0,0
2343.46,16,2,0,0,1446,0,0,1,0,0
1484.82,21,0,0,0,273,2,0,8,0,0
1978.95,2,4,0,0,1870,0,0,8,1,0
1027.57,15,0,0,0,1483,0,0,1,0,0
3532.45,8,4,0,1,1910,0,0,5,0,0
2764.73,21,3,0,0,1438,0,0,6,1,0
1713.24,13,1,0,0,725,0,0,3,0,0
2772.61,14,2,0,0,571,0,0,1,0,0
2322.56,18,6,0,0,283,1,0,1,0,0
706.65,5,3,0,0,943,0,0,9,0,0
286.03,13,3,0,0,2196,1,0,4,1,0
1669.64,18,0,0,0,463,1,0,1,0,0
1893.32,18,2,0,0,626,0,0,8,0,0
3263.23,5,1,0,0,447,0,0,7,0,0
429.95,20,2,1,0,1085,0,1,9,1,0
443.0,3,5,0,0,380,1,0,10,0,0
1736.97,6,5,0,0,2188,0,0,7,0,0
1021.3,20,4,0,0,2224,0,0,10,0,0
166.37,14,4,0,0,802,0,0,2,0,0
1595.76,13,1,0,0,228,0,0,4,0,0
172.01,13,3,0,0,1041,0,0,4,1,0
426.13,23,4,0,0,77,0,0,6,0,1
4237.3,5,5,0,0,72,0,0,2,0,0
6801.37,7,2,0,0,1222,1,0,8,1,0
325.17,11,1,0,0,192,2,0,1,1,0
788.88,20,2,0,0,1219,1,0,2,0,0
1144.38,13,1,0,0,1650,0,0,2,0,0
6510.86,17,1,0,1,874,0,0,4,0,0
669.9,19,3,0,1,2362,0,0,5,0,0
680.7,21,1,0,0,1678,0,0,9,0,0
5160.17,11,6,0,1,305,1,0,4,0,0
753.86,10,2,0,0,2475,0,0,8,0,0
2257.93,1,2,0,0,2274,1,0,4,1,0
250.35,1,4,0,0,589,0,0,3,0,0
924.05,11,3,0,1,284,0,1,4,0,0
208.6,17,1,0,0,1093,0,0,4,0,0
381.67,20,2,0,0,2206,0,0,5,0,0
2538.18,9,3,0,0,1594,1,0,7,0,0
1043.25,13,1,0,0,2221,1,0,10,0,0
797.03,19,3,0,0,2097,0,0,9,0,0
518.66,7,5,0,0,77,2,0,5,1,1
879.49,3,4,0,0,1743,0,0,6,0,0
1481.95,22,3,0,0,866,0,0,4,1,0
2930.46,13,4,1,0,2471,0,0,7,0,0
79.43,3,2,0,0,538,0,0,1,1,0
477.34,6,3,0,0,1621,0,0,1,0,0
1285.75,7,3,0,0,2458,1,0,10,0,0
993.4,4,3,0,0,1905,0,1,7,0,0
1641.52,10,2,0,1,739,1,0,2,0,0
1433.02,19,2,0,1,2406,1,0,4,1,0
808.46,17,5,1,0,1371,1,0,2,0,0
647.52,22,4,0,0,2049,1,0,3,0,0
857.91,20,7,0,0,1060,0,0,9,1,1
3459.03,7,4,0,0,1629,0,0,5,0,0
527.42,1,0,0,0,1314,1,0,5,0,0
1029.88,3,5,0,0,1541,1,0,5,1,0
1317.3,19,2,0,0,1687,0,0,3,0,0
5220.51,8,2,0,0,2108,0,0,7,0,0
812.16,17,3,0,0,899,0,2,3,0,0
2860.66,10,3,0,0,1578,1,0,7,0,0
3759.27,21,2,0,0,2240,0,0,3,0,0
1028.9,12,1,1,0,2019,0,0,8,0,1
888.27,21,4,0,0,578,0,0,3,0,0
789.14,6,5,0,0,740,0,0,10,0,0
849.1,18,5,1,1,2159,1,1,3,1,1
2576.64,12,6,1,1,2382,1,0,3,0,0
1381.62,4,2,0,0,1410,2,0,6,0,1
1387.54,5,3,0,0,1016,0,0,8,0,0
355.95,7,0,0,0,2314,0,0,3,0,0
416.76,3,4,0,0,246,1,0,3,0,0
9352.95,22,3,0,0,2096,1,0,3,0,0
917.98,5,2,0,0,2413,0,0,10,0,1
505.34,14,2,0,0,1888,0,0,3,0,0
4587.54,13,3,0,0,934,0,0,3,0,0
1453.61,12,5,0,0,843,0,0,4,0,0
1955.02,15,2,0,0,884,0,0,8,0,0
955.23,21,1,0,0,548,0,0,7,0,0
797.38,23,1,0,0,674,0,0,3,0,0
925.57,20,2,0,0,2261,0,0,10,0,0
275.13,11,3,1,0,1466,1,0,1,0,0
1004.33,17,0,0,0,372,1,0,10,0,0
1474.44,4,3,1,0,550,0,0,10,0,1
6977.62,21,3,0,0,72,0,0,6,0,0
1195.12,4,2,0,0,2018,0,0,9,0,1
106.25,2,5,0,0,2095,0,0,3,0,0
998.26,19,2,0,0,1662,0,0,10,1,0
16975.12,18,6,0,0,2047,0,0,6,1,1
2608.07,3,3,0,0,802,1,0,9,0,0
487.41,23,2,0,0,2293,0,0,5,0,0
1980.5,2,6,1,0,2278,2,0,7,0,1
522.17,1,2,0,1,1860,1,0,7,1,1
283.21,22,2,0,0,407,0,0,5,0,0
774.05,5,2,0,0,2095,1,0,5,1,0
1201.74,5,6,0,0,932,0,0,6,0,0
168.65,19,2,0,0,323,0,0,7,0,0
347.53,14,5,0,0,2294,1,0,7,0,0
1108.03,12,3,0,0,1521,2,1,7,0,0
729.11,23,4,0,0,1296,0,0,7,1,1
1627.52,2,0,0,0,2288,0,0,9,0,0
325.49,22,1,1,0,385,1,1,3,0,0
2239.74,6,6,0,0,2261,0,0,7,0,0
335.71,14,3,0,0,886,0,0,1,1,0
5668.81,7,6,0,0,2246,0,0,9,0,0
197.2,7,5,0,0,42,1,0,3,0,0
367.77,7,2,0,0,1779,1,0,8,1,0
1664.65,13,6,0,0,842,0,0,2,1,1
5792.0,21,3,0,0,912,1,0,9,0,0
1502.74,2,1,0,0,2405,1,1,9,0,1
1925.34,15,4,0,0,484,2,0,5,0,0
1116.03,20,3,0,0,405,0,1,1,1,0
392.92,17,2,0,0,198,0,0,8,0,0
671.73,23,3,0,0,1751,1,0,3,1,0
326.39,0,3,0,0,242,1,0,10,0,0
305.3,8,2,0,0,2477,0,0,10,0,0
1638.85,10,2,0,0,395,0,0,1,0,0
356.67,12,1,0,0,1485,2,0,8,0,0
1509.53,7,2,0,0,1407,0,0,6,1,0
298.32,6,9,0,0,981,1,1,1,0,0
1474.96,20,5,0,0,74,1,0,1,0,0
672.71,5,3,0,0,1804,0,0,8,0,0
4476.58,22,1,0,0,440,0,0,6,1,0
1515.83,0,0,0,0,636,0,0,10,0,0
3773.59,10,1,0,0,894,0,0,1,0,0
515.1,14,3,0,0,1441,0,0,5,1,0
1159.96,23,4,0,0,1608,1,1,7,1,0
411.13,18,1,0,0,2310,1,0,5,0,0
725.16,0,3,0,0,2132,0,0,4,0,0
843.78,17,2,0,0,1437,0,0,4,0,0
530.67,7,2,0,0,1020,1,0,2,1,0
325.22,20,2,0,0,2306,0,0,9,0,0
266.8,18,2,0,0,878,0,0,8,1,0
105.66,4,3,0,0,1259,1,0,4,0,0
381.33,8,2,0,1,1297,0,0,4,0,0
2053.9,19,1,0,0,739,1,1,7,0,0
221.74,22,2,1,0,1491,0,0,5,0,0
279.19,14,2,0,1,1729,0,0,9,0,0
6574.14,5,6,0,1,896,0,0,4,0,0
580.28,9,1,0,0,46,0,0,3,1,0
1511.78,19,0,0,0,1615,0,1,5,0,0
2084.57,14,5,0,0,440,0,0,2,0,0
2127.12,4,3,0,0,1000,0,0,4,0,0
239.29,6,0,0,0,2287,0,0,7,0,0
870.39,4,2,0,0,489,2,0,10,0,0
217.41,11,4,0,0,179,0,0,3,0,0
12661.46,10,2,0,0,2117,0,0,7,0,0
222.54,13,6,1,0,2159,1,0,10,0,0
384.58,22,2,0,0,518,0,0,3,0,0
387.38,15,3,1,0,487,0,0,2,0,0
245.51,14,2,1,1,1976,0,0,8,0,0
4241.17,8,3,0,0,1476,0,0,10,0,0
12362.81,15,1,1,0,1466,0,0,1,0,0
681.47,22,5,0,0,2063,0,0,1,1,0
292.83,0,5,0,0,1889,0,0,4,0,0
117.11,8,2,0,0,841,0,0,3,0,0
859.11,1,3,0,0,21,0,0,4,1,0
799.22,4,5,0,0,705,0,0,6,0,0
571.75,1,3,0,0,542,0,0,5,1,1
1368.37,14,1,0,0,1657,0,0,6,1,0
1628.11,19,4,0,0,1104,1,1,6,0,0
1514.87,22,2,1,0,152,0,0,5,0,0
799.41,5,5,0,0,2168,0,0,2,0,0
364.45,16,5,0,0,247,0,0,9,0,0
2134.17,7,2,0,0,255,0,0,9,0,0
1110.44,7,4,1,0,2310,0,0,2,0,0
2666.06,14,4,0,0,1416,0,0,7,0,0
2416.5,16,4,0,0,2073,1,0,8,1,0
264.6,14,1,0,0,2101,1,0,10,0,0
261.33,2,2,0,0,346,0,0,8,0,0
515.15,9,2,0,0,40,0,0,7,0,0
381.36,6,0,0,0,1013,1,0,10,0,0
2333.8,0,3,0,0,93,0,0,3,0,0
1558.24,0,4,0,0,748,0,0,9,0,1
3291.78,10,2,0,0,992,0,0,2,0,0
1630.25,2,3,0,0,1110,0,0,9,0,0
1351.07,17,1,0,0,230,2,0,5,0,0
3639.97,1,1,0,0,539,0,0,7,0,0
1754.13,5,3,0,0,214,0,0,2,0,0
1173.92,23,2,0,0,1599,0,1,3,0,0
4819.63,17,4,0,0,534,0,0,10,0,1
1230.51,13,0,0,0,1467,0,0,3,0,0
808.89,0,2,0,1,1194,0,1,9,0,1
474.46,1,4,1,0,1823,0,0,8,0,0
2215.04,21,4,0,0,833,0,0,2,0,0
3778.38,19,3,0,0,2,0,0,10,1,1
1042.54,22,1,1,0,2431,0,0,10,0,0
4055.85,19,5,0,0,2333,0,0,8,0,0
152.93,0,4,0,0,1119,1,0,7,1,1
1037.48,19,2,0,0,152,0,0,6,0,0
1053.53,10,2,0,0,1439,1,0,2,0,0
530.07,16,1,0,0,1475,0,0,9,0,0
11894.85,9,4,0,0,940,1,0,7,0,0
1026.39,17,5,0,0,637,0,0,5,1,0
729.43,20,2,0,0,260,0,0,3,1,0
1125.48,23,2,0,0,1221,0,0,5,1,0
148.0,12,3,0,0,1049,0,0,1,1,0
512.93,6,0,0,0,1370,0,0,5,0,0
2931.41,14,1,0,0,1127,0,0,3,0,0
584.67,11,1,0,0,2428,1,0,1,0,0
478.72,4,4,0,0,2379,0,0,4,0,0
4062.39,17,1,0,0,2483,0,0,8,0,0
4189.16,1,0,0,0,2233,0,0,9,0,0
1839.02,9,2,0,0,2269,0,0,5,0,0
695.68,16,1,0,0,12,0,0,2,0,0
863.1,22,4,0,0,2240,2,0,3,0,0
490.71,14,1,0,0,692,0,0,10,0,0
405.54,23,4,0,0,595,1,0,9,0,0
385.9,19,2,0,0,1441,1,0,1,1,0
591.08,5,1,0,0,1355,2,0,3,1,0
389.66,20,4,0,0,1766,0,0,3,0,0
229.59,8,4,0,0,2146,1,0,8,1,0
1365.67,15,4,0,0,1118,0,0,10,0,1
1386.58,4,4,0,0,2077,0,0,2,0,0
6007.67,12,5,0,0,1780,2,0,7,0,1
562.09,16,1,0,0,1733,0,0,10,0,0
1474.54,21,3,0,0,1797,0,0,8,0,0
1499.24,22,2,0,0,1199,1,1,10,0,0
850.79,19,5,0,0,1777,0,0,9,0,0
2308.45,13,5,0,0,1523,0,0,9,0,1
2380.89,21,6,0,0,630,0,0,2,0,0
1521.44,2,2,0,0,1694,0,0,9,0,0
849.26,23,2,0,1,23,0,0,10,0,0
766.99,4,3,0,0,2170,0,0,2,0,0
279.29,9,3,1,0,485,0,0,9,0,0
489.84,21,2,0,0,2054,0,0,3,0,0
588.74,17,3,0,0,879,0,0,7,1,0
356.39,20,3,0,0,1833,2,0,8,1,0
1702.62,16,5,0,0,1120,2,0,10,0,0
3628.69,14,1,0,0,1752,2,0,1,0,0
442.28,4,5,0,0,224,0,0,10,0,0
1455.99,23,3,0,0,1843,0,1,9,0,0
389.9,15,4,0,0,1737,1,0,4,1,0
808.42,16,3,0,0,2270,0,0,10,0,0
549.86,10,2,0,1,359,0,0,9,0,0
2001.99,22,2,0,0,1139,0,0,2,0,0
556.25,10,1,0,0,718,0,0,2,0,0
3015.92,4,2,0,0,2474,2,0,8,0,0
857.72,4,6,0,1,807,0,1,4,0,1
572.72,16,3,0,0,1611,0,0,5,1,0
313.15,17,6,0,1,1469,0,0,8,1,0
1412.62,4,5,0,0,1326,0,0,2,0,0
2684.42,16,3,0,1,1835,0,0,7,1,0
1441.33,23,5,0,0,226,0,0,3,0,0
10289.01,12,1,0,0,773,0,0,6,0,0
4581.53,23,4,0,0,1677,2,0,10,0,0
806.31,3,0,0,0,2095,0,0,2,1,0
797.89,9,3,0,0,1417,0,0,8,0,1
1754.07,13,3,0,0,888,0,1,5,1,0
474.37,8,3,0,0,1551,0,0,5,1,0
3520.25,2,2,0,1,2016,0,0,1,0,0
1574.35,10,0,0,0,675,1,0,4,1,0
1417.23,8,2,0,0,399,0,0,5,1,0
2179.72,4,3,0,0,2124,0,0,7,0,0
6141.53,8,5,0,0,897,1,0,4,0,0
1301.09,10,8,0,0,2416,0,1,9,0,0
979.42,21,2,0,0,1458,0,0,8,0,0
4957.81,11,3,0,0,1931,0,0,3,0,0
2885.78,9,3,0,0,1260,0,0,10,0,0
795.54,9,4,0,0,423,1,0,9,0,0
1102.34,14,2,0,0,904,0,0,10,1,0
1333.26,6,4,0,0,15,1,0,5,0,1
1574.69,20,5,0,0,530,0,0,6,0,0
282.42,10,4,0,0,1746,1,0,10,0,0
234.51,10,4,0,0,1261,0,0,8,0,0
451.52,1,1,0,0,2402,1,0,3,0,0
417.91,21,2,0,0,232,0,0,4,0,0
576.04,11,3,0,0,263,0,0,6,0,1
2068.77,3,3,0,0,989,0,0,5,0,1
926.18,4,0,1,0,2153,0,0,6,0,0
1334.61,8,5,0,0,177,0,0,7,0,0
322.37,18,2,0,0,1344,0,1,6,0,0
691.15,2,1,0,0,1082,2,0,1,0,0
1972.9,2,6,0,0,1949,1,0,1,0,0
1988.14,13,6,0,0,2407,0,0,2,0,0
531.35,11,3,0,0,1315,1,0,9,1,0
1289.05,22,1,0,0,1214,1,0,5,0,0
9885.73,18,3,1,0,691,0,0,5,1,0
1077.5,15,4,0,1,1468,0,0,6,0,0
548.29,8,4,0,0,366,0,0,6,0,0
921.72,15,2,1,0,1255,1,0,2,0,0
1202.52,14,4,0,1,151,0,0,2,0,0
942.78,6,4,0,0,545,0,0,4,0,0
1062.78,8,2,0,0,428,0,0,4,0,0
258.93,22,1,0,0,271,0,1,7,0,1
418.79,12,1,0,0,165,0,0,6,0,0
944.51,11,1,1,0,834,1,0,4,0,0
929.58,19,7,0,0,734,0,0,9,1,0
622.54,6,4,0,0,1286,0,0,10,0,0
918.72,5,2,0,0,1036,0,0,2,0,0
1165.63,23,5,0,0,1742,0,0,2,0,0
2668.88,19,4,0,0,1671,0,0,1,0,0
993.06,10,3,0,1,1619,0,0,4,0,0
1634.52,22,3,0,1,2336,2,0,9,0,1
638.04,8,3,0,0,1319,0,0,4,0,0
1943.21,16,1,0,0,1289,0,0,8,1,1
1596.76,0,3,0,0,889,0,1,4,1,0
2606.64,16,4,0,0,1265,0,0,6,0,0
2238.27,4,3,0,0,649,1,0,9,0,0
1975.81,5,4,0,0,2475,1,0,2,0,0
993.85,19,1,0,0,1858,1,0,2,0,0
1401.0,4,2,0,0,1059,0,0,3,1,0
3176.42,11,7,0,0,2226,0,0,5,0,0
571.31,22,1,0,0,2090,0,0,10,0,0
584.99,22,3,0,0,1580,0,1,4,0,0
1314.79,10,2,0,1,735,2,0,1,0,0
1661.17,2,0,0,0,251,1,0,3,0,0
481.01,6,3,0,0,274,0,0,7,1,0
1017.64,14,8,0,0,1987,0,0,2,0,0
998.25,8,1,1,0,329,1,0,2,0,0
119.67,17,1,0,0,1476,0,1,5,0,0
880.43,23,5,0,0,1196,0,0,6,0,0
937.0,14,4,0,0,1634,0,0,8,0,1
934.22,14,2,0,0,152,0,0,8,0,0
4518.4,12,0,0,0,1729,1,0,2,0,0
325.12,4,3,0,0,273,0,0,7,0,0
480.76,13,3,0,0,1156,1,0,1,0,0
80.46,22,4,0,0,1067,0,0,2,1,0
677.96,16,2,0,0,1276,0,1,7,0,0
738.3,18,3,0,0,135,1,0,7,1,1
658.54,20,4,0,0,780,0,0,1,0,0
3319.86,9,1,0,0,995,1,0,7,0,0
2593.12,8,2,0,0,1565,2,0,4,0,0
1185.43,23,1,0,0,650,0,0,5,0,0
757.02,11,2,0,0,1236,0,0,1,1,0
3060.06,17,1,0,0,1315,0,0,1,0,0
1075.18,15,4,1,0,857,0,0,9,1,0
483.83,2,2,0,0,105,0,1,9,1,0
197.11,7,1,0,1,576,1,0,2,0,0
705.34,7,3,1,0,1051,0,0,5,0,0
2332.38,4,4,0,0,1570,1,1,4,0,0
10684.39,18,2,0,0,239,0,0,3,0,0
1166.32,23,4,0,0,1122,2,0,6,0,0
510.12,23,0,0,0,881,0,0,3,0,0
335.3,4,4,0,0,509,0,0,9,1,1
1904.46,10,6,0,0,1685,1,0,4,0,0
187.8,5,2,0,0,1948,0,0,1,0,0
1901.4,1,2,0,0,1392,0,0,9,1,0
2484.21,14,2,0,0,1350,1,0,7,0,0
1696.43,20,5,0,0,1375,0,0,4,0,0
880.37,1,2,0,1,1580,0,0,8,0,0
1929.35,15,2,0,0,1912,0,0,8,0,0
1301.06,0,3,0,0,1407,0,0,10,0,0
503.65,20,3,0,0,2143,0,0,5,0,0
6977.27,1,2,0,0,1564,0,0,2,0,0
771.49,10,0,0,0,1157,0,0,4,1,0
2382.13,2,3,0,0,223,0,0,8,0,0
97.65,9,2,0,0,552,0,1,10,1,1
3930.3,10,3,1,0,715,1,0,10,1,1
4763.62,12,5,1,0,1308,1,0,5,0,0
1129.84,19,2,0,0,1933,1,0,7,0,0
1917.49,23,3,1,0,1275,0,0,9,0,1
1917.0,8,7,0,0,1995,0,0,1,1,0
576.64,22,4,0,0,2127,0,0,1,0,0
1895.28,10,2,0,0,128,0,0,3,0,0
488.51,2,2,0,0,1505,0,0,4,0,0
596.6,14,2,0,0,1833,1,0,6,0,0
3384.44,17,1,1,0,2394,0,0,2,0,0
2906.36,7,4,0,0,568,0,0,2,0,0
541.11,14,5,0,0,1715,0,0,7,0,0
526.59,10,5,0,0,2086,0,0,8,0,0
575.02,3,4,0,0,1239,0,0,3,0,0
2281.62,9,3,0,0,968,0,0,5,1,0
403.43,10,1,0,0,825,2,0,6,1,0
1566.68,8,3,0,0,748,0,0,10,0,0
2314.26,21,3,1,1,1474,0,0,10,0,0
1004.01,9,9,0,0,728,0,0,7,0,0
3011.11,15,2,0,0,2479,3,0,7,0,0
808.91,0,7,0,0,1710,0,0,7,0,0
885.49,7,2,0,0,1145,2,1,10,0,0
412.71,21,5,0,0,1702,0,1,9,0,0
3032.61,21,3,0,0,1061,1,0,9,1,0
509.53,23,0,0,0,1502,1,0,5,1,0
1555.84,1,7,0,0,1193,1,1,1,0,0
1021.15,20,0,0,0,2377,1,0,5,0,0
382.69,6,3,0,0,535,1,0,6,0,1
596.39,0,1,0,0,770,0,0,5,1,0
4371.55,2,1,0,0,1790,0,0,7,0,0
1341.65,18,1,0,0,1534,1,0,9,0,0
399.75,14,4,0,1,622,0,0,5,1,0
1488.21,13,2,0,0,1102,0,1,3,0,0
947.56,21,1,0,0,1664,1,0,9,0,0
34684.44,2,1,0,0,1418,0,0,10,1,0
1458.44,1,3,0,0,2332,0,0,3,0,0
749.48,22,1,0,1,367,1,0,3,1,0
4537.03,14,2,0,0,709,0,0,9,0,0
173.98,18,6,0,0,2287,0,1,6,0,0
1205.1,12,2,0,0,1706,0,0,10,0,0
8058.06,3,4,0,0,2181,0,0,4,0,0
976.33,12,2,0,0,711,0,0,1,0,0
193.78,23,2,0,1,2390,0,0,8,1,0
738.1,2,2,0,0,1080,0,0,1,0,0
4696.24,3,4,0,0,1844,0,0,10,1,1
1597.3,8,4,0,0,1004,0,0,9,1,0
473.97,10,5,0,0,1757,0,0,6,0,1
552.67,15,4,0,0,2231,1,0,8,1,0
626.59,3,4,0,0,133,1,0,6,1,0
1573.72,22,2,1,0,2346,1,0,2,0,0
4180.54,3,4,0,0,1104,1,0,6,0,0
3141.4,4,2,0,0,1331,0,0,2,0,0
1730.23,23,1,0,0,90,0,0,5,0,0
289.56,9,4,0,1,122,1,1,3,0,0
290.63,13,2,0,0,2319,0,0,8,0,0
1869.17,10,2,0,1,2353,0,0,2,0,0
285.58,6,1,0,0,1475,0,0,8,0,0
875.18,12,1,0,1,1583,4,0,2,0,0
1486.46,18,1,0,0,153,0,0,7,0,0
351.57,0,3,0,0,1673,1,0,5,0,0
393.76,21,4,0,0,1496,0,1,1,1,0
998.13,4,1,0,0,2315,1,0,3,1,0
1814.65,22,4,0,0,1614,0,0,3,0,0
3170.1,23,3,0,0,2196,1,0,5,0,0
2012.34,22,5,0,0,2451,0,0,6,0,0
1180.46,15,2,0,0,2343,0,0,2,0,0
519.99,21,3,0,0,1642,0,0,1,0,0
375.81,20,2,0,0,2265,1,0,10,1,0
657.95,15,1,0,0,2020,0,0,7,0,0
1652.32,21,4,0,1,408,0,1,10,0,0
1535.52,8,4,1,0,1939,2,0,2,0,0
134.3,20,6,0,0,1297,0,0,8,0,0
499.86,22,1,0,0,1804,0,0,10,0,0
3657.4,15,4,0,0,1527,0,1,8,0,1
1187.04,2,3,0,0,271,0,0,10,0,0
265.87,5,4,0,0,1534,0,1,10,1,0
11565.96,4,4,0,0,836,0,0,3,0,0
1065.35,12,2,0,0,1987,0,0,3,1,0
1610.55,10,1,0,0,1883,0,0,6,0,0
1635.21,19,4,1,1,2233,0,0,4,0,0
759.31,6,2,0,0,2233,0,0,7,0,0
529.76,3,1,0,0,2156,1,0,5,1,0
9151.52,14,8,0,0,409,0,0,5,0,1
2990.53,3,2,1,1,1406,0,0,6,0,0
2494.73,21,4,0,1,1,1,0,4,0,0
1951.37,1,3,0,0,787,1,1,8,0,1
402.09,11,4,0,0,2126,0,0,9,0,0
3934.46,22,4,0,0,1694,0,0,4,0,0
471.95,13,5,0,0,591,0,0,6,0,0
1455.76,19,1,0,0,2066,0,1,8,1,0
212.85,10,1,0,0,1316,0,1,2,1,1
142.47,18,2,0,0,1943,1,0,1,1,0
1507.63,16,2,0,0,2478,1,0,10,0,0
488.29,12,2,0,0,1201,0,1,7,0,0
150.03,2,5,0,1,1866,0,0,7,0,0
1882.98,23,6,0,0,1287,0,0,4,0,0
9136.94,1,2,1,0,406,0,0,10,0,0
4400.88,8,4,0,1,1681,0,0,9,0,0
847.83,15,4,0,0,2317,0,0,3,0,0
1106.38,18,3,0,0,2116,1,0,10,1,0
2664.33,12,2,0,1,540,0,0,5,1,1
3368.18,9,5,0,0,2197,0,0,8,0,0
777.8,9,3,0,0,2065,0,0,5,1,0
1134.76,23,5,1,0,520,0,0,5,0,1
1481.21,8,1,0,0,28,0,0,2,0,0
1908.12,20,2,1,0,2264,1,0,6,0,0
959.99,1,2,0,0,588,0,0,2,0,0
972.54,15,4,0,0,42,0,0,8,1,0
4358.28,16,2,0,0,277,0,0,9,1,0
3675.78,16,2,0,0,2465,0,0,5,0,0
1767.66,10,3,0,0,1393,0,0,3,0,0
6118.73,16,2,0,0,1000,0,1,10,0,1
745.13,10,5,0,0,1508,0,0,2,0,0
5557.89,14,2,1,0,605,0,0,9,0,1
1886.57,21,3,0,0,1767,1,0,9,0,0
28883.51,16,0,0,0,112,0,0,10,1,1
332.79,17,5,0,0,733,0,1,10,0,1
550.41,23,5,0,0,776,0,0,7,0,0
1667.03,5,4,0,0,2372,0,0,9,0,0
1631.47,14,1,0,0,1625,1,0,5,1,0
7708.96,15,5,0,0,35,1,0,7,0,1
562.07,16,2,0,0,639,0,0,6,0,0
2710.58,3,3,0,0,799,0,0,5,0,0
3506.81,18,4,1,0,1993,1,0,3,0,1
2218.64,4,3,1,0,147,0,0,4,1,0
419.47,9,3,0,0,2226,0,0,3,1,0
4481.7,17,7,0,0,918,1,0,4,0,0
3749.3,6,1,0,0,872,1,0,9,0,0
1997.37,3,0,0,0,2365,1,0,2,0,1
1345.27,16,4,0,0,352,1,0,9,0,0
1374.86,6,1,0,0,754,0,0,10,0,0
1013.6,19,0,0,0,1371,0,0,6,0,0
2081.38,21,2,0,1,763,0,0,7,0,0
1131.31,8,0,0,0,1501,0,0,5,0,0
469.41,17,4,0,0,733,1,0,6,0,0
384.29,5,4,0,0,497,1,0,3,0,0
516.96,22,3,0,0,2065,0,0,3,0,0
1369.41,5,1,0,0,2166,0,0,1,0,0
1067.47,21,6,1,0,1473,0,0,3,0,0
1360.14,18,2,0,0,1860,0,0,8,0,0
1809.51,7,2,0,0,1042,0,0,6,0,0
585.62,19,2,0,0,1785,0,1,6,0,0
4748.86,15,2,0,0,918,1,0,5,1,1
839.07,16,3,1,0,843,0,0,10,0,0
710.93,9,0,0,0,1708,0,0,9,0,1
1776.47,5,2,0,0,1711,0,0,7,0,0
174.77,16,3,0,0,2455,0,1,10,0,0
497.44,1,3,0,0,143,0,1,3,0,0
2925.07,8,2,0,0,1125,0,1,6,0,0
192.98,3,2,1,0,842,0,0,6,1,1
3352.88,0,3,1,1,562,1,0,8,0,1
4969.81,0,2,0,0,842,0,0,1,0,0
757.89,2,1,0,0,993,1,0,6,0,0
1468.23,22,2,0,0,2004,1,0,3,0,0
3357.95,18,6,0,0,449,0,0,3,0,0
687.6,23,6,0,0,2046,1,0,7,0,0
2611.75,2,1,0,1,1653,0,0,3,0,0
560.51,23,2,1,0,2470,0,0,7,0,1
680.21,14,3,0,0,55,2,0,7,0,1
493.08,19,2,1,0,2166,0,0,9,0,0
1544.8,20,4,1,0,1102,1,1,1,0,1
3491.09,6,4,0,0,318,1,0,8,0,0
912.23,17,3,0,0,73,1,0,7,0,1
307.58,15,3,0,0,223,0,0,9,1,0
371.41,9,5,0,0,87,0,0,7,0,0
1627.17,11,2,0,0,1445,0,1,1,0,0
6933.48,5,6,0,0,948,1,0,2,0,0
1625.75,4,2,0,0,1247,0,0,8,0,0
744.79,22,4,1,0,1888,0,0,9,0,1
2359.45,17,2,0,0,1776,1,0,4,0,0
863.07,13,4,0,0,1669,0,0,1,0,0
751.23,16,1,0,0,1194,1,1,8,0,0
420.54,9,4,0,0,2248,0,0,2,0,0
4484.8,5,2,0,0,1528,1,0,6,0,0
86.56,22,3,0,0,1071,1,0,2,0,0
2435.38,23,0,0,0,1945,0,0,3,0,0
689.7,5,5,0,0,406,0,0,2,0,0
727.53,19,2,0,0,2350,0,0,5,0,1
5956.96,10,2,0,0,190,0,0,6,1,1
536.93,16,6,0,0,1290,0,0,3,0,0
555.53,2,4,0,0,615,0,0,8,0,0
962.57,11,2,0,0,1906,0,0,4,1,0
1658.8,2,4,0,0,1256,0,0,6,0,0
704.96,19,2,0,0,1931,1,0,8,1,0
227.27,9,1,0,1,696,1,0,4,0,0
461.42,6,5,0,0,1958,0,0,8,0,0
3949.46,16,0,0,0,1897,0,0,10,0,0
1181.78,22,4,0,0,2055,1,0,6,0,0
1721.73,8,3,0,0,1649,0,0,4,1,0
844.36,17,4,0,0,1973,1,0,3,0,0
567.08,16,6,0,0,1071,0,0,6,0,0
5869.76,11,0,1,0,1567,0,0,5,0,0
908.51,19,4,0,1,1784,0,0,10,0,1
703.9,3,5,0,0,1904,1,0,7,0,0
3281.78,21,3,0,0,1152,0,0,9,0,0
532.53,9,1,0,0,1792,0,0,2,1,0
605.03,1,2,0,0,110,1,0,4,0,1
1107.93,23,2,0,0,280,0,0,1,0,0
1096.93,18,3,0,1,1843,0,0,5,0,0
1421.7,19,3,0,0,48,1,0,7,0,0
8881.0,3,2,0,0,1653,0,0,5,0,0
1534.94,18,5,0,1,1803,0,0,10,1,0
101.69,16,2,0,0,1303,0,0,7,0,0
1519.75,21,3,0,0,1414,3,0,7,0,0
1138.97,8,2,0,0,366,0,0,1,0,0
1145.33,22,4,0,0,812,1,0,6,0,0
1402.41,16,4,1,0,1287,1,0,9,0,1
1065.63,6,3,1,0,2046,0,0,10,0,0
1040.43,5,1,1,0,650,0,0,7,0,0
2024.43,21,3,0,0,2243,1,0,6,1,0
637.73,15,1,0,0,2429,1,0,7,1,0
425.1,2,1,0,0,1443,0,0,9,0,1
22556.57,3,3,0,0,1163,0,0,1,1,0
536.0,19,3,0,0,1977,0,0,6,1,0
1212.14,4,7,0,0,1962,0,0,2,0,0
245.76,5,6,0,1,1540,1,0,2,0,0
1232.09,14,5,0,0,1429,0,0,5,0,0
431.29,20,2,0,1,1651,0,0,8,0,0
704.53,8,6,0,0,2051,0,0,1,0,0
3118.37,15,4,0,1,956,0,0,2,0,0
1758.14,16,1,0,0,1160,0,0,8,0,0
1936.06,14,8,0,0,1387,1,0,3,0,0
186.57,16,1,0,0,1443,1,1,4,1,0
6883.59,5,1,0,0,492,1,0,4,1,0
332.99,14,5,0,0,1207,0,0,8,0,0
5057.16,0,1,0,0,1776,0,0,4,1,0
3045.88,17,6,0,0,2358,0,0,3,1,0
1953.41,19,1,0,0,41,0,0,1,0,0
466.39,19,5,0,0,322,0,0,10,0,0
1276.13,0,4,0,0,1070,0,0,10,0,0
684.77,21,1,0,0,873,0,0,5,0,0
1128.95,10,3,0,0,2075,0,0,9,0,0
854.17,1,4,0,0,1378,0,0,1,1,0
142.79,12,2,0,0,1128,1,0,6,0,0
3367.02,13,5,0,0,224,1,0,5,0,0
1011.2,9,5,1,0,89,0,0,7,1,1
675.33,17,4,0,0,2101,0,0,7,1,0
626.2,13,1,0,0,1422,0,0,9,0,0
1569.42,5,6,0,0,2178,0,0,2,0,0
448.65,14,4,0,0,1137,0,0,6,1,0
114.99,6,4,0,0,520,0,0,1,0,0
1647.69,2,2,0,0,1521,1,0,10,0,0
1842.91,6,4,0,0,2350,1,0,6,0,0
898.18,21,4,0,0,285,0,0,9,1,0
347.96,13,3,1,0,1535,1,0,6,0,0
1198.63,7,5,0,0,724,0,0,10,0,0
253.53,8,1,0,0,1482,0,0,5,0,0
392.59,20,1,0,0,1290,0,0,7,0,0
517.65,15,3,0,0,872,0,0,5,0,0
2550.23,18,2,0,0,769,0,0,4,0,0
763.1,14,3,0,0,1424,0,0,9,1,0
700.74,23,2,1,0,1366,2,0,3,1,0
7744.15,15,5,0,0,645,0,0,2,0,0
1560.03,9,1,0,0,784,0,0,10,0,0
1539.16,6,2,0,0,87,0,0,10,0,0
757.71,1,2,1,0,904,1,0,4,0,0
604.03,18,2,0,0,1839,0,0,2,0,0
123.17,22,3,0,0,2033,0,0,10,0,0
2889.22,15,1,0,0,2394,0,0,6,0,0
1716.96,11,3,0,0,1496,0,0,6,0,0
916.75,3,5,1,0,224,1,0,5,0,0
956.01,15,2,0,0,248,0,0,1,1,0
2289.63,4,2,0,0,1490,0,0,8,0,0
231.66,14,5,0,0,457,0,0,2,0,0
607.97,7,1,0,0,639,0,0,4,0,0
352.02,20,5,0,0,962,0,0,4,1,0
6447.9,22,6,0,0,937,1,0,10,0,0
2632.41,5,4,0,0,1572,1,1,2,1,0
121.18,7,1,0,1,705,0,0,2,0,1
241.35,22,2,0,0,1562,0,0,3,0,0
960.69,0,1,0,0,170,0,0,7,0,0
683.73,12,2,0,0,1959,0,0,8,0,0
291.67,3,5,0,0,2466,0,0,6,0,0
7667.63,10,4,0,0,326,2,0,7,1,1
1498.98,0,6,0,0,1435,0,0,1,0,0
1763.08,3,4,0,0,2137,2,0,1,1,0
548.94,9,4,0,0,1406,0,0,2,1,0
2258.09,1,2,0,0,2235,0,0,6,0,0
749.62,19,2,0,1,1444,0,0,10,0,1
826.05,13,2,0,0,108,1,0,2,0,0
2020.3,10,3,0,0,208,0,1,5,0,0
215.08,11,5,0,0,1839,0,0,9,0,0
5415.54,20,4,0,0,989,0,0,4,0,1
1316.05,20,3,0,0,2172,3,0,10,0,0
3947.92,1,6,0,0,2311,1,0,5,0,0
374.12,16,3,0,0,478,1,0,4,1,0
435.65,11,4,0,0,1377,0,0,1,1,0
343.13,18,3,0,0,1740,1,0,10,0,0
1408.52,18,6,0,0,996,0,0,10,0,0
1171.43,16,2,1,0,2205,0,0,2,0,0
689.24,16,5,0,0,532,0,0,4,0,0
397.79,5,4,0,0,719,2,0,8,0,1
309.02,20,3,0,0,619,1,0,8,0,0
1044.73,16,2,0,0,456,1,0,10,1,0
688.43,6,4,0,0,2011,1,0,1,0,0
552.47,5,4,1,0,2068,0,0,1,0,0
5151.74,12,1,0,0,1600,2,0,9,0,0
1009.97,8,4,0,0,505,0,2,8,0,1
3905.12,16,2,0,0,821,0,0,4,0,0
643.39,9,3,0,0,301,0,0,1,0,0
1400.77,4,3,0,0,2244,0,0,6,0,0
1037.45,9,7,0,0,1289,0,0,4,0,0
200.81,19,1,0,0,50,0,0,9,0,0
4574.89,19,2,0,0,2319,0,0,7,0,0
958.0,7,0,0,0,1906,1,0,6,0,0
2313.27,19,2,0,0,1641,0,0,8,0,0
516.96,2,2,1,0,1325,1,0,8,0,0
929.97,23,1,0,0,190,0,0,1,1,0
460.88,18,6,0,0,2236,0,0,1,0,0
3774.41,0,4,1,0,218,2,0,9,0,1
1497.29,16,6,0,0,2189,0,0,6,0,0
1582.96,11,0,0,0,206,1,0,7,0,0
4264.94,21,2,0,0,798,0,0,5,0,0
3485.41,5,6,0,0,2499,0,0,6,1,1
2357.47,21,3,0,0,87,0,0,4,0,0
264.61,20,1,0,0,1054,1,0,8,0,0
546.93,6,1,1,1,2179,0,1,2,0,0
401.86,10,3,0,0,9,1,0,1,0,0
2270.0,15,5,0,0,2066,0,0,1,0,0
1300.69,5,3,0,0,723,0,0,5,0,0
273.0,23,6,0,0,400,1,0,5,0,0
908.01,4,1,0,0,2412,1,0,5,0,0
246.14,5,2,0,0,1333,0,0,4,0,0
1039.86,12,2,0,0,1274,0,0,2,0,0
209.48,11,1,0,0,939,1,0,1,0,0
1860.92,1,1,0,0,2226,0,0,2,1,0
1600.33,21,4,0,0,1818,0,0,8,0,0
7390.48,5,1,0,0,1790,0,0,1,0,0
2560.28,2,6,0,0,2175,0,0,10,1,0
718.44,12,3,0,0,875,0,0,5,0,0
2485.1,22,1,0,0,1561,0,0,1,1,0
271.06,0,3,0,0,263,0,0,9,0,0
418.86,11,1,1,0,2374,0,0,9,0,0
1530.18,21,1,1,0,966,0,0,10,1,1
126.69,21,3,0,0,129,0,0,2,0,0
1056.63,4,2,0,0,647,0,0,3,0,0
395.34,14,5,0,0,993,0,1,3,0,0
1213.55,20,4,0,0,158,0,0,4,0,0
373.26,16,4,0,0,873,0,0,2,0,0
1676.14,15,3,0,0,1206,4,0,5,1,0
1118.03,18,3,1,0,636,0,0,6,1,0
4448.69,10,2,0,0,1932,0,1,5,0,0
1104.04,1,5,0,0,905,0,0,4,0,0
508.45,15,1,1,0,2260,0,0,10,0,0
856.72,15,5,0,0,318,2,0,9,1,0
285.93,20,4,0,0,1956,0,0,8,0,0
1646.06,22,3,0,1,1255,1,0,6,0,0
1978.02,8,2,0,1,2001,1,1,9,0,1
12954.47,22,2,0,0,803,0,0,3,1,0
588.85,0,2,0,0,2070,1,0,5,0,0
839.0,23,4,0,0,1474,3,0,8,1,1
616.61,3,5,0,0,668,1,0,6,0,0
1355.75,15,3,0,0,1066,1,0,9,1,0
1606.3,16,5,0,0,435,0,0,1,0,0
1039.64,15,4,0,0,12,0,0,3,0,0
3249.73,23,5,0,0,1001,1,0,2,0,0
591.71,13,2,0,0,1321,0,0,4,1,0
2940.03,3,3,0,0,1779,0,0,4,0,0
1879.01,14,4,1,0,1378,0,0,8,0,0
1083.52,6,3,0,0,716,0,0,2,0,0
800.36,14,4,0,0,2111,0,0,8,0,0
12415.09,9,4,0,0,2473,0,0,9,0,0
484.44,1,3,0,0,722,0,0,9,1,0
1477.24,15,2,0,0,1620,1,0,2,0,0
517.9,2,8,0,0,1855,0,0,7,0,0
6539.53,7,2,0,0,85,0,0,8,0,0
2661.98,14,0,1,0,2190,0,0,3,0,0
556.49,21,3,0,0,1945,0,0,4,0,0
1830.96,7,2,1,0,1727,1,0,4,1,0
1418.98,7,1,0,0,358,0,0,9,0,0
654.18,7,3,1,0,279,0,0,5,0,0
2340.6,13,6,0,1,1442,0,0,10,0,1
1618.58,4,2,0,1,1051,1,0,4,0,0
1360.62,12,3,0,0,155,1,0,7,0,0
1051.61,19,4,1,0,1001,1,0,3,0,0
1687.59,1,3,0,0,303,1,0,10,1,1
1379.38,23,4,0,0,625,0,0,6,0,0
1163.39,12,4,0,0,1456,0,0,9,1,1
577.66,15,5,0,1,848,0,0,5,0,0
5965.61,14,3,0,0,159,0,1,7,0,0
383.59,22,1,1,0,1752,0,1,6,0,1
1681.83,15,5,0,0,17,0,0,8,1,0
796.13,21,2,0,0,944,0,0,10,0,0
6371.23,6,3,0,0,189,0,0,1,0,0
444.31,5,3,0,0,502,0,0,1,0,0
525.7,15,6,0,0,2048,0,0,2,0,0
415.79,3,1,0,0,1994,0,0,9,0,0
1515.45,2,2,0,0,1478,0,0,3,0,0
277.81,5,4,0,0,969,0,0,4,1,0
679.58,6,2,0,0,900,0,0,6,1,0
127.44,2,2,0,0,1065,0,0,1,1,0
1394.68,17,5,0,0,1387,0,0,10,0,0
665.0,13,5,0,0,210,0,0,9,0,0
247.63,4,2,0,0,1004,0,0,9,0,0
3247.4,6,1,0,0,1969,0,0,6,1,0
296.58,22,5,0,0,1168,0,0,7,0,0
2433.15,21,3,1,0,212,0,0,3,1,0
544.01,2,3,0,1,1093,0,0,4,0,0
5440.2,14,4,0,0,1429,1,0,3,0,0
2320.53,7,1,0,0,1609,2,0,6,0,0
400.2,8,3,0,0,1899,0,0,4,0,0
438.31,14,5,0,0,413,0,0,8,0,0
2009.27,23,3,0,0,313,0,0,10,1,0
843.55,13,2,0,0,1381,0,0,8,1,0
925.8,22,2,0,0,757,0,0,2,1,0
3913.7,19,1,0,0,2429,0,0,7,1,0
518.69,18,5,0,0,2472,1,0,1,1,0
1201.46,18,2,0,0,1387,0,0,2,0,0
2848.73,19,3,0,0,1115,0,0,10,1,0
2462.96,6,4,0,0,1277,0,0,9,0,0
934.85,23,0,0,0,1447,0,0,10,0,0
821.47,22,7,1,0,2301,2,0,8,0,1
192.71,14,2,0,0,2160,0,0,6,0,0
381.36,17,8,0,0,19,0,0,9,0,0
1507.73,21,6,0,0,2249,0,0,8,0,0
955.39,3,6,0,0,575,0,0,1,0,0
1181.96,1,1,0,0,853,0,0,5,0,0
3100.3,23,6,0,0,1174,0,0,8,0,0
334.51,13,3,0,0,2106,1,0,1,0,0
865.94,17,0,0,0,2315,0,0,5,1,0
1324.39,12,2,0,0,812,0,0,3,0,0
542.31,12,1,0,0,1566,0,0,3,1,0
4589.27,0,2,0,0,2019,0,0,9,0,0
2720.54,6,2,0,0,2463,0,0,2,0,0
1465.77,2,3,0,0,1988,1,0,7,0,0
6596.09,10,3,0,0,2403,1,0,6,0,0
244.96,0,6,0,0,1451,0,0,5,0,0
1088.19,19,3,1,0,178,0,0,7,0,0
1581.83,7,2,0,0,1624,0,0,10,0,0
439.42,17,2,0,0,1721,0,0,2,0,0
1481.36,1,4,0,0,1424,0,0,5,0,0
362.64,0,1,0,0,597,1,0,5,0,0
2187.59,10,1,0,1,275,0,0,3,0,0
3158.44,18,4,0,0,164,1,0,3,0,0
1439.91,19,3,0,1,1097,0,0,2,0,0
171.95,13,4,0,0,1127,1,0,10,0,0
417.05,14,4,0,1,301,0,1,4,1,0
1928.91,16,3,0,1,1004,1,0,7,0,0
1120.13,16,1,1,0,135,0,0,7,1,1
74.14,17,3,0,1,656,0,0,4,0,0
3800.28,0,2,0,0,1232,0,0,8,0,0
1257.22,10,3,0,0,568,3,0,7,1,0
483.44,20,2,0,0,662,0,0,10,0,0
2965.96,10,2,0,0,156,0,0,7,0,0
556.94,3,1,0,0,875,0,0,6,0,0
550.9,15,6,0,0,2273,0,0,7,0,0
1569.25,7,3,1,0,1567,0,0,3,1,0
6509.63,12,3,0,0,371,1,0,2,0,0
5561.3,12,3,0,0,1165,0,0,9,0,0
1571.38,16,3,0,0,2302,0,0,9,0,0
1741.3,22,4,0,0,1417,0,0,9,0,0
2419.94,16,4,0,0,1293,1,0,7,0,0
312.0,23,1,0,0,1683,1,0,7,0,0
2088.39,0,6,0,0,2344,0,0,6,0,1
526.33,18,2,0,0,1673,1,0,10,0,1
1507.91,10,0,0,1,1669,0,1,1,0,0
873.52,17,3,0,0,1724,0,0,4,0,0
1810.23,2,3,0,0,2048,0,0,6,0,0
1234.11,12,3,1,0,1138,0,0,7,0,0
50.75,0,4,0,0,272,0,0,7,0,0
1311.45,15,5,0,0,1769,0,0,5,1,0
2084.23,5,2,0,0,1198,0,0,6,0,0
1712.87,3,2,0,0,669,2,1,8,0,0
989.71,1,4,1,0,1627,0,0,10,0,1
5665.56,6,0,0,0,1909,1,0,2,0,0
1497.23,23,3,0,0,429,0,0,8,1,1
1698.79,23,4,0,0,1986,1,1,9,0,0
3116.58,1,3,0,0,1331,0,0,8,0,0
1575.92,23,1,0,0,2241,0,0,9,1,0
446.74,14,2,0,0,1985,0,0,6,0,0
95.74,7,3,0,0,2358,0,0,7,0,0
680.53,22,4,0,0,2177,1,0,6,0,0
2347.12,5,4,0,0,1302,1,0,2,1,0
770.4,4,4,0,0,971,0,0,3,0,0
2443.48,5,1,0,0,1332,1,0,7,0,0
1272.49,3,2,0,0,703,0,0,8,0,0
3976.14,11,5,0,0,948,0,0,6,0,0
816.3,3,5,0,0,2257,0,0,10,0,0
1750.43,5,5,0,0,1943,0,0,1,0,0
1818.71,8,0,0,0,92,0,0,6,0,0
4922.65,15,1,0,0,674,1,0,3,1,0
199.01,20,6,0,0,1508,0,0,6,1,1
693.39,1,0,0,0,1599,0,0,1,0,0
2561.93,15,8,0,0,72,0,0,7,0,0
5145.6,2,1,0,0,1404,1,0,6,1,0
1394.19,23,5,0,0,1562,1,0,3,1,0
818.35,6,3,1,0,700,1,0,2,1,1
2338.16,20,3,0,0,1154,0,0,2,0,0
2614.17,18,4,0,1,647,1,0,4,0,0
765.35,7,4,0,0,863,0,0,2,1,0
1525.85,7,5,0,0,402,0,0,2,0,0
3570.74,7,4,0,0,2263,0,0,1,1,0
7262.35,11,5,0,0,1833,1,0,10,0,0
2304.47,10,2,0,1,246,0,0,3,0,0
1146.12,15,5,0,0,2056,0,0,2,0,0
1038.91,11,7,0,0,1606,0,0,2,0,0
1914.85,18,2,0,0,455,0,0,4,1,0
976.84,11,2,0,1,333,0,0,10,0,1
1325.63,7,1,1,0,2269,0,0,1,0,0
380.74,7,5,0,1,726,0,0,10,0,0
4012.05,17,4,0,0,516,0,0,10,1,0
350.66,3,4,0,0,642,0,0,2,1,0
711.86,6,3,0,0,268,0,1,6,1,1
1209.05,7,3,0,0,1255,0,0,5,0,0
8030.38,15,4,0,0,2195,0,0,3,0,0
718.61,3,3,1,0,1424,0,1,5,0,0
563.4,10,1,0,0,2307,0,0,8,0,0
632.19,16,4,0,0,2284,2,0,9,0,0
5761.18,22,2,0,0,411,1,0,1,0,0
65.87,10,0,0,0,1155,1,0,10,0,0
402.33,23,3,0,0,446,0,0,7,0,0
16836.24,14,1,0,0,1573,0,0,2,0,0
1980.06,18,3,0,0,732,0,0,5,0,0
362.86,5,4,0,0,129,2,0,7,0,0
1051.61,21,2,0,1,151,0,0,1,0,0
1173.16,6,4,0,0,1332,0,0,5,1,0
2555.81,3,2,0,0,1049,0,0,5,0,0
6901.55,1,4,1,0,2024,0,0,8,0,1
1617.36,15,8,0,0,1796,0,0,1,0,0
639.2,15,4,1,1,2406,0,0,2,0,0
2409.28,4,3,0,0,211,0,0,10,0,0
545.52,21,5,1,0,1899,0,0,7,0,0
390.2,6,2,0,0,753,1,0,8,0,0
188.69,14,4,0,0,1772,0,0,2,0,0
229.26,12,3,0,0,893,0,0,6,0,0
447.45,14,3,0,0,1981,0,0,10,1,1
337.72,17,4,0,0,2354,0,0,4,1,0
1500.02,22,3,0,0,399,0,0,7,1,0
330.5,17,2,0,0,1862,1,0,3,0,0
47.29,21,2,0,0,325,0,2,1,0,0
386.1,20,2,0,0,922,1,0,6,0,0
684.12,8,1,0,0,1580,0,0,6,1,0
598.57,13,5,0,0,516,1,0,10,0,0
5011.67,4,4,0,0,2127,1,0,8,0,0
593.75,22,2,0,0,2173,0,0,6,0,0
2646.32,23,3,0,0,1831,0,0,9,0,0
1076.01,21,1,0,0,713,0,0,9,0,0
1051.21,17,3,0,0,2205,0,0,9,0,0
475.62,20,3,0,0,1562,1,0,1,0,0
1034.03,19,2,0,0,1797,0,0,7,1,0
510.25,5,1,0,0,1728,0,0,4,0,0
1299.88,6,2,1,0,253,0,0,3,0,0
865.88,12,5,0,1,1973,0,0,3,0,0
426.4,10,2,0,0,2284,0,0,10,0,0
2956.89,17,3,0,1,1544,0,0,1,0,0
1680.49,17,5,0,0,939,0,0,10,0,0
700.6,23,1,0,0,1005,0,1,3,0,0
1268.38,18,2,0,0,1996,0,0,2,0,0
1008.46,0,1,0,0,372,1,0,3,0,0
460.54,8,5,0,0,1997,0,0,4,0,0
1176.73,7,4,0,0,500,1,0,3,0,0
589.33,15,5,0,0,1286,0,0,6,1,0
426.27,8,8,1,0,1467,0,0,1,0,0
216.42,23,4,0,0,2379,2,0,1,1,0
766.16,6,1,0,0,1214,0,0,2,0,0
1933.27,10,3,0,0,1472,0,0,4,0,0
547.49,19,1,0,0,956,1,1,2,0,0
13639.27,8,3,0,0,2052,1,0,1,1,0
2658.95,1,3,0,0,1331,1,0,6,0,1
4041.33,7,2,0,0,359,2,0,1,0,0
2429.02,8,5,0,0,2147,1,0,4,0,0
6994.4,14,4,1,0,2431,0,0,4,0,0
499.2,17,5,0,0,107,0,0,6,0,0
84.71,13,0,0,0,1021,0,0,8,0,0
701.96,9,2,0,0,344,0,0,4,0,0
1916.43,12,2,0,0,1275,3,0,10,1,0
1276.04,3,7,0,0,4,0,0,7,0,1
1444.43,4,3,0,0,494,1,2,2,0,0
4108.9,14,2,0,0,800,1,1,6,1,0
1606.89,20,4,0,1,153,0,0,1,0,0
2437.95,12,1,0,0,417,1,0,8,0,0
428.56,1,4,0,0,1448,0,0,9,0,0
366.72,23,3,0,0,697,1,0,9,0,1
5508.87,7,3,0,0,1362,0,0,7,0,0
1213.06,17,1,0,0,189,0,0,5,1,0
588.03,21,2,0,0,2175,2,0,2,0,0
589.11,23,6,0,0,862,0,0,9,0,0
572.99,2,4,0,0,339,0,0,8,0,0
539.71,4,4,0,0,1000,0,0,2,0,0
303.95,15,3,0,0,908,0,0,6,0,0
244.59,18,3,0,0,2315,2,0,5,0,0
902.34,20,0,0,0,489,0,0,8,0,0
606.12,13,4,0,1,1428,0,0,3,0,0
3318.14,3,1,0,0,372,1,0,7,0,0
1470.09,17,7,0,0,2113,0,1,10,0,0
1429.84,16,7,0,0,2117,0,0,2,1,0
521.59,11,4,0,0,1560,0,0,5,0,0
971.63,15,1,0,0,1320,0,0,6,1,0
1573.41,5,7,0,1,1117,0,1,6,0,0
2244.41,19,0,0,0,2474,1,0,10,0,0
998.35,1,2,0,0,2228,0,0,9,1,0
3226.4,20,1,0,0,1552,0,0,3,0,0
1105.43,20,1,0,0,1932,1,0,5,0,0
2423.21,16,3,0,0,1603,0,0,7,1,1
671.93,19,5,0,0,69,0,0,5,1,0
179.0,21,3,0,0,1392,0,1,6,0,0
1434.19,3,1,0,0,551,0,0,6,0,0
2264.99,13,2,0,0,1450,0,0,8,0,0
1949.54,15,3,0,0,2497,0,0,9,0,0
1672.69,22,7,0,0,997,1,0,9,0,0
773.88,17,4,0,0,1924,0,0,4,0,0
489.44,14,2,1,0,2445,1,0,10,0,0
1904.03,13,3,0,0,1032,1,0,2,0,0
1679.83,3,0,0,0,1788,2,0,3,0,0
625.84,7,1,0,0,1479,0,1,2,0,0
3325.66,10,7,0,0,608,0,0,8,0,0
453.56,21,6,0,0,1929,0,0,5,0,0
611.84,20,3,0,0,944,0,0,4,1,0
5633.16,15,3,0,0,980,0,0,8,0,0
2613.86,2,3,0,0,231,0,0,7,1,0
766.62,17,2,0,0,112,0,0,5,0,1
1461.74,11,4,0,0,695,0,0,5,0,0
1280.23,15,2,0,0,1543,2,0,6,0,0
70.41,10,3,0,0,2333,0,0,4,0,0
442.98,17,3,0,0,291,0,0,5,0,0
1042.27,5,5,0,0,895,0,1,7,0,0
767.69,3,2,0,0,606,0,0,9,1,0
1404.03,5,5,0,0,1278,0,0,5,0,0
3393.04,22,2,0,0,1298,0,0,2,0,0
795.1,1,6,0,0,2167,0,0,8,0,0
380.83,6,2,0,0,1992,0,0,9,0,0
1517.55,8,3,1,0,1154,0,0,4,0,0
791.06,20,4,0,0,562,0,0,2,0,0
938.18,8,2,0,0,1455,0,0,9,0,0
819.12,21,7,0,0,481,0,0,4,1,0
10319.99,23,1,0,0,2492,1,0,8,0,0
116.66,15,2,0,0,1062,1,0,8,0,0
743.72,8,3,0,0,1067,0,0,10,0,0
1092.6,14,1,0,0,342,0,0,5,0,0
502.13,16,0,0,0,1679,0,0,7,0,0
2696.81,2,2,0,0,625,1,0,1,0,0
2473.17,19,1,1,0,733,0,0,3,0,0
1045.49,10,4,0,0,752,0,0,2,0,0
836.58,20,2,0,0,598,0,0,10,0,0
980.48,14,2,1,0,1951,1,0,10,0,1
987.54,20,2,0,0,2209,0,0,10,1,0
1013.97,1,3,1,1,1658,0,0,4,0,0
908.69,1,1,0,0,2371,0,0,9,0,0
1411.56,2,2,0,0,905,0,0,7,0,0
2329.04,20,6,0,0,2217,1,0,3,0,0
320.45,23,8,0,0,2366,0,0,1,0,0
383.5,23,7,0,0,227,1,0,2,0,0
190.85,7,4,0,0,690,0,0,10,0,0
2608.15,6,3,0,0,1294,2,0,1,0,0
1408.56,8,5,0,0,1270,0,0,8,0,0
1817.59,19,6,0,1,1509,0,0,9,0,1
262.57,6,4,0,0,1548,1,0,6,1,0
6535.13,13,4,1,0,295,1,0,10,0,0
596.54,15,1,0,0,2389,0,0,7,0,0
1297.51,8,1,0,0,27,0,0,8,0,0
2577.01,11,1,0,0,2137,1,0,2,1,0
408.72,15,6,0,1,1251,2,1,5,0,0
635.03,18,4,0,0,935,0,0,10,0,0
1311.82,4,5,0,0,1106,1,0,10,0,0
19100.56,12,2,0,0,1253,0,0,10,0,0
1481.97,3,3,0,0,17,0,0,6,0,0
5466.32,0,4,0,0,1142,0,1,3,0,0
3661.66,15,4,1,0,2415,2,0,9,0,0
1584.48,11,4,0,0,763,1,0,7,0,0
407.81,6,4,0,0,861,0,0,7,0,0
3164.51,1,4,0,0,1202,0,0,7,0,0
245.15,22,1,1,0,2370,1,0,2,0,0
5436.42,19,4,0,1,223,0,0,4,0,0
1339.44,22,4,0,0,744,1,0,8,1,0
77.46,2,0,0,0,137,1,0,10,0,0
780.16,0,3,0,0,241,0,0,9,1,0
2108.95,5,2,1,1,173,0,0,3,0,0
865.21,2,3,1,0,829,0,0,5,1,0
2241.74,11,7,0,0,339,1,0,4,0,0
468.71,15,4,0,0,1938,1,0,10,1,0
297.08,4,0,0,0,710,0,0,6,0,0
1021.02,9,5,0,0,1079,0,0,4,0,0
1131.8,12,1,0,1,1598,2,0,2,1,0
774.03,7,2,1,0,857,1,0,3,0,0
3741.68,11,1,0,1,2103,0,0,2,0,0
468.62,14,3,0,0,1640,0,0,9,0,0
1499.92,22,0,0,0,1952,1,0,6,1,0
1173.76,7,6,0,0,1694,0,0,2,1,0
231.2,2,6,0,0,816,0,0,6,0,0
293.23,20,1,0,0,1466,0,0,3,1,0
1109.77,13,4,1,0,109,0,0,5,0,0
7952.17,11,0,1,0,471,0,0,3,1,0
1957.2,17,2,0,0,136,0,0,10,0,0
195.27,23,2,0,1,188,0,0,3,0,0
48.89,3,3,1,0,1994,0,0,7,0,0
2282.56,20,5,0,0,505,0,0,3,0,0
996.04,15,3,0,0,2179,0,0,10,0,0
3433.26,14,6,0,1,2377,0,0,5,0,0
454.54,20,3,0,0,2329,0,0,1,0,0
1556.53,7,2,0,0,1486,1,0,2,0,0
2555.94,18,3,0,0,2416,0,0,4,0,0
701.02,13,4,0,1,285,1,0,3,1,0
716.17,22,4,0,0,2122,1,0,1,0,0
1124.69,11,5,0,0,279,0,0,7,0,0
1886.87,17,2,0,0,887,1,0,7,0,0
1081.03,11,4,0,0,807,0,1,5,1,1
2904.44,9,3,1,0,1187,0,0,9,0,0
690.95,9,0,0,0,1656,2,0,7,1,0
290.5,22,4,0,0,2081,0,0,7,1,0
7918.64,20,0,1,0,1479,1,0,9,0,0
599.06,5,3,0,0,2245,0,0,3,0,0
621.14,20,6,0,0,1495,0,0,9,0,0
1026.79,14,1,0,0,903,0,0,4,1,1
1172.84,2,4,0,0,1402,0,0,3,0,0
744.95,18,2,0,1,1571,2,0,2,0,0
1077.68,3,2,0,0,1231,1,0,1,0,0
1053.88,20,5,0,0,447,0,0,7,0,0
1306.12,10,1,0,0,723,0,0,3,0,0
103.8,21,2,0,0,5,0,0,6,0,0
7193.09,11,5,0,0,1479,0,0,7,1,0
946.44,2,1,0,1,889,2,1,3,1,0
1959.85,18,2,0,0,1966,0,0,5,0,0
276.41,17,4,0,0,2303,0,0,8,0,0
684.71,7,2,0,0,2473,0,0,7,0,0
559.86,4,4,0,0,1639,0,0,10,0,0
4768.2,20,2,0,0,2377,0,0,7,0,0
610.44,18,1,0,0,2236,2,0,4,0,0
2340.41,7,1,0,0,2382,0,1,4,0,0
572.25,16,0,0,0,897,1,0,2,0,0
697.42,5,2,0,0,743,0,0,8,0,0
857.87,4,1,0,0,119,1,0,6,0,0
3959.39,15,1,0,0,1423,2,0,3,0,0
165.69,19,2,0,0,897,2,0,7,1,0
294.22,22,5,0,1,2104,0,0,2,0,0
156.44,11,2,0,0,1072,0,0,6,0,0
369.63,3,4,0,0,487,3,0,8,1,1
487.07,13,7,0,0,1679,2,0,5,0,0
218.22,16,5,1,0,667,0,0,7,0,0
526.29,23,6,0,0,2417,0,0,8,0,1
146.25,2,3,0,0,1400,1,0,3,1,0
396.24,15,2,0,0,777,0,0,4,0,0
3642.48,12,2,1,0,1518,1,0,5,0,0
1641.87,14,3,0,0,1892,0,0,4,0,0
1322.75,2,0,0,0,886,1,0,9,1,0
402.31,0,1,0,0,2216,1,0,10,0,0
236.02,14,2,0,0,253,0,0,2,0,0
351.02,4,4,0,0,620,0,0,8,0,0
1050.26,14,3,0,1,423,0,0,2,0,0
2612.8,0,4,0,0,1951,0,0,1,1,0
2703.68,19,1,0,0,1059,0,0,2,0,0
2060.31,7,3,0,0,2386,0,0,4,0,0
524.5,10,4,1,0,652,1,0,6,0,0
1123.89,8,3,0,0,1943,0,0,8,0,0
795.25,10,5,1,0,1717,0,0,2,0,0
896.78,12,5,0,0,993,2,0,9,1,0
8409.59,15,1,0,0,2303,0,0,4,0,0
188.29,16,1,0,0,1458,0,0,2,0,0
867.25,23,4,0,0,1151,2,0,6,1,0
3683.98,4,5,0,0,1864,0,1,9,0,0
253.18,20,6,0,1,2261,0,0,8,0,0
576.08,14,7,0,0,2020,0,0,4,0,0
646.1,7,7,0,0,358,0,0,8,0,0
877.18,22,4,0,0,1771,0,0,5,0,0
222.3,16,2,0,0,1350,0,0,3,0,0
1988.8,4,3,0,0,2444,0,0,5,0,0
2135.14,4,2,0,0,2215,0,0,10,0,0
1823.25,15,3,0,0,2154,0,0,5,0,0
459.26,17,6,0,0,329,0,0,2,0,0
1195.73,1,2,0,0,538,0,0,3,0,0
446.11,15,2,0,0,2222,0,0,4,0,0
786.35,12,2,0,1,2498,0,0,1,1,0
9447.15,23,4,0,0,1893,1,0,5,0,0
1206.76,17,1,0,0,1761,0,0,3,1,0
334.45,21,5,1,0,1269,0,0,2,0,0
1313.35,0,3,1,0,2282,1,0,7,1,0
283.78,18,4,0,0,213,1,0,3,0,0
330.63,8,0,0,0,1243,0,0,5,0,0
387.18,13,2,0,0,266,0,0,3,0,0
703.23,21,5,0,0,2233,0,0,2,0,0
2798.86,20,2,0,0,1004,2,0,5,0,0
1955.49,5,7,0,0,2461,0,0,9,0,0
1850.1,5,2,0,0,163,0,0,5,0,0
365.43,17,2,0,0,2056,0,0,4,0,0
638.22,21,0,0,0,553,0,0,2,1,0
1439.43,14,4,0,0,1994,0,0,6,0,0
585.04,1,2,0,0,1999,1,0,3,0,0
830.17,3,1,0,0,540,0,0,2,0,0
1705.07,17,5,0,0,1019,0,1,7,0,0
773.73,17,3,0,0,338,1,0,3,0,1
1374.79,21,4,1,0,1575,0,0,9,1,1
5392.31,12,3,0,0,1923,0,0,4,0,0
923.47,10,4,0,0,112,0,0,5,0,0
3566.49,2,3,0,0,1766,0,0,6,0,0
1918.64,18,3,0,0,702,0,0,2,1,0
252.84,22,3,1,0,1561,1,0,3,0,0
364.26,1,3,0,0,2339,0,1,2,0,0
476.47,11,2,1,0,1116,0,0,5,0,0
466.46,8,3,0,0,1780,0,0,5,0,0
1001.96,17,1,0,0,163,0,0,4,0,0
2027.67,18,1,0,0,125,1,1,3,0,0
3847.42,5,3,0,0,1427,1,0,9,0,1
1492.45,22,3,0,0,1580,2,0,8,1,1
702.27,3,2,0,0,1331,0,0,10,1,1
136.7,18,1,0,0,1762,0,0,5,0,0
1176.84,17,0,0,0,1793,0,0,10,0,0
1125.26,3,2,0,0,2409,0,0,3,0,0
1316.76,16,4,0,1,224,0,0,6,0,0
9011.35,6,2,0,0,1024,0,0,6,0,0
3791.8,6,3,1,1,1007,0,0,7,0,1
2404.41,2,2,0,0,1354,0,0,2,0,0
419.02,17,4,0,0,1052,0,1,1,0,0
656.55,19,1,0,0,1866,0,0,10,0,0
997.4,12,2,0,0,1161,2,0,1,0,0
505.02,18,4,0,0,953,0,1,5,0,0
1808.88,8,3,0,0,86,0,0,6,0,0
1566.99,13,3,0,0,885,0,0,4,1,0
369.33,18,7,0,0,1463,0,0,10,0,0
3629.38,10,1,0,0,2469,0,0,6,0,0
1214.77,14,2,0,0,483,0,0,2,0,0
194.6,3,1,0,0,1879,0,0,8,1,0
1041.75,12,1,0,0,2280,1,0,4,0,0
1452.74,20,1,0,0,1270,0,0,2,1,0
2900.95,18,3,1,0,1580,1,1,7,0,0
782.52,7,4,0,0,498,0,0,5,0,0
2509.75,13,2,0,0,2077,1,0,8,0,1
1322.32,14,2,0,0,1651,0,0,6,0,0
294.4,22,6,1,0,1230,1,0,4,0,0
266.36,19,4,0,0,1651,0,0,7,0,0
3369.64,19,5,0,0,927,0,0,3,0,0
3626.36,18,5,0,0,483,0,0,3,0,0
1514.6,8,3,0,0,646,0,0,1,0,0
4893.71,9,5,0,0,75,1,0,2,0,0
3154.58,11,2,0,1,991,1,0,1,0,0
2172.49,10,1,0,0,1130,0,0,7,0,0
440.84,22,7,0,0,2302,1,0,4,0,0
6194.57,21,5,0,0,1062,1,0,7,0,1
1874.88,21,3,0,0,2312,0,0,3,0,0
745.58,14,2,0,0,315,0,0,1,0,0
562.13,4,3,0,0,2348,0,0,6,0,0
1417.69,3,2,0,0,1045,0,0,8,1,0
206.22,6,5,0,0,1915,1,0,2,0,0
2207.63,15,4,0,0,595,1,0,1,0,0
422.6,8,5,1,0,447,0,0,3,0,0
1588.6,15,6,0,0,1422,1,0,3,0,0
650.92,21,4,0,0,1794,0,0,5,1,0
841.83,8,5,0,0,659,0,0,10,0,1
514.45,22,3,0,0,839,0,0,9,0,0
933.34,12,2,0,0,1061,0,0,5,0,0
7254.52,19,2,0,0,1063,0,0,10,0,0
4381.12,1,2,0,0,2471,1,1,5,0,0
1563.18,6,3,0,0,1154,0,0,9,0,0
1069.24,22,4,0,0,1908,0,0,5,0,0
2550.9,21,3,0,0,640,1,0,1,0,0
3394.7,13,2,1,0,1693,1,0,2,0,0
478.27,0,6,0,0,521,1,1,4,0,0
1014.92,1,5,0,0,1788,0,1,8,0,0
177.34,10,3,0,0,259,0,0,4,1,0
3371.46,21,2,1,0,752,0,0,5,0,0
8647.49,9,3,0,0,1103,0,0,1,0,0
1188.07,21,3,0,0,2325,0,0,2,0,0
130.97,12,0,0,0,1480,0,2,5,1,1
2016.04,3,5,0,1,485,0,0,7,1,1
444.04,13,4,0,0,2206,0,0,4,0,0
564.9,8,3,0,0,1983,0,0,8,0,0
2052.01,5,6,0,0,45,1,1,3,0,0
1414.53,16,2,0,0,334,0,0,1,1,0
673.1,4,4,0,0,114,0,0,8,0,0
572.72,21,2,1,0,580,1,0,8,0,0
1243.69,19,2,0,0,1858,0,0,5,0,0
728.17,18,2,0,0,438,0,0,3,0,0
361.68,1,3,0,0,1976,0,0,9,0,0
786.38,23,0,0,1,1011,0,0,5,1,0
1540.08,11,2,0,1,86,1,0,1,0,0
917.72,17,0,0,0,1386,0,0,6,0,0
266.8,4,7,0,1,1904,0,0,6,0,0
2948.54,18,1,0,1,878,2,0,3,0,1
70.89,7,3,0,0,1398,1,0,6,0,0
701.79,16,1,0,0,2027,0,0,6,0,0
589.81,6,1,0,0,799,1,0,10,0,0
1271.79,22,1,0,0,935,0,1,8,0,0
1923.04,17,2,0,0,1632,0,0,9,0,0
3383.83,10,2,0,0,2321,0,0,9,0,0
537.86,10,5,0,0,768,0,0,10,0,1
1971.56,0,4,0,0,550,0,0,7,0,0
1333.84,7,3,0,0,1101,1,0,8,0,0
198.04,18,3,0,0,164,1,0,1,0,0
7335.94,19,3,0,1,1219,1,0,9,1,1
260.14,23,2,0,0,850,0,0,5,0,0
1668.19,2,1,0,0,735,0,1,9,0,0
1619.64,6,2,0,0,690,1,0,3,0,0
1444.67,18,3,0,0,821,0,0,1,0,0
668.76,8,2,0,0,792,0,0,4,0,0
2508.03,5,3,0,0,2227,0,0,1,0,0
230.36,6,2,0,0,369,0,0,1,0,0
1026.77,22,1,0,0,1020,0,0,6,0,0
623.98,20,3,1,0,882,0,0,5,0,0
557.08,0,7,0,0,693,0,0,10,0,1
1683.7,20,3,0,0,395,0,0,10,0,0
3221.1,13,2,0,0,1266,0,0,1,0,0
778.01,20,3,1,0,1296,0,0,8,0,0
2393.9,14,5,0,0,335,0,0,8,0,1
1152.56,16,5,0,0,2467,0,0,4,0,0
449.11,13,2,0,0,1411,0,0,6,1,0
847.29,17,4,0,0,1911,0,0,8,0,0
812.82,19,4,0,1,2102,0,0,5,0,0
546.39,12,2,0,0,662,0,0,8,0,0
1683.25,2,1,0,1,1202,0,0,10,0,0
1386.65,2,3,0,1,2007,0,0,4,0,0
223.49,9,2,0,0,40,0,0,2,1,0
210.29,11,1,0,0,709,0,0,4,0,0
1676.87,20,0,0,0,2258,0,0,9,1,0
485.27,0,6,0,0,1657,0,0,1,0,0
1483.32,21,5,0,0,1877,1,0,4,0,0
2394.5,1,4,0,0,1247,0,1,7,0,0
307.68,11,4,1,0,2421,0,0,2,0,0
267.32,10,4,0,0,1652,2,0,2,0,0
5851.37,13,2,1,0,2014,0,0,6,0,0
1558.64,1,4,0,0,1395,0,0,2,0,0
721.09,18,4,0,0,2151,0,0,4,1,0
430.98,3,3,0,0,1741,0,0,1,0,0
658.23,18,4,0,0,2288,0,1,3,0,0
333.43,13,5,0,0,159,0,0,2,0,0
2652.91,21,1,0,0,636,0,0,10,1,0
504.34,23,2,0,0,965,0,0,7,0,0
3273.24,20,3,0,0,2463,0,0,2,0,0
734.63,10,5,0,0,691,0,0,5,0,0
386.31,9,2,0,0,635,0,0,2,0,0
716.01,15,4,1,0,1485,0,0,3,0,0
79.51,15,5,0,0,2440,0,0,9,0,0
971.88,18,2,0,0,2467,0,0,10,1,0
925.08,11,2,0,0,1987,0,0,2,0,0
2501.74,11,4,0,0,2015,2,0,4,0,0
166.28,2,0,0,0,1832,0,0,6,0,0
3504.72,4,4,0,0,1013,1,0,6,0,0
2491.4,19,5,0,0,575,0,0,6,0,1
3835.46,23,3,0,0,1596,1,0,5,0,1
1040.31,14,2,0,0,767,0,0,2,1,0
3022.67,8,4,0,0,2274,0,0,7,0,0
251.83,1,3,0,1,387,1,0,7,0,0
2237.35,1,1,0,0,2123,0,0,6,0,0
507.17,16,2,0,0,739,0,0,10,0,0
210.31,15,1,0,0,1499,0,0,8,1,0
356.33,6,5,0,0,2299,0,0,4,0,0
1102.72,4,2,0,0,530,1,0,6,0,0
480.92,1,4,0,0,1148,2,0,6,0,0
1597.31,16,2,0,0,1407,0,0,4,0,0
179.79,14,5,0,0,2393,0,0,8,0,0
130.7,7,1,0,0,84,0,0,3,0,0
4325.95,17,1,0,0,1479,0,0,2,0,0
2707.55,20,2,0,1,2443,1,0,5,0,0
384.02,12,4,0,0,41,0,0,4,0,0
1093.35,6,3,0,0,921,0,2,5,0,0
3039.68,0,3,0,0,844,0,0,4,0,0
1667.7,19,4,0,0,190,0,1,9,1,0
1271.84,13,4,1,0,854,0,0,2,0,0
3278.54,8,2,0,0,1211,0,0,4,0,0
528.1,0,1,0,0,1065,0,0,7,0,0
1131.36,19,8,0,0,1395,0,0,2,0,0
1077.23,22,2,0,0,1675,1,0,8,1,0
834.84,11,1,1,0,1076,0,0,2,0,0
742.63,6,3,1,1,671,0,0,5,0,1
1179.53,14,8,0,0,2286,0,0,5,0,0
1135.02,20,4,1,0,1017,1,0,5,0,0
384.36,14,4,0,0,2368,2,0,3,1,0
2444.99,0,3,0,0,2494,0,0,4,0,0
413.07,4,3,0,0,1581,1,0,9,0,0
881.62,2,3,0,0,906,1,0,4,0,0
816.25,9,3,0,0,2444,1,0,3,0,0
1568.86,10,5,0,0,1262,1,0,7,0,0
131.75,12,2,0,0,890,0,0,8,0,0
2672.87,18,1,0,0,1284,0,0,7,1,1
557.25,2,4,0,0,1779,0,0,9,0,0
3714.37,22,5,0,0,488,1,0,8,0,0
679.82,6,2,0,0,494,1,0,9,0,0
1044.36,12,4,0,0,1239,0,0,7,1,0
7433.75,5,1,0,0,1578,1,0,8,1,1
831.03,8,4,1,0,553,0,0,6,1,0
3785.18,19,5,0,0,213,0,0,4,0,0
1140.3,1,4,0,1,270,0,0,10,0,0
1661.4,11,3,0,1,119,0,0,8,1,0
1176.1,14,3,1,0,2020,1,0,4,0,0
2560.23,13,3,0,1,1509,0,0,5,0,0
552.51,9,2,0,0,1786,1,0,3,0,0
409.92,9,4,1,0,1278,0,0,3,1,0
579.07,21,1,0,1,676,0,0,2,0,0
1211.62,5,1,0,1,1035,0,0,3,0,0
879.35,11,1,0,0,337,0,0,5,0,0
2231.16,8,3,0,0,929,1,0,8,0,0
4042.96,18,3,0,1,2457,0,0,5,0,0
413.3,19,4,0,0,2342,0,0,2,0,0
526.39,20,4,0,0,2291,0,0,2,1,0
260.8,2,6,0,0,1820,0,0,8,0,0
8352.97,2,5,0,0,905,1,0,8,0,0
1487.23,9,2,0,0,1918,1,0,10,0,0
1771.89,10,4,0,0,1612,0,0,2,0,0
287.09,1,3,1,1,1828,1,0,10,0,1
1095.35,21,2,0,0,719,1,0,1,0,0
1824.84,21,0,0,0,2024,0,0,9,1,0
851.71,10,3,0,0,940,0,0,5,0,0
3215.4,18,1,0,0,1590,0,0,4,0,0
11068.2,13,1,0,0,1347,0,0,8,0,0
425.36,15,5,0,1,698,0,0,5,0,1
394.62,20,2,0,0,673,0,0,2,0,0
455.89,2,7,0,0,1151,0,0,9,0,0
5465.44,5,4,0,1,217,0,0,3,1,0
3109.93,10,0,0,0,41,1,0,6,0,0
957.64,21,4,1,0,1800,1,1,7,0,1
1137.47,14,1,0,0,2241,0,0,9,0,0
484.66,9,1,0,0,478,0,0,5,0,0
2670.52,0,2,0,1,53,0,0,4,0,0
750.02,14,3,0,0,751,0,0,10,0,0
845.5,6,1,0,0,1875,0,0,9,0,0
2015.84,7,2,0,0,2389,0,0,10,0,0
908.69,23,3,0,0,921,1,0,1,0,0
867.0,12,5,0,0,1507,0,0,1,0,0
1108.29,3,1,0,0,2415,0,0,2,0,0
2429.29,1,5,0,0,570,0,0,2,1,0
5690.16,9,1,1,0,405,2,0,2,0,0
1969.4,1,2,0,0,714,1,0,3,0,0
2448.7,10,5,0,1,1908,0,0,4,0,0
897.98,9,3,0,0,560,0,0,5,1,0
540.34,21,8,0,0,114,0,0,1,0,0
2109.04,8,3,0,0,2174,0,0,3,0,0
1301.46,6,3,0,0,1996,1,0,1,0,0
264.38,14,5,0,0,2001,0,0,3,1,0
789.92,15,4,1,0,1571,0,0,10,0,0
1009.39,0,5,0,0,1370,0,0,8,0,0
658.22,2,1,0,0,545,0,0,9,0,0
4825.82,4,4,0,0,323,1,0,3,0,0
1771.96,18,4,0,0,1564,0,0,5,0,0
4329.36,5,2,0,0,1846,1,0,7,0,0
1427.14,23,5,0,0,2083,0,0,3,0,0
1189.62,10,4,0,0,2122,0,1,9,0,0
429.84,22,3,0,1,1750,0,0,9,0,0
1109.79,5,2,0,0,1319,0,0,1,0,0
1111.04,10,7,1,0,1146,0,0,2,0,0
279.47,3,1,0,0,528,0,0,9,0,0
639.36,20,5,0,0,710,0,0,5,0,0
793.71,14,3,0,0,1736,1,0,2,0,0
1658.19,1,3,0,0,1518,1,0,8,0,0
1739.49,17,1,0,0,817,0,0,9,0,0
613.19,21,5,0,1,909,0,0,7,0,1
1752.62,16,3,0,0,2291,0,0,5,0,0
914.08,19,2,1,0,1022,1,0,4,0,1
62.2,6,0,0,0,2075,0,0,8,0,0
675.4,10,3,0,0,1100,0,0,8,0,0
3225.97,20,3,0,0,1016,1,0,3,0,0
204.02,14,6,0,0,1484,0,0,1,0,0
1227.45,14,3,0,0,101,0,0,5,0,0
5352.19,18,4,1,0,833,2,0,6,0,0
512.54,14,3,1,0,2369,0,0,8,0,0
1098.99,3,4,0,0,2000,0,0,7,0,0
297.67,5,3,0,0,2386,0,0,4,0,0
5581.6,18,4,0,0,2098,1,0,1,0,0
1008.95,5,2,0,0,1214,1,0,4,0,0
1148.98,15,2,0,0,2264,0,0,5,0,0
4248.41,11,2,0,0,16,1,0,2,0,0
2124.9,14,3,0,0,602,0,0,10,0,0
456.86,5,5,0,0,1807,0,0,4,0,0
574.05,7,2,0,0,463,0,0,3,0,0
1798.9,16,3,0,0,702,1,1,8,0,0
587.5,4,5,0,0,552,0,0,8,0,0
131.99,7,1,0,0,1873,1,0,10,0,0
1039.77,23,3,0,0,1972,0,0,9,0,0
249.58,3,4,0,0,73,0,0,1,1,0
5520.82,13,7,0,0,515,0,0,7,0,0
1308.7,3,2,1,0,1542,2,0,2,0,0
443.56,16,2,0,0,2255,1,0,4,0,0
545.32,3,2,0,1,2348,0,0,7,0,0
165.77,13,4,0,0,2022,0,0,1,1,0
365.23,10,4,0,0,1298,0,0,6,0,0
3030.02,16,3,0,0,129,1,0,2,0,0
10216.77,0,3,0,0,2365,0,0,10,1,0
2267.42,12,2,0,0,1883,0,0,5,0,0
1000.2,13,2,0,0,1804,0,0,3,1,0
711.97,5,3,0,0,2139,1,0,10,0,0
421.37,7,1,0,0,1491,2,0,1,0,0
8602.14,16,1,0,0,1830,0,0,6,0,0
908.01,13,4,0,0,2115,0,1,1,0,0
9096.36,13,4,0,0,2034,0,0,8,0,0
4418.34,22,4,1,0,2301,0,0,5,1,0
192.33,9,2,0,0,480,0,0,6,1,0
563.43,20,5,0,0,2147,0,0,3,0,0
561.69,23,1,0,0,1237,0,0,3,1,0
1012.48,13,7,0,0,2295,0,0,4,0,0
1032.45,5,4,0,0,2444,1,0,5,0,0
21943.78,10,0,0,0,160,0,0,7,0,0
373.45,1,1,0,0,2197,0,0,2,0,0
1378.8,16,3,0,0,532,1,0,6,0,0
2031.46,6,2,0,0,2250,1,0,3,1,0
1094.91,22,3,0,0,668,0,0,4,0,1
1224.37,15,3,0,0,1707,1,0,4,1,0
385.75,11,4,0,0,2400,0,0,5,0,0
1219.85,4,1,0,0,232,1,0,8,0,1
1828.77,2,2,0,0,2279,0,0,4,0,0
1521.73,16,6,1,0,2041,0,0,9,0,0
1939.53,18,2,0,0,2026,1,0,5,0,0
4503.49,6,2,0,0,2282,0,0,6,0,0
2798.86,0,7,0,0,1992,1,0,1,0,0
1177.67,7,4,0,0,694,0,0,3,0,0
339.76,18,5,0,0,1115,1,0,5,0,0
601.84,13,3,0,0,1401,0,0,10,0,0
880.39,2,2,0,0,249,0,0,3,0,0
1411.41,2,4,0,0,2121,1,0,5,0,0
679.71,2,2,0,0,1665,0,0,4,1,0
430.21,18,1,1,0,2333,1,0,9,0,0
334.22,18,3,0,0,1305,1,0,7,0,0
210.36,9,7,0,0,42,1,0,3,0,0
867.01,16,0,0,0,1010,0,0,6,1,0
252.23,0,2,0,0,532,0,1,8,0,1
403.22,13,4,0,0,908,0,1,7,1,0
739.59,6,8,0,0,1441,0,0,6,0,0
288.32,19,4,0,0,404,0,0,10,0,0
1603.19,11,3,1,0,1544,0,0,10,1,1
2298.99,20,3,0,1,1014,0,1,10,1,1
633.06,13,5,0,0,2021,0,0,9,1,0
708.37,10,3,0,0,2308,0,0,5,0,0
1877.0,22,5,0,0,895,1,0,5,0,0
537.0,23,1,0,0,493,0,0,10,0,0
501.33,10,4,1,1,65,0,0,1,1,1
3628.22,8,2,0,0,1497,0,0,8,0,0
2654.97,15,2,0,0,1087,0,0,10,0,0
2001.3,4,4,0,0,1560,0,0,5,0,0
2767.35,9,7,0,0,661,2,0,8,1,0
151.82,20,3,1,0,955,0,0,4,0,0
4246.44,21,4,1,1,2333,0,0,10,0,0
1623.05,9,4,0,0,674,0,0,1,0,0
3013.27,9,2,0,0,1397,0,0,5,0,0
1615.12,20,2,0,0,390,1,0,6,0,0
1151.62,4,4,1,0,217,1,0,3,0,0
832.71,1,2,0,0,1040,2,0,9,0,0
1583.11,1,7,0,0,229,0,0,9,0,1
802.92,2,5,0,0,1259,0,0,5,1,0
2612.01,21,3,0,0,346,0,0,9,0,0
224.43,0,4,1,0,92,2,0,8,0,1
638.05,7,1,0,0,1556,3,0,1,0,0
8474.55,14,1,0,0,2309,0,0,6,0,0
586.35,14,4,0,0,2473,0,0,8,0,0
863.78,19,3,0,0,5,0,1,10,0,0
453.69,23,3,0,0,1525,0,0,5,1,0
1534.32,9,4,0,1,121,0,0,1,0,0
525.18,5,4,0,0,1581,1,0,5,0,0
910.86,2,6,0,1,1672,1,0,8,0,1
2562.83,21,2,0,0,344,0,0,1,0,0
545.25,8,1,0,0,1970,1,1,3,0,0
2412.96,21,2,0,0,2207,0,0,8,0,0
2495.46,8,2,0,0,1144,1,0,9,1,0
3149.36,18,4,0,0,1322,2,0,5,0,0
1262.11,15,2,0,0,806,1,0,4,1,0
28036.4,17,4,0,0,2422,1,0,7,0,0
3148.03,15,3,0,0,1787,0,0,3,0,0
1517.59,7,3,0,0,1126,1,1,7,1,0
456.72,2,4,0,0,2176,1,0,4,0,0
995.2,0,4,0,0,2050,0,0,8,0,0
4565.7,10,4,0,0,786,0,0,5,0,0
6060.42,21,1,0,0,2494,0,1,4,0,0
4809.41,15,5,0,0,1537,0,0,2,0,0
2404.73,16,2,1,0,110,0,0,4,1,0
312.42,6,4,0,0,2245,0,1,9,0,0
1784.98,11,2,0,0,725,1,0,1,0,0
316.9,9,2,0,0,1658,0,0,1,0,0
247.78,3,1,0,0,2007,2,0,4,0,0
1392.92,14,1,0,1,205,1,0,1,0,0
1850.48,8,4,0,0,2075,0,0,10,0,0
2706.41,9,3,1,0,401,0,0,3,0,0
1802.87,14,2,0,0,461,0,0,7,0,0
1866.06,0,2,0,0,2009,1,0,8,0,1
409.67,22,1,1,0,1282,0,0,3,1,0
987.35,5,5,0,0,1193,1,0,3,0,0
242.96,16,5,0,0,1371,0,0,2,1,0
147.91,18,1,0,0,581,1,0,3,1,0
2299.95,3,2,0,0,2499,0,0,7,1,0
516.4,5,1,0,0,209,1,0,1,0,0
2624.11,9,2,0,0,466,0,0,4,0,0
3322.08,19,6,0,0,194,0,0,1,0,0
590.33,15,4,0,0,89,0,0,7,0,0
1978.93,11,2,0,0,1286,0,0,5,0,0
566.14,20,1,0,0,279,0,0,8,0,0
173.14,11,3,0,0,1839,0,0,6,0,0
1240.55,21,2,0,1,2437,0,0,9,0,0
684.8,18,5,0,1,1039,0,0,2,1,0
706.21,4,5,0,0,414,0,0,9,0,0
7905.73,9,5,0,0,997,0,1,2,0,0
238.45,0,1,0,0,1005,1,0,2,0,0
1608.2,5,1,0,0,8,0,0,9,1,0
405.53,0,0,0,1,1766,0,0,3,1,0
2719.66,2,4,0,0,913,0,0,1,0,0
1477.98,0,1,0,0,1892,0,0,7,1,1
1602.54,16,3,0,0,468,1,0,2,0,0
426.29,9,5,0,1,59,0,0,2,1,0
510.0,11,6,0,0,994,0,0,2,0,0
2771.8,18,5,0,0,1239,0,0,10,0,0
6443.31,19,2,0,0,111,1,0,2,0,0
1772.79,12,1,0,0,1365,0,0,1,0,0
447.01,10,0,0,0,1391,1,0,7,0,0
1539.08,15,4,0,1,2456,0,0,7,0,0
12425.08,9,3,1,0,1447,0,0,7,0,0
1214.91,10,6,0,0,387,1,0,6,0,0
4730.76,7,3,0,1,2109,0,0,5,0,0
523.05,4,6,0,0,2373,1,0,3,0,0
1051.44,4,3,1,0,416,0,0,10,0,0
2037.68,15,7,0,1,857,1,0,9,0,0
1631.62,19,0,1,0,1520,1,0,9,0,0
509.59,10,2,0,0,114,1,0,9,0,0
488.08,2,3,0,0,2112,0,0,8,1,0
2946.24,14,2,1,0,1820,1,0,2,0,0
3610.32,21,7,0,0,2290,0,0,1,0,0
4974.82,12,2,0,0,1893,0,0,5,0,0
6660.37,0,2,0,1,439,4,0,4,0,0
1254.66,1,2,0,0,1794,0,0,6,1,0
803.36,12,5,0,0,1571,1,0,3,0,0
4234.37,20,1,1,0,682,0,0,9,1,0
2237.4,1,2,0,0,381,0,0,6,1,0
410.57,18,3,0,0,2255,0,0,8,0,0
390.08,18,1,1,0,486,0,0,3,1,1
1793.51,1,6,0,0,373,0,0,3,0,0
918.48,5,2,0,0,1791,1,0,3,0,0
1068.03,0,5,0,0,1926,2,0,2,0,0
3205.21,13,4,0,1,2097,0,0,3,0,0
2342.65,4,4,0,0,1292,0,0,5,0,0
4145.89,21,0,0,0,907,0,0,6,0,0
158.93,2,3,0,0,1770,0,0,8,1,0
1412.9,15,4,0,0,1991,0,0,6,0,0
2196.65,18,7,0,0,408,0,0,1,0,0
238.27,4,4,0,0,1709,0,0,6,0,0
569.7,6,4,0,0,516,0,1,1,0,0
473.2,19,1,0,0,900,1,0,2,0,0
1120.69,2,2,0,0,2284,1,0,4,0,0
5585.08,10,2,0,0,700,0,0,10,0,0
8288.21,6,8,0,0,1832,0,0,5,0,0
485.76,0,5,0,0,1821,0,0,8,0,0
1856.7,10,3,0,0,537,0,0,8,0,1
1917.54,11,1,0,1,2104,1,1,4,0,0
1615.87,8,2,0,0,1730,0,0,8,1,0
1634.32,19,4,0,0,226,0,0,7,0,0
1485.85,2,7,0,0,2065,0,0,9,1,0
5928.76,10,6,0,0,1177,2,0,10,1,0
3302.6,4,3,0,0,1342,1,0,8,0,0
379.88,18,2,0,0,686,0,0,4,0,0
2430.18,13,6,0,0,461,0,0,4,1,0
2676.79,16,3,0,0,285,0,0,5,0,0
1502.62,2,3,1,0,29,0,0,2,1,0
3399.64,10,5,0,0,455,0,0,1,1,1
1323.55,1,2,0,0,578,0,1,9,0,0
1340.06,7,4,0,0,2031,1,0,9,1,1
1237.99,22,7,0,0,409,0,0,10,1,0
145.73,17,4,0,0,1705,0,0,6,0,0
1011.92,1,4,1,0,1642,0,0,8,0,0
562.14,8,2,0,0,2419,0,0,9,0,0
334.81,20,5,1,0,2387,0,0,6,1,0
4600.95,4,1,0,0,829,0,0,3,0,0
1815.67,18,2,0,0,649,0,0,2,1,0
1064.4,7,2,0,0,2281,0,0,2,0,0
623.41,11,4,0,0,787,0,0,2,0,0
1474.64,21,4,0,0,220,0,0,8,0,0
2955.54,16,1,0,0,2492,0,0,5,0,0
479.64,6,3,0,0,2183,1,0,2,0,0
1091.35,0,2,1,0,2136,1,0,4,0,1
2612.51,5,4,0,0,126,0,0,10,0,0
158.22,10,4,0,0,592,0,0,10,1,0
1035.28,3,3,0,0,444,1,0,5,0,0
713.88,21,4,0,0,1102,0,0,6,0,0
959.27,1,4,0,0,2008,0,1,2,0,0
664.06,12,2,0,1,1903,0,0,7,0,0
1258.44,23,4,0,0,2338,1,0,10,1,0
7507.27,8,4,0,0,1267,1,0,1,0,0
793.2,12,1,0,0,1478,2,0,1,1,0
1468.08,1,2,0,0,2092,0,0,6,1,1
8060.63,17,1,0,0,2151,0,0,3,0,0
632.69,23,4,0,0,2321,1,0,5,1,0
6732.32,18,2,0,0,308,0,0,10,0,0
1102.49,3,5,0,0,115,0,0,1,0,0
6515.22,8,2,0,0,2160,0,0,6,0,0
2322.04,17,4,0,0,1796,0,0,5,0,0
1490.86,19,2,0,0,711,0,0,10,0,0
1026.97,9,1,0,0,2258,0,0,1,0,0
587.55,23,2,0,0,2349,0,0,9,0,0
1182.98,4,0,0,0,2311,1,0,10,0,0
2690.17,17,6,0,0,1067,0,0,10,0,0
1082.35,11,2,1,0,1762,0,0,3,0,0
799.01,17,5,0,0,1951,0,0,6,0,0
853.39,14,1,0,0,363,0,0,8,0,0
2958.62,10,2,0,0,1743,0,0,5,0,0
3733.72,19,6,0,0,666,1,0,5,0,0
562.76,20,4,0,0,42,0,0,3,0,0
561.95,19,2,0,0,2265,0,0,10,1,0
1602.56,2,2,0,0,539,0,0,1,0,0
5051.96,10,6,0,1,1167,0,0,1,1,0
3449.52,17,4,0,0,1419,0,0,8,0,0
313.61,20,3,0,0,1760,0,0,2,0,0
842.12,8,2,0,0,559,0,0,10,0,0
432.42,17,2,0,0,925,0,0,9,0,0
839.23,13,9,0,0,1975,0,0,6,0,0
5455.67,5,5,1,0,1969,0,0,5,0,1
264.38,21,1,0,0,2050,0,0,6,0,0
217.27,10,2,0,0,1328,0,0,9,0,0
478.88,14,2,1,0,53,0,0,5,1,0
1461.63,6,1,0,0,2236,0,0,9,0,0
2040.1,0,2,0,0,1508,1,0,6,0,0
1698.41,10,1,0,0,989,1,0,10,0,0
3553.49,17,4,0,0,2479,0,0,1,0,0
188.09,7,5,0,0,2282,0,0,10,0,0
3598.73,22,2,0,0,1330,0,0,1,0,0
802.64,18,4,0,0,1668,0,0,5,0,0
2279.01,15,1,0,0,2116,0,0,2,0,0
291.95,19,2,0,1,205,0,0,10,0,0
1102.08,20,5,0,0,277,1,0,1,0,1
1388.9,17,5,0,0,364,1,0,9,0,0
3483.35,19,4,0,0,1823,1,0,3,0,0
224.7,17,1,0,0,1631,0,0,2,0,0
1130.88,20,5,1,0,516,0,0,7,0,1
370.47,2,5,0,0,1560,1,0,5,0,0
1818.01,8,1,0,0,706,0,0,9,0,0
2385.63,21,0,0,1,1653,0,0,2,0,0
3972.58,11,5,1,0,1239,1,0,3,0,1
642.25,0,3,0,0,1190,0,0,9,0,0
2771.73,20,3,0,0,2348,0,0,1,0,0
4276.55,15,2,0,0,1945,0,0,8,0,0
212.04,21,2,0,0,1703,0,0,10,0,0
2023.02,0,3,0,0,2014,1,0,8,0,0
2859.81,3,3,0,0,2308,0,1,2,1,0
846.64,12,3,0,0,1007,1,0,4,0,0
326.76,4,2,0,0,1846,0,0,8,0,0
2815.67,12,1,1,0,1482,0,0,8,0,0
330.46,8,2,0,0,1882,0,0,10,1,0
917.5,5,2,0,0,2157,0,0,3,0,0
1053.5,18,3,0,0,2142,0,0,8,0,0
2242.93,0,4,0,0,1349,0,0,1,0,0
586.03,20,3,0,1,819,0,0,1,1,0
553.03,3,5,0,0,666,0,0,6,0,1
1210.65,13,2,1,0,1977,0,0,9,0,0
3000.07,23,0,0,0,1405,1,0,4,1,0
10801.6,2,4,0,0,2107,0,0,7,0,0
242.87,22,1,1,0,1167,0,1,7,0,0
1503.19,7,2,0,0,1851,0,0,4,0,0
369.99,17,3,0,0,680,0,0,9,0,0
3037.56,20,1,0,0,1705,0,0,6,0,0
429.0,5,3,0,0,390,1,0,10,1,0
558.55,8,1,0,0,471,0,0,9,0,0
608.34,20,5,0,0,2117,0,0,3,0,0
1016.18,2,4,0,0,2395,3,0,7,0,0
1515.04,2,1,0,0,1079,0,0,3,0,0
1778.81,7,4,0,0,711,0,0,8,0,0
1090.33,14,6,0,1,2183,1,0,3,0,0
290.07,19,4,0,0,1040,1,0,9,0,0
2270.57,13,6,0,0,1703,0,0,9,1,0
1040.07,11,3,0,0,175,0,0,3,1,0
3504.26,20,3,0,1,2034,0,0,5,0,0
540.37,4,1,0,0,55,0,0,8,1,0
220.9,21,5,0,0,1887,0,0,6,0,0
1059.95,7,3,0,0,423,0,0,8,0,0
4007.62,6,1,0,0,2288,1,1,8,1,1
1288.12,22,3,1,0,1553,0,0,8,1,0
898.14,15,2,0,0,1285,0,0,5,1,0
459.28,10,7,0,0,737,1,0,4,1,0
6359.89,7,3,0,0,599,1,0,10,1,0
391.66,10,1,0,1,2198,0,0,9,0,0
530.92,18,3,0,0,946,0,0,5,0,1
1939.21,3,5,0,0,51,0,0,2,0,0
171.4,4,2,0,1,220,0,1,9,0,1
3922.92,7,2,0,0,490,0,0,8,0,0
2047.13,11,4,0,0,2309,1,1,3,0,0
2695.21,19,1,1,0,204,3,0,2,0,0
1916.23,5,1,0,0,1786,0,0,2,0,0
933.44,18,2,0,0,256,0,1,2,0,0
378.74,21,2,0,0,79,0,0,6,0,0
953.3,10,4,0,0,595,1,0,9,1,1
413.54,23,2,0,0,211,0,0,9,1,0
1783.18,21,4,0,0,2162,0,0,4,0,0
2457.21,19,3,0,0,2319,0,0,3,0,0
4802.1,9,1,0,0,2139,0,1,7,1,0
1590.44,7,4,0,0,1373,0,0,7,0,0
2764.39,20,7,0,0,818,0,0,7,0,0
814.73,10,7,0,0,2470,1,0,3,0,0
679.75,0,1,0,0,190,1,0,7,0,0
1761.06,17,3,0,0,822,0,0,5,0,0
745.11,8,1,0,0,1707,0,0,5,0,0
1435.38,22,6,0,0,781,0,0,2,1,0
379.48,20,7,0,0,1741,0,0,8,1,0
454.12,2,4,0,0,2182,2,0,1,1,0
2070.22,21,3,1,0,2310,0,0,3,0,0
2661.62,22,5,0,0,298,0,0,7,1,0
409.26,18,2,0,1,2297,1,1,8,0,1
2144.4,6,3,0,0,2425,0,0,6,0,0
643.72,16,1,0,0,647,0,0,4,1,0
1114.88,20,2,0,0,70,0,1,4,0,0
4523.06,19,4,0,0,2211,0,0,2,0,0
2458.94,10,1,0,0,2276,1,0,1,0,0
2430.55,16,3,0,0,1328,0,1,2,0,0
7396.71,9,3,0,0,705,1,0,2,0,0
542.46,6,3,0,0,2287,0,0,4,0,0
409.17,16,4,0,0,1968,1,0,1,0,0
532.66,11,2,0,0,1688,0,1,4,0,0
850.22,5,3,0,0,1205,0,1,10,0,0
104.11,15,3,0,1,1161,0,1,8,1,0
891.2,7,2,0,0,2285,0,0,5,0,0
636.15,14,8,1,0,1445,0,0,4,1,0
2401.29,8,2,0,0,915,0,1,4,0,0
1559.97,21,2,0,0,588,0,0,8,0,0
601.43,20,4,0,0,1357,0,0,7,0,0
1978.24,11,2,0,0,1422,1,0,1,0,0
2260.32,17,3,0,0,1913,0,1,5,0,0
508.49,4,3,0,0,677,2,0,3,0,0
669.8,23,3,0,0,2061,0,0,2,1,0
118.47,5,1,0,0,1104,0,0,10,0,0
368.46,20,3,0,0,1643,0,0,3,1,0
521.93,20,6,0,0,743,0,0,4,0,0
1181.06,4,0,0,0,1231,1,0,8,0,0
426.08,0,3,0,0,1108,0,0,5,1,0
656.25,17,1,0,0,1784,0,0,9,0,0
322.04,20,2,0,0,2148,0,0,5,0,0
1301.29,17,3,0,0,1229,0,0,7,0,0
1678.6,1,2,0,0,1418,0,0,9,1,0
1639.86,15,4,0,0,1771,1,0,8,0,0
1110.27,9,1,0,0,123,1,0,8,0,0
234.85,21,5,0,0,1455,1,0,2,0,0
589.96,19,2,0,0,1744,1,0,2,0,0
729.74,19,4,0,0,678,1,0,8,0,0
732.68,9,3,0,0,1654,0,0,9,0,0
1182.02,7,2,0,0,205,1,0,7,0,0
4562.11,19,7,0,0,224,0,0,4,0,0
2470.3,2,2,0,0,501,1,0,7,0,0
408.5,2,4,0,0,780,0,0,10,0,0
2161.17,1,3,0,0,1924,0,0,1,0,0
2080.37,12,1,0,0,634,1,0,9,0,0
489.77,1,2,0,0,1350,0,0,3,0,0
2562.83,13,3,0,0,1151,0,0,1,0,0
934.14,4,2,0,0,256,0,0,5,0,0
267.75,21,3,0,0,955,1,0,5,1,0
1728.83,10,4,0,0,1796,0,0,9,1,0
1362.34,2,3,0,0,2069,0,0,9,0,0
873.34,16,4,0,0,1385,0,0,2,1,0
1056.32,8,1,0,0,977,2,0,8,1,0
534.28,6,3,0,0,707,0,0,2,0,0
2018.54,15,4,0,0,296,2,0,7,0,0
1050.0,22,4,0,0,88,0,0,2,0,0
1295.24,23,1,0,0,710,0,0,10,0,0
1567.35,10,3,0,0,1673,1,0,3,0,0
345.65,20,4,0,0,350,0,0,1,0,0
448.41,5,5,0,0,1156,0,0,8,0,0
120.31,20,1,0,0,814,1,0,9,0,0
1928.97,22,3,0,0,869,0,0,4,0,0
326.29,12,0,0,0,2128,1,0,9,0,0
1252.09,12,7,0,1,816,0,0,9,0,0
1589.2,13,7,0,0,1332,0,0,4,0,0
2002.9,1,5,0,0,1290,2,0,3,0,0
328.98,20,4,0,0,896,0,0,1,1,1
1027.45,17,2,0,1,1603,0,0,5,0,0
5827.13,20,3,1,0,2241,1,0,9,0,0
6089.46,2,6,0,0,1080,0,0,5,1,1
2943.41,19,0,0,0,1147,0,0,7,0,0
1536.85,8,5,0,0,2146,0,0,2,0,0
401.37,19,0,0,0,1830,0,0,3,0,0
2249.86,23,2,0,0,1135,0,0,1,1,0
936.34,21,3,1,1,506,0,0,10,0,1
1920.86,21,7,0,1,1871,0,0,10,0,0
582.4,2,6,0,0,922,0,1,4,0,1
922.48,7,3,0,0,1584,0,0,9,1,0
1292.26,7,6,0,0,1268,0,0,4,1,0
1402.87,12,2,0,0,1384,0,0,8,0,0
1796.73,23,2,0,0,1281,0,1,8,1,0
614.5,16,1,0,0,1685,0,0,8,0,0
286.21,13,5,0,0,2003,1,0,6,0,0
5567.97,19,7,0,1,1934,0,0,7,0,0
13216.93,4,4,0,0,1448,0,0,9,0,0
1715.43,15,2,0,0,400,2,0,5,0,0
291.78,12,2,0,0,2244,0,0,7,1,0
506.14,4,7,0,0,1416,0,0,3,0,0
1824.6,15,4,0,0,2292,1,0,3,0,0
4192.76,20,4,0,0,2328,2,0,10,1,1
326.07,19,3,0,0,1084,0,0,1,1,0
968.42,20,2,0,0,970,0,0,9,0,0
1333.99,19,1,0,1,1708,1,1,7,0,0
2603.41,11,3,0,0,379,0,0,10,1,0
777.75,1,3,0,0,1961,0,0,9,0,0
229.56,23,2,0,0,2030,0,0,1,0,1
2041.0,10,6,0,0,911,0,0,6,1,0
3377.18,15,2,0,0,891,0,0,2,0,0
1009.7,0,4,0,0,708,0,0,8,0,0
1644.58,21,3,0,0,633,0,0,10,0,0
682.33,21,1,0,0,2196,1,0,2,0,0
470.7,22,4,0,0,2279,0,0,1,0,0
3060.78,4,1,0,0,1484,1,0,6,0,0
1615.66,20,5,0,0,991,0,0,4,0,0
1790.71,14,2,0,0,473,0,0,9,0,0
4925.18,3,3,0,1,193,1,0,4,0,0
381.9,13,4,0,0,1445,0,0,8,0,0
631.42,11,3,0,1,1193,1,0,1,1,0
1284.25,15,4,1,1,556,1,0,3,0,0
623.71,2,5,0,0,176,0,0,6,0,0
2399.79,13,3,0,0,1159,0,0,2,0,0
909.23,16,4,0,0,640,0,0,8,0,0
406.45,17,3,0,0,1699,0,0,7,1,0
1171.19,18,3,0,0,21,1,0,4,0,0
1300.29,15,1,0,0,2076,0,0,1,1,0
2792.47,16,7,0,0,1318,0,0,5,0,0
1624.8,2,1,0,0,1008,1,0,1,0,0
1739.14,19,5,0,0,1866,0,0,2,0,0
1510.64,8,6,0,0,248,0,1,6,0,0
908.48,13,1,1,0,283,0,0,9,1,0
535.81,13,2,0,0,1937,2,0,1,0,0
1463.87,23,0,0,0,937,0,1,8,0,1
785.94,7,0,0,0,1661,0,1,1,1,0
5942.13,9,5,0,0,1989,0,0,3,0,0
4197.24,18,4,0,0,1554,0,0,2,0,0
2064.9,15,5,0,0,376,0,0,1,0,0
1601.13,7,5,0,0,772,0,0,2,1,0
1004.29,8,4,0,0,380,0,0,4,0,0
310.72,19,3,0,0,111,0,0,5,0,0
883.44,20,2,0,0,2372,0,0,3,1,0
1213.67,3,3,0,0,1490,0,0,7,0,0
1379.47,9,3,0,0,551,1,0,6,0,1
1753.79,18,2,0,1,1943,1,0,1,0,0
2755.43,2,0,0,0,209,0,1,10,0,0
548.86,4,2,0,0,759,0,1,3,1,1
553.87,3,6,1,0,797,1,0,1,0,0
4679.08,12,2,0,1,1710,0,0,7,0,0
2370.8,10,5,0,0,1776,0,0,10,0,0
741.91,7,2,0,0,323,0,0,5,0,0
985.14,3,2,0,0,452,1,0,7,0,0
989.59,15,7,0,0,1825,1,0,1,0,0
1131.81,19,2,0,0,2220,0,0,1,0,0
1759.32,5,5,1,0,2135,1,0,4,0,0
13835.5,15,4,0,0,1304,0,0,2,0,0
1325.78,19,6,0,0,973,0,0,9,0,0
2127.28,13,3,1,0,1053,1,0,1,0,0
203.06,13,0,1,0,339,0,0,1,1,0
675.26,4,7,0,0,1611,0,0,6,0,0
3747.39,22,4,0,1,1214,0,0,5,0,0
1639.78,22,2,0,1,402,0,0,5,0,0
13.61,17,0,0,0,1461,0,0,1,1,0
2151.72,21,1,0,0,1953,1,0,7,0,0
7466.37,14,6,0,0,290,0,0,5,0,0
149.02,15,2,0,0,985,0,0,9,0,0
5010.98,19,1,0,0,487,0,0,4,0,0
68.58,0,2,0,0,2129,0,0,7,0,0
2801.75,5,3,0,0,162,0,0,3,0,0
1087.19,4,5,1,0,189,0,0,9,0,0
104.59,15,3,0,0,2116,0,0,6,0,0
1713.23,5,5,1,0,1302,0,0,8,0,0
3466.29,9,5,1,0,950,1,0,3,1,0
1577.96,11,3,0,0,1862,0,0,5,0,0
1968.11,17,5,0,0,1393,0,1,10,0,0
726.56,12,3,0,0,1769,0,0,10,0,0
170.48,0,3,1,0,1729,0,1,7,0,0
2190.45,16,5,0,0,595,1,0,4,0,0
6309.14,10,0,0,0,633,1,0,3,0,0
3393.38,2,4,1,0,2054,0,0,4,1,0
150.22,15,3,0,0,1914,1,0,6,0,0
241.07,6,5,1,0,1993,0,1,4,0,0
470.61,11,1,0,0,413,0,0,5,0,0
222.97,23,6,1,0,841,0,1,7,0,0
1146.18,5,2,1,0,2472,1,0,1,0,1
1625.25,21,2,0,0,897,0,0,4,0,0
262.37,11,5,0,0,1171,0,0,2,0,0
2385.42,22,0,0,0,2268,1,0,8,0,0
2000.4,20,3,0,0,1236,0,0,7,0,0
633.87,19,5,0,1,2213,0,0,2,0,0
922.86,4,3,0,0,1390,0,0,3,0,0
156.05,18,1,0,0,2350,0,0,9,0,0
786.61,8,4,1,0,727,0,1,5,0,0
1104.76,21,4,0,0,2385,1,0,4,1,0
1298.22,23,5,0,0,1138,0,0,3,0,0
1601.79,14,1,0,0,664,0,0,7,0,0
1400.02,21,1,0,0,101,0,0,3,0,0
841.9,12,3,1,0,2128,0,0,9,0,0
1460.0,0,1,0,0,2087,1,0,1,0,0
2987.02,20,2,0,0,843,0,0,6,0,0
996.75,12,5,0,0,2353,0,0,7,0,0
1506.58,1,1,0,0,302,1,0,1,0,0
910.35,1,4,0,0,935,0,0,10,0,0
574.35,17,3,0,0,2323,1,0,3,0,0
1849.89,22,0,1,0,2111,0,0,3,0,0
629.4,16,3,0,0,1631,0,2,4,0,0
1613.48,10,4,0,0,1615,0,0,2,0,0
1128.06,7,5,1,1,799,0,0,5,0,0
809.22,10,2,0,0,753,0,0,10,0,0
789.86,7,2,0,0,2330,0,0,8,0,0
659.76,6,4,0,0,552,0,0,8,0,0
211.49,3,4,0,0,717,0,0,4,0,0
1608.24,13,1,1,0,1420,0,0,3,0,0
1382.36,5,4,0,0,1867,2,0,7,0,1
2564.89,3,2,1,0,663,0,0,8,0,0
644.54,6,2,0,1,577,1,0,9,1,0
7298.2,19,1,0,0,1709,0,0,2,0,0
750.14,13,4,0,0,311,0,0,9,0,0
457.09,11,2,0,0,654,0,0,3,0,0
405.98,14,2,0,0,1398,1,0,9,0,0
193.65,13,1,0,1,2141,0,0,9,0,0
5077.77,11,6,0,0,1317,0,0,6,1,0
4320.24,20,2,0,0,2175,1,1,3,1,0
1999.69,17,5,0,0,1105,0,0,2,0,0
447.61,4,2,0,1,1229,1,0,1,0,0
6709.42,19,3,0,0,1539,0,0,2,1,0
771.46,4,2,0,0,1458,0,0,1,0,0
837.96,1,2,0,0,993,0,1,2,1,1
4615.89,10,3,0,0,899,0,1,3,0,0
2119.45,9,1,0,0,1519,2,0,4,0,0
9908.05,18,2,0,0,2192,2,0,7,0,1
1406.31,16,4,0,0,2018,0,0,2,0,0
737.28,1,3,0,0,2220,0,0,10,0,1
594.78,11,2,0,0,2188,0,0,10,0,0
172.95,19,1,0,0,1555,0,0,8,0,0
829.98,17,1,1,0,143,0,0,8,1,0
3444.7,12,0,0,0,301,0,1,9,0,1
1995.87,14,4,1,0,1845,0,0,2,0,0
1119.13,13,3,0,0,1289,0,0,6,0,0
405.48,5,2,1,0,380,1,0,6,1,1
1375.91,13,2,0,0,1722,0,0,2,0,0
3019.4,16,4,0,0,33,1,0,5,1,0
1687.02,1,1,0,0,2333,0,0,6,0,0
1295.61,16,1,1,0,2274,0,0,2,0,0
494.25,5,2,0,0,2334,0,0,2,0,0
2610.2,0,2,0,1,809,1,0,5,0,0
47.85,18,1,0,0,1950,0,0,7,0,0
1608.16,9,4,0,0,770,1,0,7,1,0
14333.03,9,2,0,1,32,1,0,6,0,0
242.65,14,2,0,0,1068,0,0,6,1,0
861.46,13,1,0,0,1023,0,0,5,0,0
1087.99,14,4,0,0,742,0,0,6,0,0
690.5,22,4,0,0,2333,0,0,7,0,0
3091.38,15,2,0,0,886,0,0,3,0,0
1758.91,1,2,0,0,941,1,0,8,0,1
1277.04,5,2,0,0,2306,0,0,8,1,0
2433.95,10,6,1,1,1513,1,0,1,0,0
1115.16,11,2,0,0,2377,0,0,8,0,0
26366.89,8,4,1,0,2080,1,0,10,0,1
1275.82,4,2,0,0,318,0,0,5,0,0
1333.13,2,6,0,1,505,0,0,3,0,0
198.25,3,3,0,0,1295,0,0,6,0,0
636.86,22,4,0,0,493,2,0,3,0,0
3454.31,9,5,1,0,1359,0,0,6,0,1
288.46,23,3,0,0,2312,0,0,8,0,0
126.78,8,2,0,0,1432,0,0,3,0,0
1132.65,7,2,0,0,2093,0,0,5,0,0
4318.85,11,4,0,0,142,0,0,9,0,0
1144.11,22,4,1,0,1090,1,0,7,0,1
783.58,13,1,1,0,743,0,0,8,1,0
170.97,0,3,0,0,2293,0,0,7,1,0
1723.74,6,5,0,0,1987,0,0,3,0,0
2124.46,23,1,0,0,1407,1,0,7,0,0
184.61,3,2,0,0,2436,1,0,9,1,0
3410.22,20,3,0,0,547,0,0,7,0,0
2358.3,22,2,0,0,578,0,0,3,1,0
3402.67,5,2,0,0,883,0,0,1,0,0
1965.55,13,4,0,1,2356,0,0,5,1,0
2108.4,14,2,0,0,2035,0,0,10,1,0
1845.9,19,3,0,0,289,0,0,4,0,0
2613.57,19,1,0,0,1369,1,0,2,1,0
177.9,1,1,1,0,1456,2,0,7,0,0
244.43,7,8,0,0,66,0,0,5,0,0
525.31,22,5,0,0,685,0,1,2,0,0
963.12,8,3,0,0,1276,0,0,7,0,0
1616.69,5,7,0,0,1049,2,0,9,0,0
1517.29,15,0,0,0,34,0,1,2,0,0
3351.31,4,1,0,0,1786,0,0,10,0,0
3458.17,3,6,0,0,414,0,0,5,0,0
458.34,19,3,0,0,1719,0,0,10,0,0
1392.11,2,4,1,0,1633,0,0,1,1,0
469.73,21,3,1,0,1128,0,0,6,0,0
908.46,5,2,0,0,1557,0,0,1,0,0
1512.91,2,3,0,0,680,0,0,6,0,0
36.28,17,2,0,0,1354,0,0,5,0,0
12225.07,4,2,0,0,2412,0,0,4,0,0
1932.19,8,3,0,0,1550,0,0,9,0,0
604.44,8,3,0,0,156,1,0,1,0,0
7535.42,12,7,0,1,1032,0,0,8,0,0
774.77,11,7,0,0,1521,1,0,5,0,0
1252.03,4,4,0,1,16,1,1,2,0,0
673.77,5,7,1,0,1444,0,0,5,1,0
5721.53,4,2,0,0,1647,1,0,8,1,1
987.34,1,7,0,0,1160,0,0,4,1,0
1273.45,15,6,0,0,1804,0,0,1,0,0
3654.75,11,2,0,0,2407,0,1,9,1,1
1968.72,2,2,0,1,1403,0,0,2,0,1
1038.62,7,3,0,0,2290,0,0,1,0,0
3328.88,16,1,1,0,1518,2,0,8,1,0
13883.87,6,2,1,0,2000,1,0,10,0,1
1506.3,9,4,0,0,465,0,0,9,1,0
1232.45,17,3,0,1,2350,1,0,8,0,0
1300.66,16,3,0,1,632,2,0,5,0,0
4066.06,16,5,0,0,57,2,0,3,0,0
602.33,9,6,0,0,1351,0,0,3,0,0
830.21,11,1,1,0,2455,1,0,9,0,1
235.7,20,6,0,0,721,1,0,2,0,0
335.67,20,1,0,0,155,1,0,8,0,0
653.41,1,3,0,0,563,0,0,3,0,1
1036.97,20,1,0,0,1439,0,0,3,0,0
6432.27,21,0,0,0,1951,1,0,3,0,0
1874.3,22,5,0,0,2466,0,0,9,0,0
440.5,6,1,0,0,1540,0,0,10,0,0
529.55,12,1,1,0,1773,1,0,6,0,0
4336.18,1,1,0,0,256,0,0,6,1,0
3383.31,2,6,0,0,2021,0,0,4,0,0
1127.94,13,3,0,0,2097,0,1,4,0,0
704.49,4,5,0,0,442,3,0,2,1,0
3377.64,5,2,0,0,1333,0,0,8,1,0
406.13,7,3,0,0,2069,0,0,6,0,0
1623.0,11,4,0,0,1878,0,0,8,1,0
10643.01,3,1,0,1,1102,0,0,5,0,0
1346.62,19,4,0,0,1370,1,0,2,0,0
504.92,16,3,1,0,865,0,0,4,0,0
1653.04,18,1,0,0,1186,1,0,5,1,0
685.39,22,7,0,0,757,0,1,9,0,0
272.02,14,4,0,0,1777,0,0,4,0,0
2210.64,8,2,0,0,1912,1,0,5,1,0
3353.75,23,3,1,0,1184,0,0,2,0,0
803.59,13,2,0,0,431,0,0,3,0,0
752.02,11,3,0,0,1604,0,0,2,1,0
419.24,9,1,0,0,392,0,0,5,0,0
943.94,0,2,0,0,1419,1,0,10,0,1
624.92,22,5,0,0,441,1,0,5,0,0
399.0,19,2,0,0,1791,0,0,2,0,0
7274.78,16,3,0,0,1216,1,0,9,1,0
1748.46,5,4,0,0,1959,1,0,7,0,0
1943.79,22,3,0,0,1730,0,0,9,0,0
2652.88,4,2,0,0,1768,0,0,7,0,0
2370.93,5,0,0,0,800,1,0,7,0,0
725.52,1,3,0,0,2305,0,0,5,0,0
1440.22,6,4,0,1,1325,0,0,10,1,0
837.96,7,3,0,0,2348,0,0,3,0,0
1700.14,19,5,0,0,1715,0,0,5,0,0
1543.32,7,1,0,0,272,0,0,9,0,0
747.95,22,1,0,0,704,0,0,1,0,0
290.24,7,3,0,0,1526,1,1,4,0,1
1269.32,12,6,0,0,100,0,0,7,0,0
894.02,14,5,0,0,1456,0,0,2,0,0
165.61,19,1,0,0,2111,0,0,6,1,0
1821.95,18,3,0,0,118,1,0,8,1,0
2879.41,20,1,0,0,119,0,0,9,0,1
13743.98,22,2,0,0,961,0,0,7,0,0
741.59,2,0,1,0,2360,1,0,4,0,0
639.88,2,4,0,0,664,1,0,2,0,0
361.61,10,5,0,0,762,0,0,2,0,0
1351.06,3,3,0,0,1050,0,1,8,0,0
1342.54,11,3,0,0,542,1,0,7,0,0
487.21,14,1,0,0,1929,0,0,2,0,0
920.64,6,4,0,0,1563,0,0,9,0,0
151.61,2,2,0,0,725,0,0,4,1,0
2769.37,23,3,0,0,1388,1,0,9,0,0
507.41,8,4,0,0,2311,1,0,10,0,0
1059.28,20,4,0,0,2364,1,1,9,0,0
263.3,14,1,0,0,2199,2,0,2,0,0
612.56,15,7,0,0,1173,0,1,7,0,1
829.16,18,4,0,0,1582,1,0,8,0,0
1084.32,6,3,0,0,521,0,0,8,0,0
1771.77,5,8,0,0,2466,1,0,4,0,0
4624.28,23,2,0,0,1726,0,0,4,0,0
2281.78,16,3,0,0,36,1,0,10,1,0
2870.28,7,3,0,0,2367,0,1,5,0,0
4656.89,15,6,0,0,878,0,0,7,0,0
1938.57,9,1,0,0,620,1,0,10,0,0
1057.11,20,4,0,0,621,0,0,3,0,0
3008.24,12,3,0,0,410,0,0,10,0,0
3206.74,7,5,0,0,356,0,0,7,0,0
2097.64,16,2,0,1,907,0,0,8,1,0
256.05,18,1,0,0,1919,0,0,8,0,0
472.74,8,1,0,0,1404,1,1,5,0,0
833.09,18,3,0,0,1276,0,0,4,0,0
2391.37,5,3,1,0,1181,1,0,5,0,0
1073.47,5,3,0,0,2307,0,0,1,0,0
3418.2,19,2,0,0,2039,2,0,6,0,0
4085.65,14,4,1,1,991,0,0,7,0,0
3637.93,0,4,0,0,2318,1,0,3,0,0
3661.18,16,0,0,0,2398,0,0,4,0,0
388.78,7,2,0,0,2232,0,0,3,0,0
1776.92,6,2,0,0,1596,0,0,9,0,0
597.33,10,4,0,0,1094,0,0,1,0,0
210.81,10,4,0,1,919,0,0,10,0,1
822.65,21,6,0,0,1785,0,0,9,1,1
4124.65,10,4,0,0,1624,2,0,3,1,0
1738.44,7,4,0,0,82,0,0,6,1,0
8248.69,18,2,0,0,2220,1,0,3,1,0
1309.28,13,2,0,0,423,2,0,9,0,0
12680.27,0,3,0,0,141,0,0,3,0,0
1309.66,15,3,0,0,1875,0,0,6,1,0
1121.56,12,2,0,0,1090,0,0,6,0,0
305.09,13,7,0,0,1950,0,0,7,1,0
3329.45,4,1,0,0,132,0,0,7,0,0
663.73,11,2,0,0,2372,0,1,3,0,0
574.19,15,1,0,0,1561,0,0,4,0,0
3949.05,16,2,0,0,167,0,0,8,1,1
3491.97,16,1,0,0,32,1,0,2,1,0
3401.77,23,6,0,0,1072,1,0,3,0,0
763.42,12,3,0,0,1284,0,0,5,0,0
1042.13,10,2,0,0,466,1,0,5,0,0
1032.92,13,6,0,0,492,2,0,4,0,0
2398.31,7,3,0,0,66,1,0,9,0,0
5185.21,7,5,0,0,492,0,0,8,0,0
1584.69,16,3,0,0,871,0,0,5,0,0
7902.16,7,5,0,0,1854,1,0,7,0,0
2689.73,17,4,0,0,1680,0,0,9,0,0
867.14,17,2,1,0,427,0,0,6,0,0
2511.69,22,1,0,0,775,0,0,8,0,0
6038.68,3,6,0,0,144,0,0,10,0,0
8089.23,8,2,0,0,2338,0,1,2,0,0
3593.53,18,3,0,0,968,0,0,1,0,0
1125.15,10,5,0,0,1898,0,0,5,0,0
882.98,15,2,0,0,1121,0,0,3,0,0
1950.95,17,1,0,0,658,1,0,7,0,0
5848.7,21,4,0,0,876,1,0,1,0,0
1692.17,5,4,0,0,2386,1,0,7,0,0
1727.68,6,4,0,0,1293,1,0,10,0,1
1154.47,11,0,0,0,1765,2,0,9,0,1
790.06,12,5,0,0,912,1,0,1,0,0
932.5,21,3,0,0,300,0,0,2,0,0
1255.67,0,4,1,0,738,1,0,2,0,0
6112.55,5,4,0,0,1657,0,0,9,0,0
862.89,21,7,0,0,1264,0,0,1,0,0
1155.87,14,2,0,0,1895,0,0,6,0,0
461.56,16,3,0,0,79,1,0,3,0,0
2245.38,5,1,0,0,828,0,0,6,0,0
4301.33,14,2,0,0,53,0,0,8,1,1
5566.37,8,3,0,0,507,0,1,7,0,0
1343.94,17,3,0,0,2183,1,0,1,0,0
1947.6,2,5,0,0,766,1,0,1,0,0
940.54,6,3,0,0,1661,0,0,10,0,0
1859.42,15,8,0,0,56,1,0,2,0,0
1501.12,14,1,0,0,860,0,0,5,0,0
1162.43,20,4,0,0,817,0,0,3,0,0
1258.6,19,3,0,0,879,0,0,6,0,0
1723.17,0,2,0,0,1619,0,0,5,0,0
817.17,2,3,0,0,891,2,1,3,0,0
860.49,8,2,0,0,46,0,0,1,0,0
6047.27,23,4,0,0,2162,0,0,1,1,0
16490.62,11,6,0,0,1648,0,0,2,1,0
328.86,21,0,0,0,2429,0,0,4,1,0
311.23,1,2,0,0,1917,1,0,9,0,0
421.09,23,4,0,0,751,1,0,1,1,0
989.02,1,4,0,0,2165,0,0,9,0,0
2685.93,19,5,1,0,1746,0,0,3,0,0
1980.79,21,4,1,0,726,0,0,2,0,0
1302.49,7,2,0,1,622,2,0,9,0,0
1861.12,7,6,0,1,75,0,0,1,1,0
548.9,13,4,0,0,1842,1,0,7,1,0
859.09,17,5,1,0,281,0,0,4,0,0
1074.82,2,0,0,0,2377,0,0,9,0,0
224.93,5,4,0,0,647,1,1,7,0,1
343.33,18,4,0,0,92,0,1,5,0,0
357.25,19,2,1,0,2199,0,0,3,0,0
2354.56,3,3,0,0,160,0,0,2,0,0
1401.58,21,2,0,1,934,0,0,6,1,0
2020.42,20,3,0,0,1991,0,0,9,0,0
174.22,20,1,0,1,961,1,0,8,0,0
248.75,5,2,0,0,1131,0,0,10,0,0
2128.59,16,2,0,0,1804,0,0,5,0,0
68.12,3,3,0,0,1388,1,0,7,1,0
3731.74,4,3,0,0,524,0,0,3,0,0
177.09,1,2,0,0,974,0,1,7,0,1
2548.72,11,2,0,0,914,0,0,7,0,0
450.98,17,4,0,0,136,0,0,10,1,0
3130.36,4,1,0,0,2079,0,0,7,0,0
27123.64,4,4,0,0,1006,0,0,9,1,0
112.94,6,1,0,0,787,2,0,2,0,0
2198.16,4,2,0,0,372,0,0,5,0,0
179.8,19,5,0,0,1164,0,0,2,0,0
1680.37,4,7,0,1,812,0,0,6,0,0
891.79,6,3,0,0,467,0,0,9,1,1
1248.61,7,4,0,0,432,0,1,1,0,0
440.68,4,3,0,0,2335,1,0,7,1,0
2393.57,22,4,0,0,2140,0,0,3,0,0
257.66,5,2,0,1,1590,1,0,8,0,0
3795.75,11,4,0,1,626,1,1,2,0,1
728.33,13,3,0,0,230,0,0,9,0,0
269.7,6,2,0,0,1461,0,0,3,0,0
5404.23,11,3,0,0,223,0,0,9,0,0
1025.21,4,2,0,0,2463,2,0,6,0,0
7388.17,11,3,1,0,1507,1,0,1,0,0
3719.54,0,1,0,1,2475,1,1,4,0,0
493.66,10,3,0,0,1438,0,0,8,0,0
1007.28,8,4,0,0,1637,1,0,5,0,0
1237.73,8,3,0,0,1179,0,0,1,0,0
5045.76,2,3,0,0,772,0,0,8,1,1
1698.53,23,2,0,0,26,0,0,2,0,0
1308.05,0,5,0,0,1261,1,0,7,0,0
897.96,3,4,0,0,2246,1,0,4,0,0
1042.57,2,3,0,0,1268,0,0,3,1,1
4042.39,23,4,0,0,1801,1,0,8,0,1
1100.7,7,5,0,1,2191,0,0,5,0,0
738.78,10,3,0,1,929,0,0,3,0,0
623.59,18,4,0,1,1795,0,0,1,0,0
630.32,1,0,0,0,1376,1,0,3,0,1
269.86,1,3,0,1,2207,0,0,8,0,0
517.82,4,4,0,1,1701,0,1,1,1,1
4907.01,16,1,0,0,40,0,0,8,0,0
891.94,23,4,0,0,96,0,0,3,0,1
2218.11,14,0,0,0,2433,0,0,6,0,0
91.95,20,1,0,0,994,0,0,9,0,0
1935.87,21,2,0,0,1707,1,0,5,0,0
933.23,6,3,1,0,2239,1,0,9,1,1
677.6,4,1,0,0,2326,3,0,9,0,0
1314.17,3,2,0,0,1840,0,0,7,0,0
667.92,19,1,0,0,1978,0,0,10,0,0
131.12,16,2,0,0,1925,0,0,6,0,0
2757.96,20,2,0,0,1760,0,0,2,1,0
1398.31,12,3,0,0,2404,0,0,10,1,0
801.16,23,2,0,0,183,1,0,6,0,0
417.3,21,4,0,0,691,2,0,5,1,0
252.18,19,5,0,0,361,0,0,5,0,0
1371.82,19,4,0,0,1959,0,0,7,0,0
5505.16,2,1,0,0,524,0,0,1,0,0
1343.68,17,2,0,0,386,0,0,6,1,0
275.13,22,0,0,0,1227,0,0,4,0,0
1373.5,7,3,1,0,473,0,0,10,1,0
1039.67,19,3,0,0,1934,1,0,9,0,0
2602.02,8,3,1,0,1060,1,0,1,0,0
2011.7,5,5,0,0,589,0,0,10,0,0
55.38,17,6,0,0,1438,0,0,5,0,0
1891.72,3,5,0,0,2451,0,0,2,0,0
402.03,11,6,1,0,1853,1,0,4,0,0
264.61,22,2,0,0,1662,0,0,2,0,0
908.26,3,1,0,1,1731,0,0,1,1,0
1654.03,3,2,0,0,1849,0,0,6,0,0
212.57,22,4,0,0,1563,0,1,6,0,0
2218.48,18,5,0,0,2253,0,0,2,0,0
2352.75,11,6,0,1,666,1,0,6,0,1
1149.38,9,0,0,1,1284,1,1,10,1,0
460.53,23,2,0,0,1807,0,0,1,0,0
411.83,17,0,0,0,363,1,0,2,0,0
3059.27,21,1,0,0,1194,0,0,4,0,0
241.96,2,4,0,0,1069,0,0,10,0,0
3179.47,12,1,0,0,766,1,0,7,0,0
929.64,17,7,0,0,1325,0,0,1,0,0
996.42,0,5,0,0,1759,0,0,3,0,0
198.72,12,4,0,0,2427,0,0,2,0,0
946.99,1,1,0,0,1112,0,0,9,0,0
2025.53,21,3,0,0,180,1,0,8,1,0
288.18,16,3,0,0,2459,0,0,9,0,0
1805.58,4,4,0,0,822,0,0,8,0,0
1198.72,12,0,0,0,985,0,0,9,0,0
576.08,2,1,0,0,1864,0,0,10,0,0
2577.75,19,1,0,0,813,0,0,2,0,0
121.24,4,2,0,0,1763,1,0,9,0,0
1551.04,14,3,0,0,25,0,0,1,0,0
5538.26,1,4,0,0,2088,0,0,10,1,0
4628.29,3,3,0,0,1304,0,0,4,1,0
1619.39,23,1,0,0,2393,0,0,2,0,0
811.04,9,8,0,0,1511,0,0,9,0,0
580.68,2,5,0,0,1410,0,0,7,0,0
810.03,16,2,0,0,1234,2,0,6,1,0
1889.01,4,5,1,0,2136,0,0,2,0,0
489.19,14,6,0,0,449,1,0,4,0,0
2338.87,19,5,0,0,2406,2,0,3,1,0
9257.23,16,4,0,0,915,0,0,8,0,0
1030.83,5,6,0,1,325,0,0,9,0,0
285.89,5,4,0,1,383,0,0,4,1,0
285.79,5,5,0,0,1469,1,0,2,0,0
2384.07,15,2,0,0,2305,1,0,5,0,0
1033.03,16,3,0,1,1135,0,0,3,1,0
2635.51,12,3,0,0,467,0,0,5,0,0
643.14,9,1,0,0,1928,1,0,10,0,0
2516.5,1,2,0,0,743,0,1,8,0,0
936.08,20,1,0,0,499,0,0,10,1,1
527.16,15,4,0,0,1629,2,1,4,0,0
734.36,15,4,0,0,2146,0,0,7,1,0
331.27,2,2,0,0,2371,1,0,5,0,0
8017.32,6,1,0,0,1118,0,0,2,0,0
995.87,7,1,1,0,2363,0,0,3,0,0
2089.15,14,3,0,0,914,1,0,1,0,0
641.07,18,1,0,0,1232,0,1,9,0,0
383.01,20,6,0,0,1791,1,0,4,1,0
867.94,12,3,0,0,2287,0,0,5,1,0
3298.4,8,3,0,1,828,1,0,10,1,0
651.49,9,5,0,0,607,0,0,5,0,0
459.19,17,1,0,0,2225,1,0,1,0,0
1281.09,7,5,1,0,344,0,0,2,1,0
1806.28,9,2,0,0,2189,1,0,7,0,0
5669.45,18,4,0,0,1220,2,0,4,1,0
1562.04,13,6,1,0,81,0,0,6,0,0
2088.06,11,6,0,0,1835,0,0,6,1,0
2251.33,17,2,0,0,459,0,0,4,1,0
346.19,6,2,0,0,1152,0,0,4,0,0
418.5,1,3,0,0,1840,0,0,6,0,0
370.96,18,2,0,0,1145,0,0,10,0,0
289.41,10,0,0,0,1350,0,0,6,1,0
2429.55,7,6,1,0,515,1,0,6,0,1
1465.64,2,3,0,0,205,0,0,9,1,0
1187.37,22,6,0,0,524,0,0,10,0,0
82.05,17,6,0,0,1025,0,0,3,0,0
8565.32,6,4,0,0,728,0,0,7,0,0
448.42,14,1,0,0,89,0,0,8,0,0
8533.99,11,3,0,0,1124,0,0,4,0,0
257.43,7,3,0,0,649,1,0,7,1,0
486.68,7,2,0,0,2041,1,0,3,1,0
121.16,1,3,0,0,440,1,0,2,1,0
1575.18,23,3,0,0,1447,0,0,8,1,1
364.58,22,2,0,0,2065,0,0,7,1,0
375.03,20,1,0,0,1181,1,0,1,0,0
277.96,7,4,0,0,2142,2,0,2,1,0
2385.96,23,5,0,0,1853,0,0,7,1,0
2233.81,6,6,0,0,2064,0,0,6,0,0
6714.56,19,3,0,1,822,0,0,8,0,0
552.41,2,6,0,0,67,0,0,4,1,1
1364.88,7,1,0,0,1868,1,0,8,0,0
302.07,13,3,0,0,1869,0,0,4,0,0
784.43,23,1,0,0,2284,0,0,9,0,0
652.72,6,3,0,1,1513,0,0,4,0,0
1744.9,10,3,0,0,1357,1,0,4,0,0
3032.13,20,3,0,0,1717,0,0,1,1,0
2954.45,11,4,0,0,1835,1,0,10,0,0
472.1,16,1,0,0,120,1,0,9,1,0
2976.39,10,2,0,0,1731,1,0,6,0,0
1049.34,0,2,0,0,516,1,0,8,0,0
792.67,6,2,0,0,1361,0,1,3,0,0
539.96,13,5,0,0,523,1,0,7,0,0
626.45,0,4,0,0,1138,0,0,1,1,1
6262.37,5,3,0,0,405,0,0,5,0,0
1491.31,22,1,0,0,2202,1,0,9,0,0
1305.85,0,1,0,0,1433,1,0,7,0,0
843.66,5,2,0,0,72,1,0,10,0,0
12657.16,14,4,0,0,837,0,0,7,0,0
4044.08,13,2,0,0,201,0,0,6,0,0
533.22,4,4,0,0,1145,0,0,6,0,0
834.13,1,7,0,1,601,1,0,6,0,0
885.15,21,2,0,0,1798,0,0,4,0,0
1268.86,13,3,0,0,2396,0,0,8,0,0
543.9,13,1,0,1,1362,0,0,2,0,0
1700.74,1,1,0,0,17,0,0,4,0,0
4684.85,5,0,0,0,1138,0,0,8,0,0
294.82,1,1,0,1,2402,0,0,3,0,0
354.91,23,4,0,0,2272,0,0,7,1,0
676.44,18,4,0,0,1331,0,0,10,1,0
708.54,13,3,1,0,1594,0,0,10,0,0
8090.66,16,2,0,1,866,0,0,3,1,0
2986.06,3,4,1,0,1716,0,0,8,0,0
2819.52,23,4,0,0,2191,1,0,10,0,0
841.88,12,4,1,0,450,0,0,9,1,0
823.6,12,3,1,0,2320,0,0,4,1,0
256.8,23,3,0,0,1507,0,0,8,0,0
2396.44,2,2,0,0,163,0,0,2,0,0
1791.94,10,5,0,0,1289,0,0,4,0,0
3967.92,2,4,0,0,362,0,0,9,0,0
888.18,10,2,0,0,2358,0,0,9,0,0
951.67,6,4,1,0,2331,0,0,2,1,0
1299.9,11,2,0,0,1852,1,0,1,0,0
2675.52,16,3,0,0,476,0,0,6,0,0
252.09,6,3,0,0,2096,1,0,1,0,0
2289.43,1,1,0,0,2432,0,0,10,1,0
1074.39,3,1,0,0,1645,0,0,7,0,0
380.45,17,0,0,0,1304,0,0,2,0,0
136.37,13,2,0,0,817,0,0,6,0,0
956.73,23,1,0,0,1418,2,1,9,0,0
4664.39,21,2,0,0,1653,2,0,10,0,0
5852.85,3,4,0,0,554,0,0,2,0,0
1564.59,17,2,0,0,2422,0,0,1,1,0
7800.99,2,4,0,0,1496,1,0,7,1,1
1050.54,2,3,1,0,806,0,1,1,0,0
2844.96,19,2,0,1,138,1,0,10,0,0
698.38,9,1,0,0,428,0,0,8,0,0
655.5,23,4,0,0,1811,0,0,6,0,0
556.96,0,3,0,0,781,1,0,10,0,0
139.7,12,3,0,1,452,0,0,9,0,0
3972.27,7,5,0,0,1949,1,0,8,0,0
577.3,23,9,0,0,1958,1,0,9,0,0
492.04,16,4,0,0,215,0,0,3,0,0
336.98,18,1,0,0,833,1,1,3,0,0
893.94,6,3,0,0,2324,0,0,5,0,0
6396.41,21,4,0,0,306,0,0,9,0,0
8899.75,20,4,0,0,1787,0,1,8,0,1
208.33,18,2,0,0,918,0,0,5,0,0
769.35,11,3,0,0,1520,0,0,1,0,0
389.8,22,0,0,0,1519,0,0,5,0,0
2946.4,16,1,0,0,441,0,0,9,0,0
1460.59,1,4,0,0,1740,3,0,8,0,0
580.23,21,5,1,0,1360,1,0,2,0,0
1179.18,0,2,0,0,838,2,0,8,0,0
680.33,16,4,0,0,40,1,0,8,0,0
5509.59,5,2,0,0,2494,0,0,8,0,1
1894.97,21,3,0,0,1420,1,0,10,1,0
2142.7,17,4,0,0,824,0,0,5,0,0
76.18,19,1,0,0,748,1,0,3,0,0
1025.78,16,3,0,1,853,1,0,2,0,0
8806.2,13,3,0,0,1341,0,0,2,0,0
4130.4,20,1,0,0,2349,0,0,2,0,0
172.93,7,1,0,0,905,0,0,2,0,0
801.57,12,3,0,0,2077,0,0,3,0,0
329.8,7,1,0,0,1105,1,0,2,0,0
6069.93,2,2,0,0,1334,0,0,5,0,0
1400.07,21,6,0,0,1395,1,1,2,0,1
508.88,11,2,0,0,2243,0,0,6,0,0
1134.74,1,3,0,0,2384,1,0,9,0,0
80.85,19,1,0,0,1446,0,0,5,0,0
370.57,22,3,0,0,2457,1,0,4,0,0
1137.34,15,1,0,0,1089,0,0,9,1,0
2554.66,7,3,0,0,1532,0,1,2,0,0
157.38,20,1,0,0,2173,0,0,6,0,0
749.08,17,4,0,0,352,1,0,3,0,0
3009.97,6,0,1,0,1927,0,1,5,0,0
256.86,7,3,0,0,115,0,0,8,1,0
1379.1,23,2,0,0,156,0,0,2,0,0
1171.42,22,4,0,0,2482,0,1,2,0,0
6089.86,16,5,0,0,216,0,0,9,0,0
871.19,0,5,0,1,1578,1,0,3,1,0
923.71,5,2,0,1,1600,0,1,8,1,1
2578.49,8,4,0,0,1495,0,0,8,0,0
291.1,12,3,0,0,229,0,1,7,1,0
879.29,20,3,0,0,105,1,0,5,1,1
695.25,20,3,0,0,66,0,0,8,1,0
954.41,6,1,0,0,2351,0,0,10,0,0
2561.65,2,1,0,0,1874,0,0,10,0,0
1908.67,6,3,0,1,397,1,0,5,0,1
518.7,5,1,0,1,1185,1,0,8,0,0
1257.27,21,1,0,0,1350,1,0,6,0,0
4868.02,0,3,0,0,976,0,0,4,0,0
477.53,19,1,0,0,755,0,0,2,0,0
1267.96,15,2,0,1,297,0,0,6,0,0
904.01,2,3,0,0,959,0,0,10,0,0
1029.67,16,2,1,0,82,1,1,8,0,0
214.72,13,5,0,0,825,0,0,5,0,0
4495.19,0,3,0,0,1750,1,0,4,1,0
505.55,5,0,0,0,654,0,0,2,0,0
3059.7,8,5,1,0,2439,1,0,5,0,0
589.12,5,7,0,0,651,0,0,7,0,0
586.69,13,5,0,0,2178,2,0,9,1,0
3689.05,14,2,0,0,206,0,0,7,0,0
2962.78,4,2,0,0,1418,0,0,7,1,0
1351.09,2,3,0,0,55,0,0,4,0,0
2347.6,15,6,1,0,1149,2,0,3,0,0
821.76,11,3,0,0,1012,0,0,2,1,0
1087.5,6,1,0,0,246,0,0,9,1,0
565.88,6,1,0,0,206,0,0,3,0,0
2708.27,0,4,0,0,1776,0,0,6,0,0
548.17,20,5,0,0,864,1,0,2,1,0
4842.35,20,4,0,0,601,0,0,5,0,0
799.64,13,5,0,0,602,0,0,1,0,0
1119.36,8,1,0,0,1212,1,0,9,0,0
2341.92,5,5,0,0,1244,0,0,8,0,0
1123.12,7,8,0,0,1956,0,0,2,0,0
814.11,22,1,0,1,1577,0,0,1,0,0
1064.2,2,2,0,0,1714,0,0,2,0,0
2680.66,19,2,0,0,973,1,0,7,0,0
565.18,7,2,0,0,2313,0,0,5,0,0
966.58,6,2,0,1,1146,0,0,1,0,0
1107.97,19,4,0,0,2064,0,0,6,0,0
2603.43,23,2,1,0,2473,0,0,1,1,1
992.43,23,1,0,0,1867,0,0,5,0,0
6689.53,6,5,0,0,1096,0,0,1,0,0
937.73,14,1,0,0,2399,0,0,8,0,0
864.64,7,1,0,0,1039,1,0,1,1,0
924.24,4,2,0,0,164,0,0,7,0,0
293.93,9,4,0,0,1420,0,0,9,0,0
388.88,1,4,0,0,1398,0,0,4,1,0
645.05,3,3,0,0,76,0,0,1,1,0
3414.65,14,3,0,0,2150,1,0,2,0,0
1060.9,16,4,0,0,1228,0,0,7,1,0
675.43,6,3,0,0,2100,0,0,3,0,0
3738.86,13,4,0,0,104,0,0,4,0,0
5172.84,18,3,1,0,663,1,0,7,0,0
3848.28,21,4,0,0,692,0,1,8,0,0
467.27,13,2,0,1,2019,1,0,1,0,0
668.31,5,0,0,0,1948,0,1,1,0,0
6726.0,17,3,0,0,116,1,0,1,0,0
1395.68,4,4,0,0,518,1,0,1,1,0
839.14,3,2,0,1,458,2,0,8,0,1
2249.24,8,3,0,0,1228,1,0,9,0,0
3002.8,7,3,0,0,1855,0,0,10,0,0
619.28,3,0,0,0,1734,1,0,7,0,1
1365.72,1,1,0,0,180,0,0,1,0,0
2769.88,22,2,0,0,2444,0,0,7,0,0
343.68,16,5,0,0,2280,1,0,9,0,0
1110.26,17,6,0,0,1604,1,0,10,1,0
359.82,1,6,0,0,2266,0,0,9,0,0
410.11,19,2,0,0,2208,0,0,9,0,0
624.47,8,0,0,0,2248,0,0,1,1,0
1767.14,17,2,0,0,511,0,0,3,1,0
794.71,11,1,0,1,1609,0,0,8,0,0
573.4,5,2,0,0,190,0,0,9,0,0
1154.65,6,4,0,0,41,0,0,3,0,0
348.29,3,2,0,0,1231,0,0,7,0,0
1683.79,19,2,0,1,2381,0,0,3,0,0
3399.51,10,2,0,0,1426,0,0,10,1,0
1013.13,18,2,0,0,2341,0,0,4,0,0
895.47,19,3,0,1,804,1,0,9,0,1
1593.11,4,2,0,0,1645,0,0,5,0,0
144.25,7,3,0,0,1798,1,0,3,0,0
1875.85,2,3,0,0,151,0,0,1,0,0
24388.96,0,3,0,0,1376,2,0,9,0,0
970.03,23,5,0,0,2021,0,0,3,0,0
973.48,15,3,0,0,1473,0,0,5,1,0
2306.78,10,3,0,0,2169,0,0,5,1,0
5683.56,4,2,1,0,2243,0,0,2,1,1
2907.26,14,4,0,0,2498,2,0,9,0,0
127.03,13,4,0,0,415,0,0,8,1,0
1926.38,5,4,1,0,1612,0,0,3,0,0
14356.1,0,2,0,0,815,0,0,5,1,0
2043.54,11,2,0,0,445,0,0,2,0,0
345.64,12,5,1,0,1900,0,0,5,0,0
1453.65,19,2,0,0,2419,0,0,5,1,0
304.7,9,2,0,0,1240,0,0,7,0,0
3762.37,2,2,0,0,834,0,0,2,0,0
421.63,21,1,0,0,2217,1,0,1,0,0
1181.15,9,1,0,0,46,0,1,6,0,0
465.08,17,2,0,1,394,0,0,10,1,0
634.95,1,7,0,0,1585,0,0,9,0,0
4847.17,0,3,0,0,1140,0,0,3,1,0
1216.16,0,2,0,0,34,0,0,5,1,0
626.91,18,5,0,0,1923,0,0,7,0,0
348.9,5,3,0,0,2106,0,0,7,0,1
168.73,18,5,0,0,1567,1,0,2,1,0
313.79,22,4,0,0,1776,1,0,1,1,0
1226.55,15,5,0,0,365,1,0,9,0,0
2922.61,23,4,0,0,312,0,0,3,0,0
626.19,22,0,0,0,1748,0,0,2,0,0
5274.0,17,3,0,0,953,0,0,3,0,0
535.12,19,3,0,0,1363,0,0,1,0,0
864.36,14,2,1,0,2121,0,0,5,0,0
372.57,5,2,0,0,2431,0,0,8,1,0
2953.55,2,5,0,0,121,1,0,8,1,0
8933.03,9,2,0,0,1586,0,0,2,0,0
188.33,11,4,0,0,2231,0,0,7,0,0
775.76,8,2,0,0,800,1,1,4,0,0
3884.62,2,2,0,0,1405,1,0,4,0,0
258.02,12,3,0,1,1352,0,0,2,1,0
1932.72,11,7,1,0,1883,0,0,3,0,1
3719.97,22,2,0,0,334,0,0,2,0,0
1185.87,22,2,0,0,985,0,0,8,1,0
1901.24,14,3,0,0,1869,0,0,3,0,0
6379.87,20,3,0,0,1139,0,0,10,0,0
7695.77,7,3,0,0,2145,0,0,3,0,0
1030.74,23,0,0,0,675,1,0,9,0,0
643.95,22,3,0,0,1466,1,1,10,0,0
437.04,3,1,0,0,2258,0,0,1,1,0
2913.07,16,4,0,0,1418,0,0,6,1,0
278.17,10,1,0,1,1773,0,1,8,0,0
851.86,6,5,1,0,274,0,0,4,1,0
1215.23,9,1,0,0,626,0,0,6,1,0
663.15,21,2,0,0,451,1,1,9,1,0
1450.73,22,2,0,0,2069,1,0,4,0,0
14250.02,8,0,0,0,2398,0,0,2,0,0
971.07,11,3,1,0,2491,0,0,3,0,0
709.52,12,2,0,0,994,1,0,7,0,0
3027.01,17,0,0,0,580,2,0,9,0,0
1393.51,11,3,0,0,1939,1,0,8,0,0
4625.48,9,5,0,0,966,0,1,1,0,0
1292.96,22,5,0,0,2230,1,0,7,1,0
855.41,8,1,0,0,656,0,0,4,0,0
184.25,6,1,1,0,229,0,0,8,0,1
217.08,7,1,0,0,650,0,0,5,0,0
174.92,7,5,0,0,2224,0,0,9,0,0
1602.53,13,1,0,0,747,1,0,7,0,0
280.83,15,3,0,0,429,0,0,7,0,0
3849.03,3,2,0,0,1561,3,1,8,0,1
1130.31,21,2,0,0,1928,0,1,2,0,0
859.04,6,5,1,0,1290,0,0,1,0,0
471.61,2,5,0,0,673,0,0,8,0,0
2043.17,16,2,0,0,2276,1,0,10,0,0
490.54,5,3,0,1,2119,1,0,10,0,0
409.37,18,2,0,1,1534,0,0,5,1,0
3598.78,22,5,0,0,1145,0,1,9,1,0
1563.4,16,3,0,0,2009,2,0,6,0,0
867.03,18,0,0,0,1161,0,0,6,0,0
2082.73,11,1,0,0,1496,0,0,3,1,0
1106.47,8,4,0,0,1453,1,0,3,0,0
1608.43,14,4,0,0,1332,0,0,4,1,0
484.52,8,3,1,0,2129,0,0,1,0,0
8694.09,21,6,0,0,1041,1,0,4,0,0
614.24,11,7,1,0,748,0,0,5,1,0
5197.93,11,4,0,0,1264,2,0,5,0,0
907.9,16,4,0,0,2446,0,0,8,1,0
2457.98,4,1,0,0,1223,0,0,8,0,0
2285.23,13,1,0,0,2086,0,0,5,0,0
3452.49,18,1,0,0,2201,0,0,9,0,0
473.13,18,0,0,0,965,1,0,3,1,1
3215.17,5,6,0,0,1313,2,0,9,1,0
6949.6,1,4,0,0,68,0,0,9,1,1
846.67,4,3,0,0,991,0,1,2,1,0
1135.36,19,3,0,0,439,1,0,8,0,0
649.73,6,2,0,0,311,0,0,5,1,0
775.54,1,1,0,0,1391,0,0,8,0,0
6071.88,14,2,0,0,1572,0,0,9,0,0
401.72,21,3,0,1,2075,1,0,10,0,1
427.47,5,3,0,1,1426,0,0,2,0,1
5491.19,1,2,0,0,2358,0,0,9,0,0
2047.86,3,3,0,0,585,1,0,5,0,0
9139.58,3,2,0,0,951,0,0,8,0,0
698.94,4,4,0,0,2231,0,0,2,0,0
1244.24,4,1,0,0,104,0,0,1,0,0
566.41,15,3,0,0,1710,3,0,7,0,0
1265.6,5,0,1,0,1764,2,0,10,0,1
186.03,13,0,0,0,741,1,0,5,0,0
2175.37,9,2,0,0,780,0,0,6,0,0
1515.46,15,5,0,0,1365,0,1,8,0,0
1035.3,15,4,0,0,1485,1,0,9,0,0
742.21,14,5,0,0,351,0,0,4,0,0
448.2,21,5,0,0,1003,0,0,9,0,0
2270.4,4,2,0,0,2049,0,0,2,0,0
339.99,12,3,0,0,1579,0,0,2,0,0
1829.68,9,1,0,0,335,0,0,6,0,0
8729.4,12,3,0,0,623,1,0,2,1,0
4844.12,3,3,0,0,90,0,0,6,0,0
243.44,7,2,0,0,392,0,0,7,0,0
641.15,22,3,0,0,142,0,0,10,0,0
1671.46,19,2,0,0,427,0,0,4,0,0
1022.21,10,4,0,0,1950,0,0,10,0,0
270.59,2,2,0,0,2294,1,0,9,0,0
1612.14,15,3,0,0,2288,1,0,1,0,0
1085.7,7,2,0,0,2168,1,0,4,0,0
7437.76,7,3,0,0,70,0,0,3,0,1
851.31,2,2,0,0,2130,0,0,5,1,0
3526.3,6,5,0,0,1626,0,0,9,1,0
308.87,5,0,0,0,1532,0,0,8,1,0
392.29,0,3,0,0,220,0,0,6,1,0
2256.71,14,5,0,0,1023,0,0,8,1,0
3241.3,23,5,0,0,730,0,0,6,0,0
420.99,3,2,1,0,562,0,0,4,0,0
1123.36,1,2,0,0,1588,0,0,3,0,0
275.45,2,2,0,0,1630,1,0,7,0,0
914.87,13,6,0,0,292,1,0,5,0,1
2532.4,19,2,0,0,800,0,0,7,0,0
709.84,7,2,0,0,1302,0,0,6,0,0
854.88,2,3,0,0,1490,0,0,4,0,0
354.32,2,7,0,0,632,0,0,1,1,0
573.43,14,1,0,0,895,0,0,1,0,0
6362.08,8,1,0,0,961,0,1,4,0,0
1179.59,8,5,0,0,36,0,0,5,0,0
402.5,5,2,1,0,1753,1,0,7,0,1
800.49,21,2,1,0,1551,0,0,3,1,0
221.98,8,0,0,0,2181,0,0,10,0,0
397.76,16,5,0,0,2471,0,0,2,0,0
4274.15,17,5,0,0,1757,0,0,9,0,0
951.0,1,3,0,0,1184,0,0,2,0,0
7264.32,5,1,0,0,336,0,0,9,0,1
996.9,21,4,0,0,380,1,1,4,0,0
1057.88,21,3,0,0,253,0,0,7,0,0
2081.6,9,2,0,0,1867,0,0,4,1,0
75.75,3,3,0,0,1101,0,0,5,0,0
1346.06,7,0,0,0,1262,0,0,4,0,0
1044.21,22,3,0,0,2103,1,0,8,0,0
4846.63,16,3,0,0,1778,0,0,9,0,0
2877.51,1,2,0,0,1359,0,0,10,0,0
352.94,17,4,0,0,2203,0,0,7,0,0
3797.65,3,1,0,0,1528,1,0,10,1,0
843.61,7,5,0,1,695,0,0,7,0,0
443.88,11,2,0,0,2112,1,0,9,0,0
1335.56,8,2,0,0,644,0,1,8,0,0
895.36,16,1,0,0,33,0,0,7,0,0
5107.5,3,6,0,1,1171,0,0,7,0,0
1541.67,21,0,0,0,2069,1,1,4,1,0
1347.03,14,4,0,0,218,1,0,3,0,0
2699.03,7,1,0,0,2080,1,1,8,0,1
3271.07,22,3,1,0,254,0,0,6,0,0
2400.91,11,2,0,1,1991,0,1,6,0,0
4534.47,9,3,0,0,1271,0,0,9,0,0
2015.62,0,0,0,0,1342,0,0,8,0,0
1296.8,23,3,0,0,988,0,0,8,1,0
3786.4,20,3,0,0,2076,1,0,5,0,0
1001.35,4,2,1,0,1000,0,0,8,0,0
1133.71,22,2,0,0,1425,0,0,6,0,0
6133.84,19,3,0,0,1609,0,0,6,0,0
5552.06,10,2,0,0,318,0,0,8,0,0
1087.7,22,1,0,0,2325,1,0,4,0,0
696.77,13,4,0,1,519,0,0,1,1,0
4737.07,16,1,0,0,2340,0,0,9,0,0
2441.62,4,5,0,0,1624,0,0,2,1,0
1503.55,2,6,0,0,1007,0,0,10,0,0
794.83,12,4,0,0,2282,0,0,10,0,0
1527.97,7,3,0,0,1623,0,0,10,0,0
1073.08,23,0,1,0,1198,1,0,4,0,0
564.34,2,5,0,0,997,0,0,1,1,0
1247.68,18,5,0,0,460,1,0,1,0,0
1429.99,14,2,0,0,1861,0,0,7,1,0
753.41,21,3,0,0,903,0,0,10,0,0
2707.62,23,2,0,0,1262,0,0,4,0,0
3979.19,20,8,0,0,1,0,0,5,1,0
2892.56,8,2,0,1,315,0,0,5,0,0
831.93,16,2,0,0,295,1,0,6,0,0
2335.13,3,6,0,0,1367,0,0,1,0,0
1185.55,11,1,0,0,1272,0,0,6,0,0
318.7,6,2,1,0,2481,0,0,7,0,0
2148.94,6,4,1,0,843,0,1,2,1,1
1269.19,13,4,0,0,679,0,0,10,0,0
14669.83,3,2,0,0,1302,0,1,9,0,0
4709.19,13,4,0,0,1920,1,1,1,0,0
2233.11,9,1,0,0,1338,0,0,6,0,0
1406.94,5,5,0,0,716,0,0,5,1,0
1291.71,13,4,1,0,886,1,0,2,0,0
401.94,18,4,0,0,1815,0,0,1,0,0
192.68,14,5,0,0,1990,0,0,1,0,0
458.26,2,5,1,0,1186,0,0,9,0,1
1045.53,13,0,1,0,1453,0,0,9,0,0
133.55,14,2,0,0,1786,0,0,8,1,0
636.31,16,3,0,0,21,2,0,2,0,0
856.1,10,4,1,1,2083,0,0,4,0,0
884.1,2,2,0,0,1070,1,0,5,0,0
565.82,3,5,0,0,48,1,0,6,0,0
779.37,7,5,0,0,2165,0,0,4,0,0
6148.07,15,4,0,0,1605,0,0,5,0,0
2126.31,17,2,0,0,1949,0,0,5,1,0
626.22,16,7,0,0,169,0,0,10,0,0
1024.18,7,1,0,0,1178,0,0,4,0,0
1066.02,10,2,1,0,2371,1,0,2,0,0
508.79,1,2,0,0,935,0,0,2,0,0
508.2,19,3,0,0,1291,0,0,5,0,0
3012.5,8,6,0,0,978,0,1,7,0,0
720.69,12,9,0,0,729,1,0,6,1,1
366.98,10,4,0,0,2147,0,0,8,0,0
1050.33,6,2,0,0,1687,0,0,2,1,0
1233.99,4,2,0,0,1255,3,0,2,0,0
152.52,22,4,0,0,1706,1,0,8,0,0
1052.85,2,2,0,0,1177,1,0,10,0,0
2612.28,22,4,1,0,1145,0,0,1,1,1
1721.98,2,2,0,1,1384,1,0,7,0,0
10196.45,2,2,0,0,2250,0,0,1,0,0
3831.87,21,5,0,0,1692,0,0,10,0,0
4670.09,22,2,0,0,2410,1,0,6,0,0
18035.29,21,5,0,0,2323,0,0,8,0,1
2340.59,18,4,0,0,1146,0,0,3,0,0
1290.87,11,3,0,0,215,0,0,7,1,1
2903.7,2,2,0,0,1784,0,1,1,0,0
626.89,14,2,0,0,1230,1,0,8,0,0
1221.32,12,4,0,0,18,0,1,2,0,0
573.8,17,2,0,0,154,0,0,8,0,0
1632.69,0,3,0,0,766,0,0,9,0,0
571.4,1,3,1,0,839,1,0,9,0,1
551.74,14,3,0,0,2088,0,0,9,0,0
1658.18,20,1,0,0,1440,0,0,5,0,0
955.55,22,3,0,0,310,1,0,7,0,0
159.57,13,1,0,0,1320,2,0,6,0,0
255.81,8,3,0,0,86,1,1,6,0,0
348.18,11,1,0,0,1199,1,0,4,0,0
453.51,12,6,0,0,1712,0,0,1,0,0
1659.75,14,2,0,0,979,0,0,6,0,0
1365.04,5,4,0,0,937,0,1,5,0,0
3182.05,9,0,0,0,2323,0,0,3,0,0
2328.09,12,1,0,0,2219,0,0,10,0,0
3203.19,20,3,0,0,1278,1,0,8,0,0
2015.04,19,2,0,1,2411,0,0,9,0,0
1352.46,18,3,0,0,1553,1,0,1,1,0
3292.33,5,3,0,0,864,0,0,8,0,0
2750.16,9,2,0,0,354,0,0,1,0,0
1597.34,13,3,0,0,2431,0,0,5,1,0
3909.14,23,3,0,0,155,1,0,4,0,0
105.03,8,5,0,0,1737,0,0,6,0,0
820.19,22,4,1,0,1692,1,0,4,1,1
807.72,17,3,0,0,1113,0,0,7,0,0
3472.68,15,3,0,0,2007,0,0,2,0,0
5278.49,16,3,0,0,1369,0,0,9,0,0
257.19,19,3,0,0,1106,1,0,6,0,0
4497.01,16,4,0,0,2256,0,0,7,0,0
339.87,16,4,0,1,325,0,1,2,0,0
350.3,9,5,0,0,247,0,0,7,1,0
867.59,10,2,0,0,254,2,0,4,0,0
797.75,14,4,1,1,878,0,1,10,1,1
230.81,20,3,0,0,1965,0,0,9,0,0
2100.39,15,2,0,0,957,0,0,4,0,0
2163.33,23,1,0,0,521,0,0,1,0,0
3146.49,16,2,0,0,1022,0,1,4,0,1
710.91,9,5,0,0,613,0,2,7,0,0
1054.07,13,1,0,1,1520,0,0,9,0,0
1063.77,14,4,0,0,1162,1,0,9,1,0
5931.28,20,3,1,0,485,0,0,8,0,1
64.44,6,5,0,0,1670,0,0,8,1,0
421.18,5,0,0,0,1452,0,0,3,0,0
1102.73,4,2,0,1,2390,0,0,10,0,0
370.34,1,4,0,0,2345,1,0,7,0,0
846.98,16,3,0,0,1069,0,0,7,0,0
966.74,23,4,0,0,1195,1,0,9,0,0
568.11,14,3,0,0,1850,0,1,10,0,1
1169.66,1,9,0,0,1042,0,0,7,0,1
2055.24,8,2,0,0,1484,1,0,3,0,0
865.87,21,4,0,1,294,1,0,5,1,1
697.01,1,3,0,0,967,0,0,9,1,0
929.12,14,4,0,0,1839,0,0,4,0,0
1088.51,10,5,0,0,2407,0,0,7,1,0
192.42,22,1,0,1,1738,1,0,7,0,0
1739.85,12,0,0,0,247,0,0,9,0,0
698.54,13,6,0,1,1626,0,0,9,1,1
3872.03,17,1,0,0,459,0,0,5,0,0
1980.4,19,3,0,0,2395,0,1,5,0,0
3533.58,12,0,0,0,1124,1,0,9,0,0
399.01,17,4,0,0,979,0,0,4,0,0
756.43,19,2,0,0,1749,0,0,1,0,0
316.57,12,4,0,0,1417,0,0,2,0,0
541.75,17,4,0,0,909,0,0,8,0,0
3835.69,8,4,0,0,2263,0,0,2,0,0
4853.67,8,5,0,0,1583,0,0,3,0,0
347.88,0,2,0,0,1826,1,1,4,0,0
693.48,16,3,1,0,1235,1,0,3,0,1
1016.18,6,4,1,0,1610,0,0,8,0,0
1969.64,19,3,0,0,2458,0,0,8,1,0
188.71,22,4,0,0,1646,0,0,8,1,1
220.74,21,3,0,0,950,0,0,6,0,0
1789.38,6,3,0,0,686,1,0,4,0,0
156.17,15,3,0,0,2204,1,0,10,0,0
701.49,18,3,0,0,246,1,0,3,1,1
1289.61,12,2,0,0,1873,0,0,3,0,0
1661.82,12,1,0,0,102,1,1,8,0,0
951.73,10,2,0,0,244,1,1,5,0,0
760.7,7,1,0,0,1659,0,0,10,0,0
2551.84,13,4,0,0,952,0,0,8,0,0
1458.56,23,5,0,0,1212,0,0,5,1,1
574.2,5,1,0,0,1856,0,0,5,0,0
1138.79,1,9,0,0,2216,1,1,4,0,0
1608.68,1,4,0,0,1654,1,0,3,0,0
6113.39,13,2,0,0,67,0,0,5,0,0
2407.45,6,2,0,0,717,0,0,4,1,0
3694.34,11,2,0,0,1584,4,0,9,0,0
595.49,22,4,0,0,1224,1,0,3,1,1
649.25,1,7,0,0,437,0,0,1,0,0
866.64,4,3,1,0,2232,0,0,3,0,0
949.97,5,3,0,0,1119,0,0,2,0,0
400.2,10,1,0,0,2032,0,0,7,0,0
3889.1,16,2,0,1,2118,0,0,2,0,0
2652.75,4,1,0,0,770,1,0,7,0,0
807.81,2,3,1,0,988,0,0,10,0,0
2083.3,2,2,0,0,1744,2,0,9,1,1
1370.46,19,4,0,0,1279,0,0,6,0,0
2252.57,0,1,0,0,1914,0,0,9,0,0
285.91,15,4,0,0,1934,0,0,3,0,0
947.99,13,4,0,0,513,0,0,5,0,0
1034.8,2,3,0,0,47,0,0,6,1,0
2046.0,13,4,0,0,1348,0,0,1,0,0
584.97,6,2,0,0,17,0,0,5,0,0
90.02,12,2,0,0,2030,0,0,3,0,0
371.78,3,1,0,0,1929,0,0,5,0,0
1031.69,16,4,0,0,1861,0,0,7,0,0
1168.98,19,2,0,0,1007,0,0,6,1,0
5906.14,0,5,1,0,769,0,0,8,0,0
1964.02,12,4,0,0,2116,0,0,10,1,0
1189.79,15,6,1,0,2162,0,0,8,0,0
1061.68,0,1,0,0,2028,0,0,1,0,0
3308.28,17,2,0,0,1092,0,0,8,0,0
607.83,13,4,0,0,1883,0,0,5,0,0
953.1,7,4,0,0,43,2,0,1,0,0
368.98,11,3,0,0,2425,0,0,4,0,0
4531.94,16,5,0,0,100,0,0,2,0,0
1623.76,15,3,0,0,1305,2,0,5,1,1
540.49,18,5,0,0,2480,2,0,2,0,0
978.03,0,1,0,0,399,0,0,6,0,0
1825.58,18,5,1,0,2039,0,0,10,0,0
853.44,0,2,0,0,931,0,1,5,0,0
642.6,15,1,0,0,840,0,0,9,0,0
570.05,8,6,0,0,2213,1,0,8,0,0
1539.11,1,0,0,0,2280,0,0,7,0,0
766.59,16,0,0,0,1653,0,0,8,0,0
696.62,13,7,0,0,514,0,0,2,0,0
288.28,15,2,0,0,1500,0,1,8,0,0
1185.17,9,4,0,0,1321,0,0,9,0,0
914.87,6,6,0,0,144,1,0,5,0,0
795.01,14,5,0,0,1485,0,0,4,1,0
1337.79,5,2,0,0,1758,1,0,1,0,0
2316.94,19,2,1,0,843,0,0,4,0,0
2211.81,16,1,0,0,1683,1,0,10,0,0
1905.94,23,2,0,0,49,0,0,5,0,0
862.06,0,5,0,0,1968,0,0,10,0,0
622.04,14,5,0,0,2215,0,0,9,0,0
386.1,13,4,1,0,1897,1,0,4,0,0
605.98,20,5,0,0,2296,0,0,2,0,0
1118.4,10,2,0,0,1045,0,0,7,0,0
499.55,22,2,0,0,2450,0,0,10,1,0
1207.2,5,2,0,0,295,0,0,8,0,0
417.61,20,3,0,0,1286,0,0,2,0,0
208.31,12,2,0,0,635,0,0,2,0,0
2488.43,22,2,0,0,10,0,0,1,0,0
682.38,5,3,0,0,707,0,0,5,0,0
474.83,6,3,0,0,230,0,0,2,1,0
367.29,13,1,1,0,2388,0,0,10,1,0
1674.11,13,2,0,0,822,0,0,3,0,0
4336.87,3,2,0,0,859,1,0,2,0,0
732.84,15,4,0,1,2325,1,0,10,1,0
883.98,9,4,0,1,307,0,0,6,0,0
3202.32,3,4,1,0,1032,0,0,6,1,1
179.39,12,3,1,1,2408,1,0,3,0,0
7839.02,16,2,0,0,2485,0,0,3,0,0
12633.41,0,1,0,0,1853,2,0,7,0,0
73.23,22,2,0,0,795,0,0,5,0,0
994.76,14,3,0,0,881,0,0,4,0,0
534.35,6,4,0,0,111,0,0,1,0,0
841.54,18,6,0,0,17,1,0,2,0,0
721.7,20,5,0,0,66,0,0,5,0,0
2469.47,22,2,0,0,11,1,0,4,1,0
979.88,18,4,0,0,1672,0,0,5,0,0
441.02,4,1,0,1,1145,0,0,6,0,0
923.17,3,5,0,0,821,0,0,9,0,0
1834.97,5,2,0,0,2160,0,1,2,0,0
335.72,21,4,0,0,164,0,0,2,0,0
211.4,7,5,0,0,1628,0,0,3,0,0
8044.49,7,3,0,0,585,0,0,3,0,0
576.84,21,3,0,0,108,0,0,3,0,0
955.89,4,2,0,0,1274,0,0,10,0,0
736.72,9,2,0,0,396,0,0,7,0,0
1897.11,7,4,0,0,1098,0,0,1,1,0
6456.16,7,2,1,0,1815,0,0,4,1,0
1958.5,14,4,0,0,1478,2,0,5,0,0
240.24,17,4,0,0,1109,0,0,7,0,0
274.75,6,2,0,0,544,0,1,10,0,0
735.86,0,5,0,0,1783,0,0,5,0,0
838.63,15,2,0,0,909,1,0,1,1,0
195.99,13,2,0,0,2256,0,0,5,0,0
2488.26,15,2,0,0,1951,1,0,7,1,0
370.07,10,2,0,0,1833,1,0,8,1,0
4881.96,18,3,1,0,1519,0,0,1,0,0
6772.55,14,4,0,0,1640,0,0,5,0,0
855.55,18,6,1,0,1261,1,0,1,1,0
1701.0,17,4,0,0,2111,1,0,1,0,0
319.91,11,3,0,0,2004,0,0,9,1,0
2046.07,7,3,1,0,1104,0,0,9,0,0
666.35,13,5,0,0,1318,0,0,10,1,0
369.73,15,5,1,0,1617,1,0,2,0,0
821.12,13,2,0,1,1307,0,0,7,0,0
688.32,12,3,0,0,2037,0,0,6,0,0
792.22,8,3,0,0,1725,1,0,1,0,0
2834.67,3,3,1,0,2157,0,0,9,0,0
500.04,10,2,0,0,1494,1,0,5,0,0
6216.88,21,4,0,0,932,0,0,3,0,0
291.47,17,1,0,0,346,0,0,9,0,0
5516.12,18,4,0,0,840,0,0,10,0,0
396.82,17,3,0,0,2110,0,0,3,0,0
1095.52,22,4,0,0,537,0,0,4,0,0
671.69,5,2,0,0,352,0,0,6,0,0
777.65,17,1,0,0,2167,1,0,7,0,0
2443.92,1,0,0,0,1806,0,0,7,0,0
4913.92,5,4,0,0,1445,1,0,9,0,0
3606.61,0,3,0,0,2105,0,0,2,1,0
731.53,10,3,0,0,1427,1,0,1,0,0
1318.51,3,4,0,0,638,1,0,2,1,0
501.66,9,2,0,0,604,0,0,6,0,0
406.85,3,3,0,0,955,0,0,10,0,0
348.52,0,0,0,0,884,0,0,6,1,1
707.99,11,5,1,0,599,0,1,10,0,0
1407.55,9,2,0,0,197,1,1,9,0,0
162.1,10,3,0,0,30,0,0,2,0,0
1046.96,8,5,0,0,792,0,0,2,1,0
4994.16,9,2,0,0,1760,0,1,1,1,0
3367.45,0,4,0,0,2432,0,0,5,0,0
610.83,11,1,0,0,405,0,0,9,0,0
271.27,20,1,0,0,1525,1,0,1,0,0
1736.85,3,3,0,0,1977,0,0,3,0,0
108.05,3,2,0,0,1698,0,0,8,0,0
3328.09,18,4,0,0,1674,0,0,9,0,0
885.73,12,5,0,0,1535,0,0,10,0,0
6845.18,6,3,0,0,2134,0,0,3,0,0
195.01,18,2,0,0,1638,0,0,1,0,0
2746.67,7,3,0,0,2486,0,0,10,0,0
991.77,14,4,0,0,2273,1,0,3,0,0
787.57,13,3,0,0,2071,0,0,5,1,0
278.71,4,3,0,0,2316,0,0,7,0,0
1989.72,18,3,0,0,785,0,0,8,1,0
2156.27,14,2,0,0,107,0,0,5,0,0
6536.31,5,1,0,0,609,0,0,8,0,0
3005.05,18,7,0,0,671,0,0,5,0,0
605.53,14,7,1,0,1778,2,0,4,0,1
401.87,20,3,0,0,435,0,0,3,0,0
279.08,19,3,0,1,2222,1,1,6,0,0
4784.92,7,5,0,0,2271,1,0,3,0,0
503.62,22,3,1,0,1004,0,1,2,1,0
4818.56,0,1,0,0,1987,0,0,5,0,0
1853.95,8,0,0,0,1093,2,0,2,0,0
1525.23,14,5,0,0,2322,0,0,1,0,0
806.85,12,3,1,0,932,0,0,10,0,1
2123.19,5,2,1,0,96,1,0,2,0,0
1079.8,4,6,0,0,80,1,0,4,0,0
758.08,18,5,0,0,1514,0,0,2,0,0
2199.54,21,2,0,0,1491,1,0,9,1,0
949.59,16,2,0,0,122,2,1,9,0,1
493.57,12,3,0,0,1934,0,0,4,0,0
1997.85,18,4,0,0,431,0,0,9,0,0
1028.66,5,2,0,0,2270,0,0,1,0,0
1788.1,23,3,0,0,2048,1,0,3,0,0
696.55,2,4,0,0,1727,0,0,1,0,0
327.3,14,1,0,0,1566,2,0,3,0,0
6217.19,8,3,0,0,1529,0,0,10,0,0
5149.28,21,4,0,0,1335,0,0,1,1,0
2653.9,5,3,0,0,276,0,0,3,0,0
744.11,15,2,0,0,69,0,0,3,1,0
812.15,3,2,0,0,2008,0,0,7,1,0
4369.17,4,3,0,0,707,1,0,6,1,0
769.83,9,5,0,0,2430,1,0,3,0,0
582.57,19,0,0,0,891,0,0,6,0,0
7131.2,6,2,0,0,1278,1,0,3,0,0
1045.58,16,0,0,0,1066,0,0,10,0,0
6428.04,13,5,0,0,1243,1,0,1,0,0
270.86,23,1,0,0,314,0,0,9,0,0
1841.22,7,0,0,0,246,0,0,8,0,0
8700.04,5,1,0,0,612,0,0,5,1,0
1129.75,21,4,1,0,804,1,0,2,0,0
842.18,7,3,0,0,1678,1,0,7,0,0
341.12,5,2,0,0,2246,1,0,2,0,0
3236.81,19,3,0,0,1571,0,0,1,0,0
507.69,19,2,0,0,1915,0,0,3,1,0
997.44,1,5,0,0,884,0,0,10,0,0
319.1,20,3,0,0,1503,0,0,10,0,0
5202.5,15,4,0,0,882,0,0,9,0,0
3480.34,6,5,0,0,208,0,0,1,0,0
1062.54,12,3,0,0,2051,0,0,5,0,0
345.8,5,1,0,0,2316,0,0,5,0,0
5094.45,4,6,1,0,700,0,0,8,0,1
760.57,3,6,0,0,1169,2,0,4,0,0
363.14,3,5,0,0,164,1,0,9,1,0
188.27,13,1,0,0,423,0,0,8,0,0
574.81,19,3,0,0,801,0,0,9,1,0
256.05,11,5,0,0,1396,0,0,4,0,0
588.27,0,1,0,0,383,2,1,2,0,0
2308.63,10,2,0,1,1986,0,1,7,0,1
753.4,17,1,0,0,702,0,1,6,0,0
1565.08,20,0,0,0,2115,0,0,3,1,0
532.01,17,2,0,0,791,0,0,9,0,0
1170.48,8,4,0,0,1328,0,0,2,0,0
7486.83,15,3,0,0,498,0,0,5,1,0
773.96,1,3,0,0,2454,1,0,4,0,0
1610.71,9,0,0,0,740,0,0,6,0,0
229.17,12,6,0,0,138,0,0,5,0,0
5014.59,0,5,0,0,1575,0,0,7,0,0
680.48,0,0,0,0,953,0,0,2,0,0
3135.47,19,5,0,0,1422,0,1,3,1,1
969.54,5,5,0,0,2046,0,0,7,1,0
2021.47,3,2,0,0,159,0,0,9,0,0
2145.25,14,2,0,0,2084,0,0,7,0,0
697.54,6,3,0,0,732,1,0,5,0,0
3267.91,23,0,0,0,628,3,0,1,0,0
513.38,22,3,0,0,1132,1,0,7,0,0
2387.34,19,2,0,0,1111,0,0,1,0,0
742.33,7,3,0,0,68,0,0,7,1,0
1555.51,21,3,0,0,2085,1,0,2,0,0
690.91,6,1,0,0,2410,1,0,10,0,0
1152.83,5,3,0,0,1003,0,0,4,0,0
374.39,23,2,0,0,590,0,0,2,0,0
1404.67,16,2,0,0,502,1,0,7,0,0
1146.18,2,3,0,0,1606,1,0,4,0,0
638.96,21,3,0,0,966,0,0,6,1,0
1037.92,3,2,0,0,286,0,0,7,0,0
1253.89,16,5,0,0,2367,2,0,5,0,0
592.08,10,1,0,0,953,0,1,6,0,0
964.14,0,3,0,0,2298,0,0,2,0,0
401.2,18,4,0,0,53,2,0,3,0,0
11449.86,16,8,0,0,1553,0,0,5,0,0
3162.5,21,1,0,0,337,0,0,9,0,0
1441.0,14,3,0,0,282,2,0,6,0,0
3540.82,18,1,0,0,315,0,1,2,0,0
151.52,21,4,0,0,995,0,0,4,1,0
84.97,23,2,0,0,1568,0,0,7,0,0
735.62,13,0,0,0,1959,0,0,7,0,0
276.29,0,3,0,0,58,1,0,1,0,0
865.58,8,4,0,0,1533,0,0,5,1,0
1347.03,14,4,0,0,820,1,0,8,0,0
2752.91,2,3,1,0,39,0,0,7,0,0
351.33,2,3,0,0,465,2,0,6,0,0
1635.38,9,4,0,0,2363,0,0,10,0,0
1112.53,21,3,0,0,1676,0,0,2,0,0
1552.33,7,1,1,0,1856,1,0,9,0,1
652.12,22,2,0,0,100,0,0,7,0,0
4372.7,19,2,0,0,2492,1,0,1,0,0
988.8,7,4,0,0,1558,0,0,6,0,0
6465.15,5,8,0,0,1556,0,0,9,0,0
497.51,19,5,0,0,1472,0,0,1,1,0
2304.98,18,3,0,0,1531,1,0,6,0,0
1033.11,15,3,0,0,281,0,0,9,0,0
790.18,23,1,0,0,2181,0,0,2,0,0
2063.82,2,0,0,0,1744,1,0,9,0,0
813.08,9,5,0,0,388,2,0,3,0,0
76.56,14,2,0,0,530,0,0,4,0,0
51.27,1,4,1,0,1501,0,0,6,0,0
3914.42,23,4,0,0,233,0,0,10,0,0
3752.8,13,2,0,0,2150,2,0,5,1,0
7239.74,7,2,0,0,168,1,0,6,0,0
1077.58,5,5,0,0,1951,1,0,3,0,0
301.08,0,2,0,0,2426,1,0,6,0,0
720.84,14,3,0,0,927,0,0,1,0,0
1109.23,23,2,0,0,702,0,0,5,1,0
400.6,0,0,0,0,2405,1,0,8,0,0
5702.01,9,3,0,0,2131,2,1,6,0,0
10295.92,15,4,0,0,390,0,1,2,0,0
1769.2,10,1,0,0,1314,1,0,4,0,0
1084.78,15,3,0,0,1018,0,0,4,0,0
300.38,17,3,0,0,2139,0,0,3,0,0
5148.36,23,3,0,1,1877,0,0,8,1,0
1183.59,14,4,0,1,2001,0,0,8,0,0
821.26,17,5,0,0,1052,0,0,5,1,0
1774.32,7,4,0,0,653,0,0,9,0,0
610.51,3,2,0,0,1153,0,0,2,0,0
1270.13,2,3,0,0,1214,0,0,5,0,0
259.18,2,6,0,0,2117,0,0,4,0,0
3252.2,19,4,0,0,561,0,1,4,0,1
987.91,0,2,0,0,1726,0,0,6,0,0
3493.99,11,3,0,0,903,0,0,7,1,0
896.83,14,4,0,0,2345,0,0,3,0,0
957.0,16,4,0,0,2425,0,1,3,0,0
326.26,1,3,0,0,194,2,0,4,0,0
2344.33,20,2,0,0,982,0,0,4,0,0
456.76,10,6,0,0,1938,0,1,10,0,0
674.23,0,3,0,1,307,0,0,8,0,1
1097.78,3,2,0,1,603,0,0,5,1,0
1237.97,20,2,0,0,1323,0,1,6,0,0
199.12,22,3,0,0,1291,0,0,4,0,0
870.61,18,1,0,0,1785,0,0,10,1,0
2428.99,8,4,0,1,2281,0,0,7,0,0
751.19,22,3,0,0,828,0,1,7,0,0
875.91,6,4,0,0,917,0,0,1,0,0
1290.01,5,3,0,1,1155,0,0,10,0,0
966.85,18,4,0,0,2167,0,0,8,0,0
391.3,7,5,0,0,2038,0,0,5,0,0
1057.49,12,3,0,0,271,0,0,5,1,0
2963.34,15,7,0,1,773,2,0,6,0,0
383.3,3,5,0,0,2237,1,0,6,1,0
754.09,22,2,0,0,2171,1,0,5,0,0
275.44,3,5,0,0,1792,0,0,3,0,0
2811.24,23,2,0,0,1925,1,0,5,0,0
999.89,6,4,0,0,700,0,0,3,1,0
468.62,10,4,0,0,1897,1,0,8,0,0
1202.63,6,3,0,0,1525,0,0,5,1,0
329.11,12,1,0,0,2193,1,0,6,1,0
390.14,0,3,0,0,269,0,0,6,0,0
254.64,4,1,0,0,1537,1,0,8,1,1
377.37,12,3,0,0,1551,0,0,3,0,0
4261.33,16,5,0,0,1101,0,0,10,0,1
526.83,23,5,0,0,831,0,0,2,0,0
1748.0,20,2,0,0,2159,0,0,6,0,0
475.18,22,7,0,0,2450,1,0,1,0,0
2343.81,19,3,0,1,1484,0,0,6,1,0
393.04,18,6,0,0,1837,1,1,4,0,0
1140.51,8,1,0,0,770,1,0,8,1,1
1156.15,21,0,0,0,377,3,0,6,1,1
11246.42,23,5,1,0,560,0,0,6,0,1
2059.93,12,3,1,0,492,1,0,2,0,1
606.13,2,3,0,0,901,1,0,7,0,0
2175.58,1,3,0,0,2221,0,0,6,0,0
9303.77,11,3,0,0,1884,0,0,6,0,0
214.94,15,4,0,0,1145,1,0,1,0,0
472.25,13,5,0,0,534,0,0,4,1,0
865.32,21,10,0,0,2399,1,0,9,0,0
722.64,12,2,0,1,1674,0,0,6,0,0
786.23,15,1,0,0,2365,0,0,9,0,0
297.61,18,2,0,0,1063,0,0,9,0,0
4464.69,21,3,0,0,1417,1,0,2,0,0
264.38,14,4,0,0,403,0,0,3,0,0
897.66,13,5,0,1,514,0,0,8,0,0
3120.76,1,3,0,0,1607,1,0,8,1,1
1064.03,15,7,0,0,1539,0,0,7,0,0
411.83,4,0,0,0,2442,0,0,5,0,0
284.67,8,3,0,0,2467,0,0,8,0,0
871.31,12,4,0,0,79,0,0,9,0,0
514.38,1,3,0,0,2185,0,0,8,0,0
1346.46,16,2,0,0,1590,0,0,3,0,0
270.03,6,4,0,0,591,1,0,3,1,0
2472.63,12,2,0,0,384,0,0,9,1,0
1230.96,8,3,0,0,2246,0,0,7,0,0
1325.89,8,4,1,1,76,0,1,4,0,0
4633.54,9,3,0,1,1319,1,0,2,0,0
707.83,1,7,0,0,489,0,0,6,0,0
530.69,4,6,0,1,2417,2,0,8,0,0
634.12,18,4,0,0,360,0,0,2,0,0
904.58,2,2,0,0,1693,0,0,6,0,0
1001.28,11,2,0,0,682,0,1,2,1,0
477.85,3,7,0,0,738,0,0,4,0,0
145.03,12,5,0,0,1554,0,0,10,0,0
625.83,15,5,0,0,711,1,0,2,0,1
1571.56,11,2,0,0,2225,1,1,5,1,0
1256.72,18,5,0,0,1228,2,1,1,0,0
3639.33,6,2,0,0,189,1,0,4,0,0
7750.3,13,0,0,0,1276,0,0,4,0,0
2343.34,6,4,0,1,599,0,1,3,0,0
4370.01,12,1,0,0,2286,1,0,7,0,0
2360.84,1,3,0,0,54,0,0,5,0,0
6062.63,6,1,1,0,306,1,0,10,1,1
6980.35,16,0,0,0,1242,2,1,7,0,1
2838.88,18,5,0,0,700,0,1,9,0,1
2222.48,6,8,0,0,906,0,0,5,0,0
893.16,6,2,0,0,549,2,0,7,0,0
1052.23,7,4,0,0,2277,0,0,2,1,0
782.24,6,3,1,0,2,0,0,6,1,0
2041.12,23,3,1,0,316,0,0,8,0,1
533.6,15,1,0,0,2383,1,0,1,0,0
905.87,9,4,0,0,1232,0,1,4,0,0
104.05,11,3,0,0,2344,0,0,2,0,0
6143.13,12,3,0,1,2085,1,0,10,0,0
879.65,13,2,0,0,760,0,0,5,0,0
1729.49,9,3,0,0,1810,0,0,5,0,0
4711.62,23,9,0,0,368,0,0,10,0,0
1480.73,6,6,0,0,1532,2,0,9,0,0
4648.7,10,1,0,0,865,0,0,8,0,0
316.8,0,2,0,0,1712,0,0,2,0,0
12056.71,11,2,0,0,363,0,0,4,0,0
3252.28,20,1,0,1,2092,1,0,6,1,0
1351.81,23,5,0,0,673,0,0,8,0,0
4560.01,11,3,0,0,1161,1,0,1,0,0
340.82,3,4,0,0,2100,0,0,10,0,0
821.71,17,1,0,0,1199,0,0,3,0,0
4648.27,15,4,0,0,1327,1,0,10,0,0
169.51,23,1,0,0,296,1,0,6,0,0
1920.72,12,4,0,0,1780,0,0,9,0,0
1867.16,0,2,0,0,2423,0,0,7,1,0
7857.52,21,3,0,0,1839,0,0,4,0,0
225.21,16,6,0,0,2288,0,0,4,0,0
5484.22,19,6,0,1,2466,0,0,5,0,0
626.74,2,5,1,0,1673,0,0,9,0,1
701.34,10,2,0,1,2159,0,0,8,0,1
323.11,10,5,0,0,1297,1,1,10,0,0
369.5,6,3,1,0,882,1,0,9,0,0
1641.76,20,4,0,0,1438,0,1,5,1,1
360.56,4,3,0,0,2135,1,0,8,0,0
2299.13,1,4,1,0,437,0,1,4,0,0
565.12,5,2,0,0,1562,1,0,8,0,0
326.02,23,0,0,0,1729,1,0,5,0,0
646.9,2,1,0,0,1778,0,1,9,1,0
1535.65,13,5,0,0,1822,0,0,8,1,0
831.01,4,3,0,0,1633,0,0,7,0,0
1134.8,9,3,0,0,1534,1,0,6,0,0
2199.99,13,3,0,0,2321,0,0,3,0,0
3237.06,0,2,0,0,17,1,0,4,0,0
804.25,5,2,0,0,1131,1,0,4,0,0
385.98,14,5,0,0,189,0,0,7,0,0
1183.34,0,3,0,0,2204,2,0,7,1,0
1755.75,11,3,1,0,362,0,0,8,0,0
254.49,14,2,0,0,1926,0,0,6,0,0
450.06,5,3,1,0,1781,0,0,2,1,0
534.22,3,2,0,0,808,0,0,10,1,0
890.85,11,6,0,0,1066,0,0,8,0,0
512.33,17,5,0,0,511,0,0,2,0,0
2223.95,0,3,0,0,2028,0,0,4,0,0
220.27,8,2,0,0,1766,0,0,7,0,0
225.94,23,2,0,0,2409,0,0,5,0,0
785.34,8,3,0,0,1500,1,0,8,0,0
919.98,7,3,0,0,1292,0,0,8,0,0
256.05,17,2,0,0,2319,1,0,2,0,0
597.8,11,1,0,0,788,0,0,3,0,0
734.33,9,7,0,0,2200,1,0,1,0,0
740.04,18,3,0,0,1448,1,0,8,0,0
1276.51,0,4,0,0,1964,1,0,4,1,0
565.9,17,2,0,0,814,1,0,6,0,0
4807.04,9,5,0,0,1223,0,0,2,0,0
1786.84,21,3,0,0,983,0,0,2,0,0
489.26,17,6,1,0,1924,0,0,3,0,0
1205.33,22,5,0,0,172,0,0,9,0,0
1241.43,3,3,0,0,2372,0,0,10,0,0
3694.95,4,4,0,0,836,1,0,7,0,0
601.61,21,4,1,0,1001,1,0,10,1,0
2362.18,9,3,0,0,2434,1,0,1,0,0
1143.51,19,3,0,0,253,1,0,2,0,0
4873.49,16,3,0,0,1868,1,0,8,1,0
3987.39,11,1,0,0,245,1,0,9,1,0
1335.39,1,2,0,0,2339,1,0,2,0,0
843.63,1,4,0,0,705,0,0,10,0,0
1820.03,17,2,0,0,785,0,0,5,0,0
915.57,2,1,0,0,1902,0,0,10,1,1
5885.85,0,2,0,0,554,1,0,6,0,0
1186.15,5,3,0,0,232,0,0,7,0,0
730.96,21,4,0,0,179,0,0,3,0,0
692.55,15,1,0,0,2285,0,0,10,0,0
326.02,17,5,0,0,1396,0,0,7,0,0
1913.25,15,3,0,0,2387,0,0,6,0,0
482.99,13,3,0,0,2027,0,0,1,0,0
3288.37,6,3,0,0,917,1,0,7,0,0
300.99,10,3,0,0,2440,1,0,1,0,0
1245.44,13,1,0,0,2002,2,0,3,0,0
3464.15,23,6,0,0,519,0,0,8,0,0
127.45,21,5,0,0,399,0,0,1,0,0
8252.45,17,2,0,0,177,0,1,6,0,0
716.74,19,3,0,0,149,0,0,4,0,0
1262.81,19,1,0,0,1113,0,0,10,0,0
1941.95,16,1,1,0,1057,1,0,6,0,0
2266.81,19,2,0,0,992,0,0,3,0,0
1442.14,1,1,0,0,154,1,0,8,0,0
2973.17,0,3,0,0,1534,0,0,9,0,0
1842.85,10,1,0,0,131,0,0,2,1,0
6379.73,1,4,0,0,1448,0,0,2,0,0
1848.87,8,8,0,1,294,0,1,8,0,1
7821.53,4,5,0,0,1448,1,0,3,0,0
2700.19,22,5,0,1,742,1,0,6,0,0
180.23,15,5,0,0,2404,0,0,5,1,0
14929.62,1,3,0,0,366,0,0,1,0,0
617.49,14,1,0,0,2023,0,0,7,0,0
4892.92,17,4,0,0,1456,0,0,7,0,0
1126.41,7,5,0,0,1239,0,0,2,0,0
3168.74,21,1,0,1,2082,2,0,3,0,0
550.88,23,0,0,0,484,0,0,5,0,0
2050.31,23,3,0,1,2145,0,0,2,0,0
851.34,2,4,0,0,2095,1,0,3,0,0
5318.8,10,2,0,0,2190,0,0,8,1,0
1700.48,18,1,0,0,137,0,0,3,0,0
2795.99,10,5,0,0,1367,1,0,2,0,0
125.95,11,7,0,0,917,0,0,4,0,0
1006.69,7,2,0,0,625,0,0,7,0,0
1653.34,10,1,0,0,823,1,0,1,0,0
1371.44,16,1,0,0,1415,0,1,8,0,1
2867.39,0,7,0,0,87,0,0,7,0,1
760.59,19,3,0,0,1582,0,0,2,0,0
1151.46,17,3,0,1,860,0,0,2,1,0
3573.24,3,1,0,0,1806,1,0,9,0,0
112.32,18,4,0,0,517,0,0,3,0,0
1977.03,12,3,1,0,1778,0,0,6,0,0
785.34,7,5,0,0,1591,0,0,10,0,0
440.4,10,2,0,0,483,0,0,9,0,0
1535.4,12,2,0,0,730,1,0,9,1,0
3742.28,5,1,0,1,645,0,1,6,0,0
3099.96,14,3,1,0,2312,0,0,2,0,1
958.04,15,4,0,0,1625,1,0,9,0,0
2632.64,8,2,0,0,1832,0,0,7,1,0
2612.51,11,4,0,0,223,0,0,3,0,0
1004.89,14,2,0,0,321,1,0,9,0,0
548.35,12,2,0,0,2497,0,0,1,0,0
581.01,10,1,0,0,1947,0,0,3,0,0
2534.76,22,3,0,0,1989,1,0,7,0,0
1051.37,21,2,0,0,2323,0,0,10,1,0
385.22,9,5,0,0,2108,0,0,1,0,0
203.39,17,7,0,0,121,0,0,7,1,0
2519.54,19,4,0,0,765,0,0,9,0,0
634.74,2,0,1,0,1014,0,0,3,0,0
1525.97,14,2,0,0,376,0,0,2,0,0
3788.43,19,2,0,0,2235,0,0,7,0,0
296.21,1,1,0,0,2333,0,0,5,0,0
1048.23,8,5,1,0,399,0,0,8,1,1
924.55,19,8,0,0,1907,0,0,3,0,0
1603.18,22,8,0,0,2034,0,0,4,0,0
3786.36,23,2,0,0,73,0,0,1,0,0
290.19,14,3,0,0,313,1,0,5,0,0
1938.75,1,1,0,0,2368,0,0,6,0,0
3076.43,0,1,0,0,626,0,0,7,0,0
910.16,19,7,0,0,2003,1,0,2,0,0
955.8,17,6,0,0,1649,0,0,7,0,0
1666.45,4,4,0,1,1349,0,0,2,0,1
1548.15,3,0,0,0,67,0,0,3,0,0
1963.24,3,3,0,0,1432,0,0,9,0,0
1922.31,21,2,0,0,1959,0,1,3,1,0
410.77,18,4,1,0,696,1,0,4,0,1
2952.08,22,2,0,0,1684,0,0,10,0,0
3522.0,2,2,0,0,1008,0,0,6,0,0
1320.92,16,5,0,0,2369,0,0,7,0,0
246.13,22,5,0,0,1261,0,0,6,1,0
977.75,12,2,0,0,15,0,0,2,0,0
1331.96,18,4,0,0,398,0,0,6,1,0
349.11,14,3,0,0,487,0,0,5,1,0
764.99,0,2,0,0,885,1,0,6,0,0
267.9,10,2,0,0,1045,1,0,1,0,0
2012.82,6,7,0,0,1263,0,0,6,0,0
1294.6,2,3,0,1,1792,1,0,9,1,1
211.5,14,1,0,0,1825,0,0,7,1,1
1558.48,22,6,0,0,1220,0,0,4,1,0
1036.38,1,3,0,0,1369,0,0,9,0,0
1837.97,7,3,0,0,274,0,0,4,0,0
741.35,16,2,0,0,1997,1,0,6,0,0
492.02,7,3,0,0,125,0,0,2,0,0
507.33,2,2,0,0,2428,0,0,4,0,0
640.23,4,1,0,1,867,0,0,10,0,0
1117.47,0,4,0,0,1129,0,0,8,0,0
1271.51,23,1,0,0,398,0,0,3,1,0
906.22,11,3,1,0,793,0,0,7,0,0
718.15,22,0,0,0,441,1,0,1,0,0
771.7,16,3,0,0,843,0,0,10,0,0
13463.33,8,6,0,0,738,1,0,1,0,0
507.39,22,1,0,0,1813,0,0,4,0,0
627.68,6,0,0,0,1456,0,0,6,1,0
29550.45,4,11,0,0,1878,1,0,10,1,0
1670.73,19,3,0,0,1961,0,0,1,0,0
275.89,13,0,0,0,2167,0,0,4,0,0
2547.04,10,2,0,1,521,0,0,10,0,1
441.4,14,2,0,0,890,0,0,2,0,0
2721.83,23,2,0,0,1077,0,0,4,0,0
888.06,6,3,0,0,1075,0,0,6,0,0
706.42,21,4,0,0,1808,0,1,3,0,0
5481.67,21,2,0,0,98,0,0,3,0,0
1932.17,18,3,0,1,2149,0,0,10,1,0
2901.52,3,4,0,1,1415,0,0,4,0,0
1694.12,2,3,0,0,523,0,0,4,0,0
703.14,2,2,0,0,841,0,0,4,0,0
2021.01,16,2,0,0,2101,0,0,5,0,0
3674.66,9,5,0,0,1480,0,0,1,0,0
1254.81,23,4,0,0,1088,0,0,3,0,0
6645.15,0,1,0,0,2248,1,0,9,1,0
2566.98,8,2,0,0,1618,1,0,6,0,0
1355.58,6,2,0,0,385,1,0,10,0,0
1410.2,21,5,0,1,1161,0,0,3,0,0
1257.95,2,4,0,0,2457,0,0,6,0,0
313.8,9,4,0,0,1863,0,0,6,0,0
1002.17,20,0,0,0,1625,1,0,2,0,0
1368.11,23,2,0,0,1802,0,0,7,0,0
723.37,21,3,0,0,1107,1,0,6,0,0
1537.14,15,6,1,0,1295,0,0,2,0,0
1120.25,3,0,0,0,194,0,0,4,1,1
2377.23,2,3,0,0,2384,0,0,2,0,0
2128.37,9,4,0,0,402,1,0,4,0,0
1296.15,11,2,0,0,2259,1,0,9,1,0
279.44,12,3,0,0,2269,0,0,5,0,0
6572.98,1,2,0,0,845,0,0,5,0,0
951.57,16,4,0,0,2436,1,0,7,1,0
1011.42,9,3,0,0,300,0,0,7,0,0
778.59,2,3,0,0,244,2,0,3,1,0
672.89,21,4,0,0,368,0,0,4,0,0
5136.14,8,3,1,0,2227,2,0,2,0,0
4385.44,5,3,0,0,648,0,0,4,0,0
1710.25,11,3,0,0,2483,0,0,2,0,0
984.86,22,3,0,0,1635,0,0,10,0,0
2036.76,19,3,0,0,695,0,0,8,0,0
1180.62,2,3,0,0,468,0,0,9,0,0
906.67,16,9,0,0,1863,0,0,6,0,0
1537.8,15,4,0,0,1406,0,0,9,0,0
705.45,21,4,1,0,354,0,0,1,0,0
1411.3,23,2,0,0,1873,0,0,6,0,0
1345.1,17,3,0,0,2198,1,0,3,1,0
2004.07,15,3,0,0,518,0,0,5,0,0
590.44,8,1,0,0,1319,0,0,10,0,1
2230.85,21,2,0,0,769,0,0,5,1,0
443.05,22,5,0,0,583,2,0,4,1,0
618.58,23,3,0,0,113,0,0,7,0,0
646.18,22,4,0,0,2453,0,0,5,0,0
375.38,15,7,0,0,287,0,0,3,0,0
3028.01,22,4,1,0,883,0,0,8,0,1
416.11,18,2,0,0,936,0,0,6,0,0
545.16,5,4,0,0,1998,0,0,7,0,1
3848.38,0,5,0,0,687,0,0,2,0,0
619.81,23,0,0,0,2287,0,1,2,0,0
908.56,10,2,0,0,534,1,0,5,0,0
398.61,20,2,0,0,1976,1,0,3,1,0
2522.36,6,4,0,0,817,1,0,8,0,0
2557.37,8,0,0,0,342,0,1,4,0,0
2296.05,19,4,0,0,272,0,0,3,0,0
1877.19,12,0,1,0,1577,1,0,5,1,0
1180.38,16,4,0,0,1819,0,0,8,1,0
649.12,7,2,0,0,1576,0,1,8,0,0
485.43,14,2,0,0,1484,0,0,9,0,0
3983.46,11,1,0,0,1325,0,0,6,1,0
2356.2,22,4,0,0,656,0,0,6,1,0
548.23,11,3,0,0,1938,1,0,4,0,0
1141.2,2,7,0,0,339,1,0,7,0,0
812.31,17,3,1,0,394,2,0,4,0,1
354.88,22,1,0,0,105,1,0,7,0,0
1309.83,21,5,0,0,1605,2,0,7,1,1
723.79,2,3,0,0,1699,0,0,7,0,0
423.04,23,5,0,1,2088,2,0,10,1,1
249.85,8,3,0,0,534,0,0,8,0,0
229.57,20,3,1,0,1421,0,0,3,0,0
756.4,15,2,0,0,1078,0,0,8,1,0
1007.18,23,3,0,0,2442,0,0,2,1,0
457.01,8,0,0,1,1475,0,0,9,0,0
2102.2,14,6,0,0,1647,0,0,5,0,0
1027.06,16,3,0,0,891,1,0,3,0,0
1952.54,3,4,0,1,1827,0,0,6,0,0
913.32,18,3,0,0,93,0,0,4,0,0
499.14,3,3,0,0,2181,2,0,1,0,0
1229.2,19,3,0,0,1310,0,0,5,0,0
310.23,3,3,1,0,1455,0,0,3,0,1
1880.77,4,4,0,0,2347,1,0,3,1,0
429.6,11,4,0,1,408,0,0,7,0,1
2746.91,4,4,0,0,321,0,0,6,0,0
781.76,1,3,0,0,1593,0,0,3,0,0
3173.32,1,5,0,0,940,1,0,2,0,0
356.87,6,1,0,0,1444,0,0,3,1,0
556.81,11,2,0,0,787,1,0,5,1,1
1605.09,1,1,0,1,1019,0,0,10,0,0
3535.1,3,3,0,0,603,0,0,6,0,0
5805.78,14,0,0,0,1594,0,0,4,0,0
1142.95,7,3,0,0,1578,1,0,2,0,0
6889.44,18,0,0,0,1689,0,0,10,0,0
820.85,20,6,0,0,926,0,0,3,0,0
3290.41,0,1,0,0,1106,0,0,10,0,0
427.44,22,4,0,0,785,1,0,7,0,0
1669.37,16,3,0,0,1521,0,0,8,1,0
105.46,19,4,0,0,427,0,0,10,0,0
357.24,11,2,0,0,182,0,0,10,0,0
1748.79,0,7,0,0,909,0,0,9,0,1
295.17,21,4,0,0,1629,0,0,9,0,0
1680.67,13,1,1,0,2479,1,0,3,0,0
2714.76,0,2,0,0,566,1,0,9,1,0
664.26,3,3,0,0,2169,0,0,9,0,0
416.15,4,4,0,0,560,0,0,3,1,0
682.53,9,3,0,0,240,1,1,2,0,1
417.46,10,3,0,0,429,0,0,4,0,0
991.07,10,3,0,0,1581,1,0,4,1,0
1214.5,20,3,0,0,952,0,0,8,0,0
807.54,22,1,0,0,1207,0,0,3,0,0
5850.95,16,1,0,0,693,1,0,4,0,0
534.11,15,2,0,0,1697,0,0,4,0,0
4409.13,20,3,0,0,1357,0,0,2,0,0
387.13,6,6,0,0,2351,0,0,4,0,0
1179.42,13,1,0,0,1239,0,0,6,0,0
3579.95,15,1,0,0,227,0,0,8,0,0
3399.41,6,3,0,0,2013,0,0,7,0,0
720.35,22,0,0,0,1385,2,0,7,0,0
1910.4,5,5,1,1,642,1,0,3,0,0
1671.0,1,4,0,1,173,0,0,6,0,1
639.1,7,2,0,0,745,0,0,10,0,0
2030.32,19,0,0,0,930,1,2,4,0,0
7062.06,8,1,0,0,439,1,0,8,0,0
1757.59,5,5,0,0,1127,1,0,1,0,0
1932.09,20,1,0,1,1466,0,0,2,0,0
2147.7,3,4,0,0,213,2,1,3,0,0
254.43,3,2,1,0,9,0,0,5,0,0
1737.54,21,2,0,0,608,0,0,1,1,0
396.72,7,3,0,0,2159,1,0,8,0,0
607.96,0,3,0,0,1431,1,0,5,0,0
9527.54,10,2,0,1,1216,0,0,4,0,0
851.28,17,2,0,0,564,1,0,1,0,0
523.13,18,3,0,0,1466,0,0,6,1,0
3472.34,2,3,0,0,1799,0,0,5,0,0
425.1,6,5,0,0,625,0,0,2,0,0
701.05,14,4,0,0,1666,0,0,6,1,0
3824.0,15,2,0,0,314,1,0,10,0,0
1144.55,14,4,1,0,1244,2,0,9,0,0
230.07,8,0,0,0,1741,0,0,10,0,0
1889.35,20,3,1,0,1398,0,2,3,0,0
737.7,1,3,0,1,2431,0,0,9,1,0
5114.58,19,1,1,0,808,0,0,5,0,0
598.13,22,3,0,0,121,0,0,3,0,0
3137.64,16,0,0,0,1374,0,0,6,0,0
6474.96,10,1,1,1,2428,0,0,1,0,0
468.28,9,8,0,0,804,1,0,3,0,0
903.96,10,3,0,0,2012,0,0,1,0,0
1617.48,3,1,0,0,2267,0,0,6,0,0
465.29,5,5,0,0,458,0,0,4,1,0
1436.97,15,0,0,0,209,0,0,6,0,0
875.75,13,4,0,0,790,1,0,7,1,0
858.28,11,2,0,0,509,0,0,5,0,0
1151.64,11,9,0,0,2469,0,0,8,0,0
1177.64,1,3,0,0,630,0,0,10,0,0
1291.91,20,5,0,0,2245,1,0,9,1,0
602.55,22,1,0,0,1969,1,0,10,0,0
629.44,5,3,0,0,2306,1,0,9,0,0
974.0,7,2,0,0,1131,0,0,2,0,1
1048.63,15,5,0,0,1669,1,0,10,0,0
707.08,0,3,1,0,1388,0,0,5,0,0
1516.17,2,3,0,0,1231,1,0,9,0,0
178.62,21,4,0,0,739,0,0,10,0,0
528.23,4,3,0,0,533,0,0,9,0,0
828.88,13,0,0,0,672,1,0,10,0,0
465.86,21,3,0,0,718,1,0,5,0,0
5592.59,17,2,0,0,1621,1,0,3,1,0
1117.51,6,2,0,0,182,0,0,10,0,0
1308.67,3,4,0,0,1715,0,0,6,0,0
676.39,17,1,0,0,1735,0,0,8,0,0
1079.47,9,3,0,0,1295,0,0,4,0,0
325.3,23,4,0,0,2203,0,0,3,1,0
925.36,15,4,0,0,1759,1,0,4,0,0
429.66,0,2,0,1,1539,0,0,9,1,0
830.97,6,2,1,0,1933,1,0,1,0,0
84.78,17,3,1,0,1352,1,0,7,0,0
354.96,16,3,0,0,255,0,0,8,0,0
4740.64,17,1,0,0,1713,1,0,10,1,0
2515.93,5,1,1,1,587,0,0,2,0,0
4101.22,5,4,0,0,158,0,0,9,0,0
4392.8,5,1,0,0,1554,1,0,7,0,0
2149.49,16,3,1,0,725,0,1,8,0,1
697.24,0,0,0,0,2184,0,0,1,0,0
388.68,19,3,0,0,979,1,0,4,0,0
3452.12,6,2,0,0,2028,0,0,4,1,0
1169.78,11,4,0,0,2085,1,0,1,1,0
13280.11,5,6,0,1,1457,0,0,9,0,0
761.2,10,3,0,0,674,1,0,1,0,0
7886.41,18,5,0,0,1109,0,0,9,0,0
937.49,4,1,0,0,236,0,0,9,0,0
4171.57,13,4,0,0,81,1,0,2,0,0
5983.09,1,3,0,0,105,0,0,1,0,0
394.28,4,3,0,0,2304,1,0,8,0,0
675.2,16,2,0,0,328,0,0,4,1,0
390.34,13,3,0,0,1861,0,0,9,0,0
320.56,14,1,0,0,2366,0,1,7,1,0
2136.8,5,5,0,0,711,1,0,2,0,0
900.88,4,5,0,0,516,0,0,6,0,0
1155.59,10,4,0,0,1264,0,0,2,0,0
1912.64,3,2,0,0,1499,0,0,9,0,0
171.16,21,1,0,0,598,0,0,5,0,0
3970.97,6,5,0,0,1121,0,0,3,0,0
773.48,17,0,1,0,2288,0,0,5,0,0
1867.58,3,0,0,0,1157,1,0,9,0,0
2040.02,15,3,0,0,1121,1,0,1,0,0
4319.08,4,1,0,0,718,1,0,5,0,0
987.47,6,3,0,0,2134,0,0,8,0,0
131.15,9,2,0,0,2358,0,0,10,0,1
1161.11,2,2,0,0,1549,0,1,2,0,0
1340.38,2,7,0,0,561,0,0,7,0,0
389.84,18,5,0,0,1313,1,0,2,0,0
1270.91,8,1,0,0,370,1,0,8,0,0
764.32,13,0,0,0,2267,1,0,10,0,0
286.36,15,1,0,0,2311,0,0,1,0,0
2146.27,14,0,0,0,346,0,0,1,0,0
624.08,15,4,0,0,1231,1,0,10,0,0
730.42,23,5,1,0,161,0,0,10,0,1
690.5,15,3,0,0,1273,1,0,5,0,1
3772.44,8,2,1,0,1658,1,0,8,0,0
1052.67,6,2,1,0,1845,0,0,1,0,0
1186.9,19,1,0,0,2288,1,0,5,1,0
705.82,10,3,0,0,2453,0,0,1,0,0
1742.14,13,3,0,1,334,0,0,8,0,0
4227.3,19,2,0,0,1787,0,0,2,1,0
2096.16,5,3,0,0,607,0,0,5,0,0
2179.54,5,1,0,0,1910,0,0,5,0,0
2010.68,1,2,1,0,999,1,1,3,0,1
275.82,1,4,0,0,1508,0,0,10,0,0
456.63,14,2,0,0,2330,0,0,6,0,0
893.38,12,3,0,0,2321,0,0,9,0,0
530.67,7,1,0,0,2131,1,0,10,1,1
378.22,5,3,0,0,1158,2,0,1,0,1
168.65,16,2,0,0,2429,0,1,5,0,0
285.28,2,3,0,1,2,0,1,1,0,0
848.5,16,3,0,0,1934,0,0,8,0,0
1023.08,21,2,1,0,539,1,0,7,0,0
496.18,10,3,1,0,871,1,0,2,1,1
1186.69,11,3,0,0,2327,0,0,10,0,0
710.64,12,1,0,0,132,1,0,3,1,0
3263.56,2,4,0,0,507,0,0,4,0,0
932.97,15,7,0,1,1538,0,0,6,0,0
2200.26,8,3,1,0,2475,0,0,2,0,0
1343.74,11,3,1,1,2236,0,0,1,1,1
269.87,0,5,0,0,1385,0,0,9,1,0
1001.59,21,3,0,0,1117,0,0,8,0,0
318.74,8,3,0,0,996,0,0,4,1,0
984.25,1,1,0,0,981,0,0,1,0,0
520.54,18,3,0,0,1967,0,0,2,0,0
1606.74,23,4,0,0,1982,0,0,10,0,0
286.47,12,2,0,0,744,0,0,4,0,0
1112.87,0,2,0,0,998,2,0,7,0,0
1943.83,23,3,0,0,2053,0,0,6,0,0
2717.85,4,4,0,0,1834,0,0,3,0,0
510.73,5,2,0,0,1304,0,0,1,1,0
1116.27,16,2,0,0,520,1,0,10,0,0
1318.36,7,1,0,0,597,1,0,6,0,0
5151.93,2,4,0,0,1584,0,0,10,1,0
249.3,16,4,0,0,1747,0,0,7,1,0
440.93,6,4,1,0,1425,0,0,6,0,0
18114.4,20,2,0,0,1388,0,0,10,1,0
834.56,3,4,0,0,1097,1,0,10,0,0
165.51,21,7,0,0,1877,0,0,3,0,0
612.44,17,0,0,0,822,1,0,2,1,0
68.79,5,2,0,0,1617,1,0,3,0,1
1395.38,13,3,1,0,1539,0,0,8,0,1
2464.6,22,5,0,0,591,0,1,7,0,0
440.69,1,1,0,0,2369,0,0,10,0,0
684.9,19,5,0,0,1853,0,0,9,1,0
2761.84,11,1,0,0,769,0,0,3,0,0
190.53,22,2,0,0,708,0,0,7,0,0
292.49,5,1,0,0,141,0,0,7,0,0
872.96,17,3,0,0,1156,0,0,9,0,0
516.8,23,4,1,0,2196,0,0,6,0,0
817.4,8,1,0,0,669,0,0,8,1,0
309.9,2,3,0,0,46,0,0,8,0,0
1358.74,9,5,0,1,1131,0,0,4,1,0
944.61,14,2,0,0,160,0,0,1,0,0
1899.2,15,4,0,0,1983,0,1,6,0,0
1339.97,11,2,0,0,359,0,0,8,1,0
1348.42,22,1,0,0,999,0,0,3,0,1
258.19,13,1,0,0,1867,0,0,8,0,1
1794.7,15,2,1,0,627,1,0,5,1,0
787.71,22,1,0,0,172,2,0,4,0,0
928.34,22,4,0,0,1970,0,1,8,0,0
3128.36,8,4,1,0,1239,0,0,2,0,0
534.09,6,6,0,0,185,1,0,3,1,0
4235.19,17,5,0,1,346,1,0,3,1,0
4649.32,12,5,0,0,2233,0,0,9,0,0
2328.05,10,3,0,0,1390,0,0,7,1,0
411.32,16,6,0,0,646,0,0,5,0,0
123.19,15,2,0,0,1216,0,0,2,1,0
3225.47,21,2,1,0,2464,0,0,7,0,0
1225.84,8,4,0,0,777,0,0,6,0,0
520.51,18,5,0,0,528,0,0,3,0,0
3545.95,5,4,0,0,1430,0,0,5,0,0
463.33,22,3,0,0,2061,0,0,3,0,0
717.55,2,5,0,0,766,0,0,7,0,0
1853.61,18,2,0,1,221,1,0,6,0,0
360.11,2,1,0,0,2101,0,0,7,0,0
982.91,21,4,0,0,2071,2,0,7,0,0
3258.87,23,2,0,0,2316,0,0,3,0,0
1354.4,19,4,0,0,878,0,0,5,0,0
3817.79,18,2,0,0,1297,0,0,10,0,0
3407.05,11,1,0,0,1181,1,0,1,0,0
1105.15,5,3,0,0,309,0,0,4,0,0
105.98,23,2,0,0,1562,0,0,4,0,0
362.94,12,1,0,0,806,0,0,8,0,0
2352.74,19,2,1,0,2241,0,0,7,0,0
232.7,17,3,0,0,2052,1,0,10,0,0
791.01,16,4,1,0,555,0,0,6,0,0
1538.37,8,3,0,0,520,0,0,9,1,0
4767.47,10,3,0,0,313,0,0,4,0,0
617.07,10,5,0,0,319,0,0,7,0,0
576.23,14,3,0,0,1133,0,0,4,1,0
1040.6,17,3,0,0,2406,0,0,7,0,0
1557.62,4,0,0,0,1321,1,0,6,0,0
939.88,5,2,0,0,1377,0,0,5,0,0
3131.5,1,4,0,0,1009,1,0,5,1,0
493.17,12,6,0,0,1155,0,1,4,0,0
1236.65,16,6,0,0,1235,1,0,1,1,0
1711.65,5,5,0,0,2308,0,0,8,1,0
734.92,17,3,0,0,158,1,0,7,0,0
2539.47,0,3,0,0,1341,1,0,9,0,0
1272.78,20,2,0,1,1449,0,0,3,1,0
2413.53,16,3,0,1,1237,0,0,10,0,0
1331.56,16,5,0,0,1071,0,0,5,1,0
1597.83,16,2,0,0,751,0,0,6,1,1
582.66,8,0,0,0,1107,0,0,5,0,0
583.61,23,4,0,0,1689,0,0,8,0,1
3730.87,17,3,1,0,783,0,0,4,0,0
2070.43,4,3,0,0,1785,2,0,7,0,0
394.27,22,2,0,0,2043,1,0,4,0,0
1314.04,17,2,0,0,339,0,0,8,0,0
102.13,7,2,1,0,1626,0,0,5,0,0
617.74,22,3,0,0,1952,0,0,9,0,0
2867.02,5,4,0,0,1917,3,0,3,1,1
967.63,15,4,0,0,1106,0,0,4,0,0
1233.87,16,5,0,0,721,2,0,2,1,0
53.71,23,8,0,0,1048,0,0,4,0,0
740.81,13,0,0,0,1940,0,0,2,0,0
1538.05,23,5,0,0,2261,0,0,1,0,0
1746.36,6,3,0,0,1342,0,0,7,0,0
2870.83,19,2,0,0,392,0,0,5,1,0
888.68,5,4,1,0,215,1,0,6,0,0
929.22,23,8,0,0,1225,0,0,6,0,0
289.42,18,4,1,1,1325,0,0,6,0,1
893.8,15,1,0,0,1127,1,0,8,0,0
310.57,1,2,0,0,1879,0,0,2,0,0
172.8,11,2,0,0,1504,0,0,2,0,0
370.49,3,5,0,0,1320,0,0,6,0,0
4957.64,22,2,0,0,556,0,0,2,0,0
836.68,9,4,0,0,1677,1,0,10,1,0
1366.32,19,3,0,0,618,0,0,8,1,0
656.23,21,0,0,0,2385,1,0,9,0,0
182.99,2,4,0,1,128,0,0,1,0,1
2796.47,18,2,0,0,436,2,0,5,1,0
124.94,7,5,0,0,2024,0,0,10,1,0
629.68,2,3,0,0,2455,0,0,1,0,0
1038.35,6,1,0,0,237,0,0,9,0,0
1380.9,13,4,0,0,390,1,0,10,0,0
530.35,20,3,0,1,1532,2,0,3,0,0
174.52,16,6,0,0,2470,1,1,6,1,1
492.21,5,8,0,0,75,0,0,5,0,0
518.66,7,1,0,0,984,0,1,2,0,0
506.19,7,2,0,0,1478,0,0,2,0,0
2893.03,17,3,1,0,1565,0,0,8,0,0
325.84,12,1,0,0,572,0,0,1,0,0
1481.75,0,4,0,0,43,1,0,2,0,1
1284.72,1,1,0,0,1663,0,0,4,0,0
2865.38,1,3,0,0,2452,1,0,4,0,0
959.94,23,3,0,0,1918,0,0,1,0,0
2419.05,12,7,0,0,2269,1,0,4,0,0
923.14,11,3,1,0,2447,0,0,10,0,0
1693.23,18,1,0,0,1685,0,0,4,0,0
243.97,4,8,0,0,1863,0,0,10,0,0
78.39,0,4,0,0,430,1,1,6,0,1
1599.66,6,2,0,0,2366,2,0,7,0,0
1687.8,5,5,0,0,1508,0,0,6,0,0
1764.29,19,3,0,0,2327,1,0,6,0,0
648.76,19,1,0,0,2445,3,0,1,0,0
4864.51,15,4,0,0,703,1,0,5,1,1
692.37,21,2,0,0,1932,0,0,7,0,0
1670.5,11,2,0,0,999,0,0,7,0,0
1987.51,5,3,0,0,198,0,0,10,0,0
6116.47,7,1,0,0,1031,1,0,2,0,0
798.69,3,10,0,0,1169,1,0,6,0,0
570.67,21,2,0,0,865,3,0,10,0,0
245.15,14,3,0,0,1047,0,0,7,1,0
5179.0,18,4,0,1,1848,0,0,3,0,0
1671.39,6,3,1,1,1787,0,0,7,0,0
1725.14,17,2,0,0,959,0,0,5,0,0
24753.06,7,1,1,0,1773,0,0,6,0,1
1517.84,10,3,0,0,2302,1,1,1,0,0
298.17,15,1,0,0,2244,0,0,10,0,1
901.53,23,3,0,0,1396,0,0,6,0,0
413.73,13,4,0,0,2134,0,0,1,1,0
738.14,17,2,0,0,764,1,0,8,0,0
733.19,14,1,0,0,377,0,0,3,0,0
609.71,10,6,0,0,2110,1,1,7,1,1
272.25,22,0,0,0,1815,0,0,8,0,0
5391.08,23,3,0,0,1709,0,0,1,1,0
1478.6,7,4,0,0,1891,0,0,7,0,0
875.27,21,0,0,0,792,0,0,8,0,0
2339.37,10,5,0,0,689,0,1,10,0,0
1756.48,17,2,0,0,2238,0,0,2,0,0
1444.75,12,7,0,0,1939,0,0,3,1,0
2175.47,18,4,0,0,1117,1,0,9,0,1
1253.8,20,1,0,0,1032,1,0,5,0,0
2143.56,10,1,0,0,265,1,0,10,0,0
2328.81,16,2,0,0,127,0,0,9,0,0
1290.41,12,3,0,0,2037,0,0,4,0,0
879.72,19,6,0,0,868,0,0,2,0,0
5066.46,4,5,0,0,1763,0,0,8,0,1
680.0,17,4,0,0,2245,0,0,4,0,0
1621.84,14,5,0,0,97,0,1,10,0,1
1658.9,10,2,0,0,693,0,0,8,0,0
596.12,8,3,0,0,343,0,0,5,0,0
488.91,16,4,0,0,1324,4,0,7,0,0
769.81,8,6,0,0,2233,0,0,8,0,0
670.34,0,4,0,0,518,1,0,6,0,0
255.15,22,4,0,0,102,0,0,5,0,0
571.64,10,6,0,0,1672,1,0,9,0,0
1431.13,3,4,0,1,1375,0,0,10,1,0
3889.14,5,2,0,0,1833,0,0,9,0,0
1909.11,19,2,0,0,149,1,0,2,0,0
81.49,7,5,0,0,543,1,0,3,0,0
2082.46,6,4,0,0,2079,0,0,1,0,0
627.57,11,2,0,0,799,0,0,10,0,0
1725.17,0,1,0,0,396,1,0,8,0,0
1081.24,13,1,0,0,2362,0,0,1,0,0
904.44,0,2,0,1,1500,0,0,4,0,0
990.06,20,2,0,0,2451,0,0,9,1,0
1072.32,10,1,1,0,2464,1,0,10,1,0
4206.58,5,1,0,0,397,1,1,1,0,0
1075.28,10,2,0,1,1661,1,0,9,0,0
3247.16,4,4,0,0,1764,1,0,3,1,0
2807.1,7,4,0,0,1005,0,0,8,0,0
2136.76,3,6,0,0,2142,0,0,10,1,1
183.71,16,3,0,1,916,2,0,5,0,0
3349.72,23,3,0,0,122,0,0,4,0,0
693.74,11,4,0,0,2377,0,0,7,0,0
2243.35,2,1,0,0,1364,0,0,5,1,0
414.66,1,4,0,0,1469,1,0,4,0,0
335.27,19,2,1,0,1872,0,0,5,1,0
7914.0,8,3,0,1,2491,1,0,10,0,0
421.16,7,4,0,0,1614,1,0,1,0,0
3449.92,2,2,0,1,154,0,0,1,0,0
1234.5,15,4,0,0,973,0,0,6,1,0
720.45,1,3,1,0,2027,0,0,5,1,0
1048.56,21,1,1,0,1892,0,1,9,0,0
298.54,4,4,0,0,465,1,0,2,0,0
1081.65,1,3,1,0,446,1,0,5,1,0
371.39,16,3,1,0,852,1,0,6,0,0
738.45,8,7,0,0,2107,1,0,2,0,0
2766.39,16,2,0,0,1622,0,0,1,0,0
1414.02,0,2,0,0,1667,0,0,2,1,0
249.09,20,4,0,0,2017,0,0,2,0,0
2569.56,7,1,0,0,793,0,0,10,0,0
1088.87,18,0,0,0,1422,0,0,8,0,0
637.67,22,7,0,0,1251,0,0,9,0,0
2313.87,12,5,0,0,262,0,0,4,0,0
927.78,8,1,0,0,816,1,0,2,1,0
341.84,7,5,1,0,11,0,0,5,0,0
6959.13,16,3,0,0,798,0,0,1,0,0
1077.84,0,4,0,0,2180,0,0,5,1,0
1010.92,3,2,0,0,179,1,0,1,0,0
731.35,15,3,0,0,686,0,0,10,0,0
3568.73,0,4,0,0,1267,0,0,7,0,0
648.8,6,3,0,0,1678,0,0,5,0,0
233.93,15,6,0,0,233,0,0,10,0,1
556.31,6,2,0,0,1939,0,0,2,0,0
4133.07,22,3,0,0,1245,0,0,1,0,0
2520.3,23,3,0,0,1754,0,0,7,0,0
849.79,0,5,1,0,1439,0,0,4,0,0
4329.71,4,2,1,0,253,0,0,4,0,0
2316.8,21,4,0,0,842,1,0,4,0,0
840.01,0,2,0,0,1937,0,0,3,0,0
928.98,11,2,0,0,1235,0,0,7,0,0
1524.34,22,3,0,0,2232,0,0,5,0,0
477.28,14,1,0,0,1733,1,0,4,0,0
1101.58,7,3,0,0,1985,1,0,4,0,0
1492.96,0,2,0,0,1310,1,0,3,0,0
202.97,9,6,0,0,1275,0,0,7,0,0
907.49,13,4,0,0,1395,2,0,2,0,0
809.93,1,4,1,0,499,0,0,4,0,0
3065.81,12,5,0,0,1457,0,0,7,0,0
173.38,9,0,0,0,1562,0,0,10,0,0
748.82,7,4,0,0,21,0,0,4,0,0
677.39,23,2,0,0,1751,0,0,1,0,0
2864.28,21,3,0,0,954,0,0,7,1,1
1049.9,16,4,0,0,677,0,0,4,0,0
6608.39,14,1,0,0,1622,0,0,6,0,0
2126.46,11,1,1,0,1604,0,0,4,0,0
727.62,1,2,0,0,430,1,0,1,0,0
1393.62,7,2,0,0,2188,0,0,3,1,0
769.65,0,4,0,0,1960,0,0,7,0,0
2589.96,8,4,0,0,954,0,0,2,1,0
289.4,11,3,0,0,160,1,0,2,0,0
481.21,14,0,1,0,1330,1,0,5,0,0
1729.68,8,3,1,0,2472,0,0,3,0,0
3735.95,6,7,0,1,1793,1,0,6,1,1
121.27,17,1,0,0,824,0,0,4,1,0
4334.98,3,1,0,1,1854,1,0,7,0,0
953.24,3,3,0,0,2003,0,0,9,0,0
166.69,16,0,0,0,1611,0,0,2,0,0
54.5,14,1,0,0,533,0,0,7,1,0
237.61,20,0,0,0,1320,0,0,3,0,0
1075.24,17,4,0,0,605,0,0,8,0,0
1026.7,21,5,0,0,1757,1,0,7,0,0
2065.65,15,3,0,0,51,0,1,10,0,1
633.03,20,7,0,0,2116,2,0,8,0,0
362.11,4,0,0,0,1209,0,0,10,1,0
725.54,12,3,0,0,2243,0,0,4,0,0
1134.12,22,0,1,0,2392,1,0,10,0,1
1381.29,18,3,1,0,1073,0,0,8,0,0
498.12,9,5,0,0,2239,0,0,7,0,0
2701.19,22,0,0,0,1780,1,0,6,1,0
589.1,7,1,0,0,1183,0,0,4,0,0
459.57,0,4,0,1,1010,3,0,7,0,1
637.53,19,1,0,0,2221,0,0,4,0,0
3212.61,9,1,0,0,2152,1,0,5,1,1
960.26,0,1,0,0,2171,1,0,7,0,0
547.57,4,4,0,0,2077,0,0,6,0,0
2768.63,1,3,0,0,2353,0,0,7,0,0
9346.42,23,4,0,0,1883,0,0,3,0,0
1352.46,20,2,0,1,751,1,0,7,1,0
3766.28,22,1,0,0,1224,1,0,8,1,0
3090.47,4,1,1,0,51,0,0,9,0,0
598.46,19,2,0,0,1345,2,0,8,0,0
1126.23,13,1,1,1,566,0,0,6,0,1
304.13,7,3,0,0,2002,0,0,9,0,0
893.42,16,5,0,0,2218,0,0,8,0,0
586.29,22,6,0,0,121,0,0,8,0,0
732.98,11,0,0,0,1387,0,0,6,0,0
518.07,0,1,0,0,1419,1,0,3,0,0
822.96,20,1,0,0,1740,0,0,3,0,0
1867.27,4,4,0,0,600,1,0,3,0,0
973.12,4,2,0,0,26,0,1,10,1,1
169.97,14,2,0,0,1507,0,0,1,0,0
520.03,19,4,0,1,596,0,0,4,0,0
239.99,19,4,0,0,1191,1,0,7,0,0
1399.77,20,2,0,0,1880,0,0,2,1,0
1814.05,21,1,0,0,1595,0,0,7,0,0
1417.36,3,5,0,0,2248,1,0,6,0,0
498.99,7,3,0,1,236,0,0,6,1,1
1403.68,17,7,1,0,29,2,0,4,0,1
685.32,9,5,1,0,2316,0,0,5,0,0
351.35,17,4,0,0,2166,0,0,3,0,0
2302.91,10,1,0,0,1459,0,0,10,0,0
2485.0,10,5,0,0,2156,0,1,7,0,0
2832.44,0,2,0,1,736,0,0,10,0,0
596.84,14,0,0,0,2391,0,0,2,0,0
3566.58,20,0,0,0,1992,0,0,5,0,0
669.42,19,7,1,0,982,0,0,5,0,0
2108.01,8,6,0,0,1706,0,0,4,0,0
657.92,16,4,1,0,621,0,1,3,0,0
876.57,4,2,0,0,1120,0,0,4,1,0
97.4,15,3,0,0,1172,1,0,2,1,0
810.85,9,3,0,0,697,0,0,10,0,0
1201.22,22,6,0,0,705,0,0,9,0,0
727.74,17,2,0,0,800,1,0,1,0,0
6349.86,1,1,0,0,1675,0,0,6,0,0
342.93,20,0,0,0,128,0,0,6,1,0
624.17,17,3,0,0,1224,0,0,3,0,0
443.69,5,3,0,0,962,0,0,9,0,0
624.05,6,5,0,0,2106,1,0,1,0,0
3076.09,4,3,0,0,1281,0,0,2,0,0
4807.98,7,3,0,0,1609,0,0,7,0,1
544.14,22,2,0,0,2105,0,0,1,0,0
532.19,21,1,0,0,2185,0,0,1,0,0
344.77,13,2,1,0,1618,1,0,8,0,0
4049.24,8,6,0,0,1558,0,0,2,0,0
3364.4,8,2,0,0,544,0,0,9,0,0
986.36,22,1,0,0,290,0,0,5,1,0
271.48,4,2,0,0,2409,1,0,8,0,0
296.88,18,2,0,0,857,0,0,2,0,0
1300.66,23,4,0,0,554,0,0,9,0,0
1899.48,20,3,0,0,1141,0,1,3,0,0
138.91,17,2,0,0,1544,0,0,4,1,0
795.28,21,2,0,1,455,0,0,1,0,0
5531.95,5,3,0,0,821,0,1,1,0,0
882.26,23,2,0,0,1854,0,0,5,0,0
4864.11,2,4,0,0,305,0,0,5,0,0
2098.64,0,1,0,0,1131,0,0,10,0,0
370.82,4,2,0,0,2058,0,0,3,0,0
818.38,14,2,0,0,697,0,1,8,1,0
964.21,5,2,0,0,1473,0,0,8,1,0
423.05,15,1,0,0,2098,1,0,1,1,1
415.77,2,5,0,0,1312,0,0,1,0,0
4948.15,16,1,0,0,873,0,0,3,0,0
412.67,5,4,0,0,751,0,0,8,0,0
3224.19,12,3,0,0,2035,0,0,8,0,0
708.76,2,7,0,0,1947,0,0,8,0,0
1068.87,23,2,0,0,2051,0,1,5,0,0
1923.39,9,3,1,0,2132,0,0,9,0,0
602.71,14,3,0,0,1061,0,0,9,0,0
1935.08,11,1,0,0,2091,0,0,10,0,0
141.68,14,4,0,0,217,0,0,8,0,0
1702.25,10,4,0,0,181,1,0,1,0,0
92.9,1,3,0,0,1234,0,0,9,1,0
874.06,19,2,0,0,497,0,0,4,0,0
2576.64,15,1,0,0,2444,1,0,10,0,0
2043.25,6,3,0,0,310,0,0,6,0,0
299.34,2,2,0,0,667,0,0,4,0,0
340.47,21,3,0,0,761,0,0,5,0,0
550.78,7,5,0,1,750,0,0,1,1,0
1321.09,21,4,0,0,282,0,0,2,0,0
143.75,18,4,0,0,2338,1,0,8,0,0
1082.23,23,6,0,0,443,0,1,9,1,1
1497.32,15,4,0,0,1822,0,0,8,0,0
826.3,4,10,0,0,1766,0,0,9,0,0
1854.41,0,3,0,0,548,2,0,5,0,0
1371.59,5,3,0,0,1672,0,0,10,1,0
638.0,10,3,0,0,198,0,0,9,0,0
158.19,14,2,0,0,707,0,0,6,1,0
1253.15,21,2,0,0,2297,1,0,3,1,0
422.81,3,4,0,0,2060,2,0,1,1,0
615.02,15,1,0,0,1043,0,0,8,0,0
1770.69,2,1,0,0,1670,0,0,5,0,0
4524.82,11,4,0,0,380,0,0,5,1,0
1055.68,1,2,0,0,1079,0,1,1,0,0
1908.48,8,4,0,0,87,0,0,5,0,0
258.66,14,5,0,0,55,2,1,8,0,1
1401.82,17,4,0,0,2388,0,0,8,1,0
1032.87,19,4,0,0,1640,1,0,6,1,0
3748.94,12,5,0,0,361,0,0,6,0,0
638.77,6,8,0,0,1957,0,1,6,0,0
861.23,21,1,0,0,1249,0,0,1,0,0
3161.54,22,5,0,0,560,0,0,6,0,0
1000.21,23,2,1,0,2367,0,0,2,0,0
361.82,19,1,0,0,298,0,1,10,0,0
14067.65,18,7,0,0,1801,1,0,2,0,0
372.94,1,2,0,0,788,1,0,10,0,0
1027.93,13,0,0,1,2244,0,1,9,1,1
1551.05,9,3,1,0,1755,1,0,6,0,0
1433.13,6,3,0,0,1735,0,0,2,0,0
907.1,1,2,0,0,2406,0,0,3,0,0
911.63,5,4,0,0,430,0,0,2,0,0
867.03,21,3,1,0,981,1,0,3,0,0
359.27,21,5,0,1,1054,0,0,1,0,0
9416.5,17,1,0,0,2075,0,0,5,0,0
880.08,2,2,0,0,1607,0,0,2,1,0
1992.07,16,4,0,0,1902,1,0,3,0,0
784.74,3,5,0,0,1006,0,0,7,0,0
769.11,16,4,0,1,2217,0,0,7,1,0
695.45,0,2,1,0,225,1,0,9,0,1
232.79,6,2,0,0,1658,1,1,3,0,0
933.91,2,2,0,0,2304,0,0,5,0,0
729.96,22,9,0,0,2366,2,0,2,0,1
3538.73,13,3,0,0,216,1,0,6,0,0
331.39,22,4,0,0,2293,0,0,8,0,0
615.76,0,6,0,1,1890,0,1,7,0,1
446.55,17,1,0,0,85,0,0,8,0,0
4640.28,11,5,0,0,2263,2,0,9,0,0
459.71,11,4,0,1,1292,1,0,10,0,0
1924.27,20,6,0,0,1006,0,0,6,0,0
2893.32,1,2,0,0,820,2,0,5,0,0
947.55,22,2,0,0,143,0,0,4,0,0
276.77,0,3,0,1,2116,0,0,1,1,1
280.3,8,3,1,0,2492,1,0,5,1,0
2590.91,3,4,0,0,1023,0,0,9,1,1
310.88,12,5,0,0,2430,0,0,8,0,0
1622.99,14,4,0,0,2283,1,0,4,0,0
1229.48,15,4,0,1,1065,1,0,4,0,0
1599.0,19,2,0,0,2269,0,0,6,0,0
1757.39,18,4,0,0,1967,0,0,6,0,0
431.1,22,5,0,0,911,1,0,3,0,0
413.42,10,6,0,0,344,0,0,9,0,0
2241.56,4,4,0,0,1437,0,0,7,1,0
584.44,3,1,0,0,1269,0,0,8,0,0
70.1,6,5,0,0,70,0,0,10,0,0
2098.03,14,0,0,0,655,0,0,8,0,0
389.06,1,3,0,1,893,0,0,6,1,0
1749.59,22,3,0,0,2219,1,0,2,1,0
4415.26,23,3,0,0,1645,1,0,9,1,0
1115.17,3,3,0,0,359,0,1,1,0,0
2968.36,18,5,0,0,529,0,0,4,0,0
1278.95,14,1,0,0,2467,0,0,5,0,0
5363.81,11,1,0,0,397,0,0,9,1,0
379.14,17,6,0,0,2258,1,0,7,0,0
1087.66,13,0,0,0,2385,0,0,3,0,0
2149.87,7,3,0,0,1709,0,0,9,0,0
906.5,13,1,0,1,1459,0,0,3,1,0
3471.07,3,5,0,0,2365,0,0,3,0,0
711.92,6,8,0,1,1412,0,1,5,0,0
8685.16,23,6,0,0,1329,0,0,6,0,0
9156.3,4,4,0,0,2051,1,0,7,0,0
1454.0,14,4,0,0,510,1,0,9,0,0
1905.69,7,6,0,0,1393,0,0,5,0,0
3610.75,11,3,0,0,2094,1,0,4,0,0
334.56,5,3,0,0,1615,0,0,3,0,0
295.3,13,2,0,0,816,1,0,4,0,0
3852.27,13,4,0,0,768,1,0,6,0,0
1442.29,14,1,0,1,1500,0,0,5,0,0
874.36,7,2,1,1,944,1,0,5,1,1
1108.9,13,4,0,0,879,1,0,5,0,0
100.88,17,2,0,0,684,1,0,5,0,0
906.36,17,2,0,0,230,0,0,4,1,0
516.44,13,2,0,0,1497,2,0,9,0,0
2746.47,7,1,0,0,726,0,1,5,1,0
2966.18,12,8,0,0,1489,1,0,10,1,0
1952.14,12,1,0,0,2315,0,0,7,1,0
1628.57,22,5,0,0,414,0,0,1,0,0
245.34,9,2,0,0,2117,1,1,10,0,0
1979.59,7,3,0,0,1910,0,0,9,1,0
2057.81,17,4,0,0,592,0,0,1,1,0
3809.27,15,2,0,0,485,1,0,6,0,1
9119.86,10,4,1,1,990,0,0,10,1,1
201.83,0,3,0,0,1713,0,0,3,0,0
743.61,16,3,0,1,1489,0,0,1,0,0
522.03,17,2,0,1,158,1,0,10,0,0
1303.11,22,2,0,0,354,0,1,8,0,0
1111.43,12,5,0,0,2296,1,0,3,0,0
867.76,12,5,1,0,559,0,0,7,0,0
3064.39,5,3,0,0,151,2,0,6,0,0
364.52,11,4,0,0,658,1,0,8,0,0
387.18,0,0,0,0,161,0,0,10,0,0
393.77,12,5,0,0,1368,0,0,4,0,0
764.84,16,5,0,0,216,0,0,1,0,0
320.99,18,3,0,0,15,0,0,3,0,0
1044.64,15,1,0,0,1135,0,0,8,0,0
929.37,19,2,1,0,1639,0,0,8,0,1
499.44,15,3,0,0,1377,0,0,4,0,0
2627.44,18,3,0,0,549,0,0,1,0,0
1033.29,10,3,0,0,379,0,0,4,0,0
3173.68,14,4,0,0,1326,0,0,1,0,0
902.3,15,3,0,0,1877,0,0,5,0,0
1070.42,13,8,0,0,1166,0,1,10,1,1
624.67,13,2,0,0,309,0,0,6,0,0
1088.93,18,3,0,0,1021,0,0,7,1,0
2235.52,5,3,0,0,2344,0,0,3,0,0
726.81,7,0,0,0,2391,0,0,2,0,0
1841.64,12,2,0,0,1086,1,0,7,0,0
486.51,15,3,0,0,2384,2,1,5,0,0
2342.68,12,1,0,0,1358,1,0,4,1,0
614.06,4,4,1,0,1848,0,0,1,0,0
2570.05,19,3,0,0,1914,0,0,3,1,0
1165.58,13,1,0,0,1300,0,0,5,0,0
5018.84,10,2,0,0,2075,0,0,6,0,0
345.82,21,2,0,0,2418,0,1,8,0,0
250.59,10,3,0,1,1992,0,0,4,0,0
592.16,3,4,0,0,1170,0,0,1,0,0
274.62,23,0,0,0,841,1,0,4,0,0
275.14,9,3,0,1,469,0,0,6,1,0
2041.73,21,2,0,0,1862,1,0,5,0,0
1092.06,12,4,0,0,1696,0,0,1,0,0
678.79,5,2,0,0,218,0,0,10,1,0
744.74,9,4,0,0,1697,0,0,2,0,0
603.51,21,3,0,0,1571,0,1,8,1,0
5712.26,22,2,0,0,1493,1,0,5,0,0
525.58,3,4,0,0,891,0,0,2,0,0
292.32,23,6,0,0,1928,0,0,2,0,0
2430.98,20,3,0,0,43,0,1,5,0,1
883.81,15,4,1,0,545,0,0,7,0,0
8423.44,4,6,1,0,1978,0,0,7,0,0
647.94,14,3,0,0,1903,0,0,3,0,0
2555.45,10,1,0,0,2198,0,0,6,0,0
3236.34,2,5,0,0,2487,0,0,4,0,0
651.1,23,3,0,0,318,1,0,5,0,0
521.69,14,1,0,0,451,1,0,8,0,0
2301.62,2,4,0,0,413,0,0,10,0,0
1948.65,8,2,0,0,1277,1,1,6,0,0
267.57,20,3,0,0,322,0,0,10,0,0
354.8,10,2,1,1,2393,0,0,8,0,1
86.8,11,4,0,1,2499,0,0,4,0,0
1989.0,3,3,1,0,2131,0,0,3,1,0
844.02,2,0,0,0,140,0,0,6,0,0
932.48,23,0,0,0,1152,1,0,5,0,0
202.06,22,3,0,0,1738,0,0,5,0,0
365.73,2,1,0,0,827,1,0,3,0,0
679.96,13,0,0,0,100,2,1,6,0,0
559.85,16,3,0,0,847,0,0,9,0,0
1233.78,21,4,0,0,1623,0,2,1,0,0
1965.43,13,3,1,0,935,0,0,8,0,0
10610.64,20,5,0,0,2424,1,0,2,0,0
1074.9,2,5,0,0,2007,0,0,3,1,0
3345.6,0,4,0,0,432,1,0,5,1,1
478.2,11,3,1,0,2179,0,0,6,0,0
205.42,6,5,0,0,1725,0,0,8,0,0
771.01,18,3,0,0,791,0,0,5,1,0
221.91,8,4,0,0,1755,1,0,2,0,0
1112.84,9,2,0,0,2377,0,1,6,0,0
502.47,12,7,0,0,818,0,0,5,1,0
155.36,23,4,0,0,710,2,0,8,0,0
6223.11,1,4,0,0,2208,1,0,7,1,0
640.62,13,7,0,0,1445,3,0,5,0,0
213.23,9,2,0,0,1742,1,0,5,0,0
2692.36,0,4,0,0,2488,1,0,3,0,0
529.21,19,2,0,0,535,0,1,10,0,0
3262.23,21,3,0,0,1928,3,0,8,0,0
526.69,4,1,0,0,356,0,0,10,0,1
638.49,18,1,1,0,551,0,0,3,1,0
1548.17,16,2,0,0,2107,0,0,9,1,1
1984.69,16,3,0,0,902,0,0,8,0,0
2364.88,11,4,0,1,88,0,0,3,0,0
1002.51,7,1,0,1,875,0,0,6,0,0
1860.53,1,1,0,0,2171,0,0,9,0,0
2311.45,0,1,0,0,1079,1,0,1,0,0
1340.19,4,2,1,0,233,0,0,3,0,0
950.84,12,3,0,0,1731,0,1,10,1,0
258.45,3,2,0,0,2179,0,0,1,0,0
1996.55,16,4,0,0,1528,2,0,7,0,0
1143.87,14,2,1,0,637,0,0,8,0,0
725.15,8,4,0,0,1068,1,0,7,0,0
3935.39,2,3,0,0,2018,1,0,8,0,0
263.0,12,7,0,0,436,0,0,4,1,0
5676.19,19,3,1,0,2498,0,0,2,0,0
1072.48,9,1,1,0,692,0,0,9,0,0
1506.46,19,3,1,0,703,0,0,10,0,0
738.75,6,3,0,0,2241,0,0,1,0,0
207.04,1,3,0,0,2115,0,0,5,0,0
953.74,15,4,0,0,844,0,1,2,0,0
1532.64,21,4,0,0,1968,0,0,5,0,0
2156.46,21,4,0,1,7,0,0,4,0,0
899.61,23,5,0,0,1968,0,0,2,0,0
122.42,2,2,0,0,2214,0,0,9,1,0
234.71,1,5,0,0,818,0,0,2,0,0
8535.76,13,5,0,0,631,2,0,4,0,0
367.77,22,2,0,0,2067,1,0,9,0,0
4569.0,23,2,0,0,1622,0,0,1,0,0
430.92,6,0,1,0,2364,0,0,2,0,0
913.74,9,2,0,1,66,0,0,5,0,1
2049.21,15,2,0,0,32,0,0,5,0,0
482.9,21,2,1,0,89,0,0,1,0,0
5389.54,4,3,0,0,2017,0,0,10,0,0
1182.9,23,3,0,0,243,0,0,1,0,0
1738.63,19,1,0,0,214,0,0,9,1,1
839.15,1,3,0,0,690,1,1,6,0,0
2119.04,20,2,0,0,516,1,0,7,1,0
5317.68,15,4,0,0,1709,0,0,3,0,0
961.71,23,2,0,0,953,0,0,7,0,0
6183.95,5,5,0,0,629,0,0,5,0,1
594.91,23,2,0,0,2468,0,0,4,0,0
2354.53,1,4,0,0,1717,1,0,5,0,0
1788.47,1,2,0,0,1814,0,0,9,0,0
376.69,10,1,0,0,1720,0,0,6,1,0
1358.06,15,4,0,0,2476,1,0,6,0,0
1104.74,4,5,0,0,2157,2,0,3,0,0
467.22,6,2,1,0,975,0,0,1,0,0
1568.7,9,2,0,0,1048,0,0,6,0,0
1269.39,3,1,0,0,1808,0,0,2,0,0
1019.85,4,3,0,0,1330,1,0,1,0,0
1023.95,3,2,0,0,1673,0,0,8,0,0
1002.24,22,2,1,0,1709,0,0,4,0,0
759.23,22,5,0,0,13,0,0,5,0,0
1261.22,15,2,0,0,999,1,0,9,0,0
575.99,16,3,0,0,234,0,0,10,0,0
15627.84,3,4,0,0,1651,0,0,1,0,0
267.91,1,5,1,0,33,1,0,9,0,1
611.1,9,5,0,0,2235,0,0,1,0,0
661.33,23,2,0,0,1175,1,0,6,0,0
8437.94,11,4,0,0,1135,0,1,4,1,0
292.91,19,4,0,0,1442,0,0,10,0,0
1678.95,8,4,0,0,1118,2,0,3,0,0
1405.85,7,4,0,0,105,0,0,1,1,0
1530.89,19,0,1,0,2002,1,0,9,1,1
3775.71,11,1,0,0,620,0,0,5,0,0
3699.04,17,3,0,0,1560,1,1,3,1,0
698.58,17,2,0,0,1963,0,0,2,0,0
1331.44,17,1,0,0,264,1,1,7,1,0
170.02,16,3,0,0,306,1,0,3,0,0
1210.87,19,5,0,0,32,0,0,9,0,0
495.72,11,3,0,0,1715,1,0,5,0,0
910.16,7,2,0,0,2429,2,0,9,0,0
203.29,12,2,0,0,1133,2,0,9,0,0
1643.97,7,5,0,0,1908,0,0,7,0,0
201.03,1,2,0,0,201,0,0,6,0,0
1271.92,8,4,0,0,663,0,0,3,1,0
321.66,12,5,0,0,1838,0,0,3,0,0
468.89,12,1,0,0,2348,1,0,9,0,0
3479.81,8,3,0,0,2118,1,0,10,0,0
1974.2,17,5,0,0,284,0,0,5,0,0
3460.62,6,2,0,0,1332,1,0,6,0,0
5217.26,15,1,0,0,1842,0,0,2,0,0
506.32,6,7,0,0,1362,2,0,4,0,0
4909.72,23,3,0,0,692,1,0,1,0,0
253.28,15,4,0,0,139,0,0,7,0,1
2312.54,13,3,0,0,1597,0,0,1,0,0
669.59,10,6,0,0,2380,0,0,1,1,0
432.55,18,2,0,0,247,0,0,10,0,0
2027.32,10,2,0,0,2195,0,0,5,0,0
2821.3,19,2,0,0,2011,0,0,4,0,0
2738.78,3,2,0,0,2483,0,0,3,0,0
1359.48,19,3,0,0,843,2,0,5,1,0
1251.32,23,3,0,0,1847,1,0,8,1,0
1857.28,5,0,1,0,582,1,0,7,1,1
1485.88,5,5,0,1,1555,0,1,7,0,0
1884.38,22,3,0,0,258,0,0,9,0,0
1344.8,9,4,1,0,2183,0,0,9,1,1
2547.29,16,3,0,0,1202,0,0,8,0,0
215.46,4,3,0,0,2343,0,0,2,0,0
961.72,10,4,0,0,2123,1,0,7,1,0
274.83,16,3,0,0,2299,0,0,2,0,0
1446.21,21,0,0,1,1754,0,0,6,0,0
5664.25,10,1,0,0,91,0,1,3,0,0
682.6,1,1,0,0,2434,2,0,7,1,0
1245.45,9,3,0,0,1932,0,0,9,0,0
2336.68,15,4,0,0,734,0,0,9,0,0
138.69,21,5,0,0,927,0,0,10,1,0
650.6,20,0,0,1,1957,0,0,6,1,0
1578.95,18,3,0,0,2033,0,1,8,0,0
60.52,3,0,0,0,369,0,0,8,0,0
412.89,12,1,0,0,151,1,0,5,0,0
3297.3,13,2,0,0,1678,0,0,9,0,0
2989.91,11,3,0,0,1306,0,0,6,0,0
1594.5,22,3,0,0,1551,0,0,5,1,0
2649.69,23,1,0,0,2450,0,0,3,0,0
1359.82,5,3,0,0,1645,1,1,5,1,1
1911.02,22,2,0,0,1505,0,0,7,0,0
799.79,20,2,1,0,266,0,0,2,0,0
1231.28,16,1,0,0,139,1,0,10,0,0
582.68,9,3,0,0,2363,1,0,5,1,0
3879.58,18,2,0,1,2400,0,0,2,0,0
5021.88,14,1,0,0,2118,2,0,5,0,0
4358.63,21,3,1,0,705,1,0,3,0,0
729.16,17,2,0,0,2108,0,0,9,0,0
422.52,23,1,1,0,2322,1,0,5,0,0
3932.28,10,1,0,0,95,2,0,3,0,0
1889.2,1,4,0,0,573,0,0,9,0,0
1523.22,11,0,0,0,525,0,0,4,0,0
581.94,23,5,0,0,1225,0,0,6,0,0
1678.51,15,2,1,0,1920,0,0,2,0,0
370.45,16,2,1,0,320,0,0,7,0,0
2067.43,15,2,0,0,847,0,0,2,0,0
4354.16,14,6,0,0,2201,0,0,7,0,0
5602.93,1,5,1,0,473,0,0,3,0,1
2227.25,9,3,0,0,1659,0,0,1,0,0
275.33,2,3,0,0,982,1,1,9,0,1
1335.86,8,2,0,0,275,0,0,7,0,0
9317.8,17,2,0,0,750,0,0,1,0,0
460.07,19,5,0,0,2112,0,0,10,0,0
1033.62,5,4,1,0,1327,0,0,7,1,0
4507.62,15,3,0,0,2480,0,0,1,0,0
2032.73,5,3,0,0,1190,0,0,6,0,0
13097.23,4,6,0,0,2381,0,0,5,0,0
526.96,23,6,0,0,69,0,1,1,0,0
407.58,14,1,0,0,107,1,0,9,1,0
3729.86,4,2,0,0,2340,0,0,4,0,0
331.66,3,1,0,0,1984,0,0,4,0,0
900.75,1,4,1,0,2493,1,0,5,1,0
1026.96,11,8,0,0,2312,0,0,1,0,0
3090.19,2,2,0,0,1640,1,0,6,0,0
2026.91,14,4,0,0,2486,0,0,5,0,0
1732.06,10,2,0,0,2,0,0,5,0,0
733.31,15,3,0,0,2357,0,0,1,0,0
3695.99,4,1,0,0,1545,0,0,1,0,0
61440.47,3,4,0,0,2190,1,0,7,0,0
2189.18,2,6,0,0,1513,0,0,2,0,0
1211.57,2,5,1,0,2260,0,0,8,0,1
299.51,1,3,0,0,1565,1,0,4,0,0
579.7,6,5,0,0,538,0,1,5,0,0
885.62,19,4,0,0,1352,1,0,10,0,0
642.52,14,4,0,0,2389,0,0,5,0,0
1079.14,6,1,0,0,1640,0,0,6,0,0
6489.99,22,3,0,0,1923,2,0,6,0,1
3816.8,18,2,0,0,1504,0,0,7,0,0
935.58,18,3,1,0,765,0,0,6,0,0
327.58,21,2,0,0,1009,0,0,7,0,0
4177.08,17,3,0,0,1140,0,0,8,0,0
1044.14,22,6,0,0,1865,1,0,1,0,0
195.1,7,4,0,0,797,2,0,7,1,0
2235.97,20,1,1,0,1125,0,0,6,1,0
3058.52,2,2,0,0,1730,0,0,8,0,0
96.94,7,2,0,0,259,0,0,3,0,0
480.8,21,5,1,1,315,0,0,6,0,1
981.96,3,3,0,0,245,0,0,1,1,0
2285.89,12,2,0,0,772,0,0,3,1,0
654.75,8,2,0,0,1573,0,0,8,0,0
477.16,2,2,0,0,1808,2,0,3,0,0
2269.17,5,5,0,0,1215,0,1,8,0,0
686.55,12,2,1,0,1973,1,0,8,0,1
1885.7,15,2,0,0,300,2,0,7,0,0
360.86,16,8,0,0,1246,0,1,9,0,0
283.63,3,4,0,1,2144,1,0,4,0,1
2333.84,7,2,0,0,1530,0,0,3,0,0
1411.66,2,5,0,0,79,0,0,5,0,0
2758.54,0,6,0,0,1869,0,0,2,0,0
643.81,9,1,0,0,1959,0,0,9,0,0
495.17,14,4,0,0,1185,1,0,5,0,0
4275.77,8,2,0,1,1670,0,0,4,0,0
239.14,0,1,0,0,1555,0,0,9,0,0
3833.22,5,3,0,0,690,0,0,2,0,0
4107.23,10,2,0,0,323,0,0,8,0,0
2591.75,8,6,0,0,1690,0,0,8,0,0
551.25,19,2,1,0,2387,0,0,2,0,0
484.67,14,0,0,0,840,0,0,1,0,0
888.86,23,3,0,0,537,0,0,2,0,0
300.35,4,1,0,0,146,2,0,4,0,1
419.18,8,7,0,0,1127,0,0,2,0,0
2089.61,2,2,0,0,132,0,1,1,0,0
2099.28,0,3,0,0,2272,0,0,8,0,0
383.92,22,1,0,0,1934,0,0,3,1,0
2156.24,11,2,0,0,954,0,0,5,0,0
1727.28,15,0,0,0,1077,0,0,1,0,0
4963.6,6,6,0,0,529,0,0,10,0,0
1937.47,1,5,1,1,1847,0,0,1,0,0
3160.8,21,1,0,0,2118,0,0,4,0,0
1767.07,15,0,1,0,2001,0,0,10,0,0
2921.72,17,2,0,0,290,0,0,9,0,0
302.74,12,5,0,0,1213,1,0,8,0,0
970.93,9,1,0,0,2048,0,0,9,0,0
1054.71,10,2,0,0,647,0,0,8,0,0
859.41,18,4,0,0,338,0,0,10,0,0
1709.38,5,1,0,0,1597,0,0,5,0,0
2068.09,8,5,1,0,69,0,0,6,1,0
1623.37,7,5,0,0,712,1,0,2,0,0
918.79,12,0,0,0,522,0,0,1,0,0
525.46,23,3,0,0,1131,1,0,1,0,0
3285.21,22,3,0,0,817,1,0,10,1,0
1555.78,13,2,0,0,1844,0,1,6,0,0
395.99,4,3,0,0,1013,0,0,4,0,0
903.53,22,2,0,0,1057,2,0,10,0,0
191.85,7,2,0,1,2001,0,1,10,0,1
1136.12,8,3,0,0,496,0,0,8,0,1
899.3,21,5,0,1,2181,0,0,6,1,1
617.41,6,1,0,0,1658,0,0,4,0,0
5348.65,11,3,0,0,885,2,0,4,0,0
345.1,22,6,0,0,850,0,0,10,0,1
2222.51,7,4,0,0,419,0,0,1,0,0
9766.45,14,2,1,0,127,0,0,3,0,0
3220.42,0,3,0,0,980,1,0,8,0,1
1062.59,23,2,0,0,1146,0,0,9,1,0
352.81,10,2,0,0,1933,0,0,7,0,0
280.88,16,3,0,0,1432,1,0,8,0,1
726.65,12,0,0,0,2399,0,0,10,0,0
551.7,10,3,0,0,56,0,0,1,0,0
534.03,9,5,0,0,748,0,0,5,0,1
791.31,0,0,1,0,1829,1,0,9,0,0
990.05,6,0,0,0,83,0,0,9,0,0
1781.5,9,2,0,0,393,1,0,10,0,0
318.05,8,2,0,0,2196,0,0,8,1,0
554.33,6,5,0,0,2226,0,0,9,0,0
934.8,15,4,1,0,829,0,0,6,0,0
901.91,19,1,0,0,401,0,0,5,0,0
6880.34,21,2,0,0,1607,1,0,8,0,0
1383.33,23,3,0,0,896,0,0,5,0,0
218.42,15,1,0,0,355,0,0,5,1,0
1666.0,9,3,0,0,1109,0,0,8,0,0
1892.52,15,2,0,0,1136,1,0,9,0,0
967.65,3,3,0,0,1134,1,0,1,0,0
325.9,19,6,0,0,1075,0,0,10,0,0
6361.72,12,4,0,0,1787,0,0,2,0,0
376.2,3,4,0,0,1513,0,0,1,0,0
2123.4,10,3,0,0,2190,0,0,10,1,0
1339.5,7,2,0,0,1543,0,0,5,1,0
1999.82,8,6,0,0,2246,0,0,2,1,0
6044.22,1,3,0,0,1144,0,0,2,0,0
1922.99,0,0,0,0,949,0,0,1,1,0
627.24,8,8,0,0,2441,0,0,3,0,0
3314.27,7,4,1,0,5,1,0,10,0,0
583.42,23,0,0,0,2424,0,0,7,0,0
1291.5,6,1,0,0,864,0,0,9,0,0
300.94,7,5,0,0,521,0,0,5,0,0
390.22,21,6,0,0,1951,0,0,9,0,0
1154.46,20,1,0,0,1117,0,0,2,0,0
1584.6,1,4,1,0,2293,0,0,4,0,1
199.86,2,0,0,0,1127,0,0,8,0,0
1803.14,2,2,0,0,2463,0,0,4,1,0
483.27,11,4,0,0,1033,0,0,10,0,0
3942.96,13,2,0,0,452,0,0,8,0,0
771.27,8,3,1,0,85,0,0,1,0,0
356.52,0,5,0,0,915,0,0,6,0,0
1182.99,4,2,0,0,1504,1,0,4,1,0
438.68,14,3,1,0,1641,1,0,5,0,1
3900.83,8,3,0,1,695,0,0,2,0,0
1097.21,2,2,0,0,1307,0,0,5,0,0
942.3,15,3,0,0,29,0,0,4,1,0
1981.88,14,7,0,0,1680,0,0,10,1,1
401.44,11,0,1,0,1698,0,0,7,0,0
302.13,22,5,0,0,52,0,0,10,0,0
1649.7,20,2,0,0,2163,0,0,2,0,0
365.16,0,1,0,1,1863,2,0,2,1,0
365.03,21,5,1,0,84,0,0,1,0,0
2531.98,1,7,1,0,186,0,0,2,0,1
1853.93,11,4,0,0,2068,0,0,9,0,0
312.99,21,5,0,0,2102,0,0,6,1,1
590.44,23,3,0,0,1530,1,1,9,0,1
444.2,0,2,0,0,792,2,0,2,0,0
6478.99,1,2,0,0,834,3,0,4,0,1
2713.54,5,5,0,0,1204,0,0,7,0,0
719.93,6,3,0,0,1471,0,0,10,0,0
1951.19,6,6,1,0,1732,1,0,1,1,0
282.54,10,1,0,0,1275,0,0,1,0,0
559.67,7,2,0,0,1122,1,0,2,0,1
1217.88,13,4,1,1,1613,0,0,5,1,1
1723.7,20,1,0,0,2225,0,0,5,1,0
994.8,13,4,0,0,1297,0,0,5,0,0
1405.31,7,6,0,0,1241,0,0,4,1,0
1185.99,13,4,0,0,1080,0,0,4,0,0
931.15,14,0,0,0,2265,0,0,2,0,0
815.54,21,2,0,0,60,0,0,3,1,0
716.04,22,4,0,0,272,0,0,2,1,0
1382.9,6,2,0,0,885,0,0,3,0,0
1653.77,22,4,0,0,1059,0,0,2,0,0
1337.23,19,1,0,1,806,0,0,3,0,0
337.45,3,4,0,0,1022,0,0,8,0,0
403.86,13,4,1,0,501,0,0,8,0,0
1634.16,3,2,0,0,2262,1,0,8,0,0
4777.5,11,4,0,0,717,0,1,9,0,0
1277.19,1,2,0,0,412,1,0,10,1,0
726.57,7,3,0,0,2421,1,0,10,0,0
1372.43,14,2,0,0,2443,0,0,8,0,0
351.84,7,2,0,0,550,2,0,6,0,0
4060.02,0,1,0,0,675,2,1,5,0,0
1321.59,9,1,0,0,247,0,0,5,1,0
561.46,12,4,0,0,848,0,0,5,0,0
928.16,18,3,0,1,2166,0,0,10,0,0
647.4,3,5,0,1,535,0,0,4,0,0
4071.11,11,5,0,0,1286,0,0,8,0,0
895.84,4,2,0,0,1724,0,0,7,0,0
1280.96,3,2,0,0,2300,0,1,5,0,0
1946.38,2,1,0,0,460,0,0,1,0,0
522.82,18,5,0,0,93,0,0,4,0,0
1331.03,22,4,0,0,1571,0,0,10,0,0
1442.94,15,1,0,0,1367,0,0,1,0,0
231.81,9,7,0,0,176,0,0,8,0,0
1411.91,22,4,0,0,769,1,0,3,0,0
1047.58,11,3,0,0,1011,0,1,5,0,0
1248.83,12,5,1,0,895,0,0,10,0,0
1136.41,15,1,0,0,1976,2,1,4,0,0
1421.08,15,2,0,0,1855,1,0,8,0,0
4176.98,11,7,0,0,1359,0,0,9,0,0
337.14,11,3,1,1,1857,0,0,5,0,0
778.87,7,3,0,0,1335,0,0,5,0,0
2135.85,16,2,0,0,1186,1,0,7,0,0
1773.88,16,1,0,1,1532,0,0,4,1,0
1736.12,10,3,0,0,88,0,0,2,0,0
17215.7,17,2,0,0,16,0,0,6,0,0
2026.64,3,2,0,0,2336,0,0,10,1,0
3397.98,9,1,0,0,1567,0,0,4,0,0
806.68,23,3,0,0,21,0,0,6,0,0
406.3,17,3,0,0,2304,0,0,9,0,0
800.86,17,5,0,0,1319,0,0,8,0,0
2234.92,20,2,1,0,1050,0,0,1,0,0
1647.19,14,4,0,0,504,0,0,7,0,0
1641.31,15,1,0,0,1769,2,0,7,0,0
885.06,11,5,1,0,1238,0,0,7,1,1
754.61,19,1,0,0,2385,0,0,7,1,0
916.12,17,5,0,0,196,0,0,6,0,0
2263.07,12,4,0,0,1865,0,0,6,1,1
2542.05,3,1,0,0,57,0,0,2,0,0
400.92,19,2,0,0,1525,1,0,4,0,0
2350.4,7,3,0,0,2114,1,0,6,0,0
572.08,8,4,0,0,1451,0,0,5,0,0
1752.72,2,3,0,0,545,1,0,10,0,0
905.09,5,2,0,0,1329,0,0,5,0,0
5248.98,3,5,0,0,638,0,0,1,0,0
721.93,2,2,0,0,1250,0,0,2,1,0
1311.09,0,3,0,0,48,0,0,4,0,0
2011.41,7,2,0,0,2343,1,1,6,0,0
457.62,18,1,0,0,2025,2,0,9,1,0
1019.58,20,2,0,0,54,0,0,3,0,0
840.01,5,1,0,0,1408,0,0,7,0,0
656.02,10,2,0,0,1305,0,0,10,1,0
706.47,19,1,1,0,2024,1,0,2,1,0
3334.29,16,2,0,0,856,0,0,7,0,0
602.72,21,2,0,0,1106,0,0,2,1,0
1932.19,10,2,1,0,875,1,0,10,1,1
1502.06,4,3,0,0,1602,2,0,5,0,0
271.24,3,3,0,0,923,0,0,3,0,0
1843.04,17,3,1,0,1319,0,0,3,0,0
266.8,0,4,0,0,159,1,0,2,0,0
2055.12,11,2,0,0,1941,1,0,2,0,0
660.38,8,2,0,0,350,0,1,7,0,0
1105.85,22,3,0,0,854,0,0,9,0,0
300.58,23,3,0,0,1691,0,0,3,0,0
1239.4,11,4,1,0,291,0,0,8,0,0
2770.96,13,3,0,0,1621,1,1,3,0,0
489.33,9,3,0,0,585,0,0,5,0,0
597.55,18,3,0,0,2403,0,0,7,0,0
1727.83,7,7,0,0,1392,0,0,2,0,0
1771.56,17,1,0,0,1379,0,0,3,0,1
96.14,21,4,0,0,694,0,1,1,0,0
8228.89,4,5,0,0,2126,1,0,9,0,0
1860.41,5,0,0,0,416,0,0,2,1,0
2201.55,9,2,1,0,1659,0,0,8,0,0
950.0,19,2,0,0,2216,0,0,4,1,0
171.51,15,2,1,0,1291,0,0,4,0,1
2153.23,4,7,0,0,806,1,0,3,0,0
623.17,8,2,1,0,1983,0,0,4,0,0
1889.24,15,6,0,0,89,0,0,3,0,0
881.12,23,1,0,0,495,0,0,1,1,0
1391.36,10,3,1,0,1438,0,0,3,1,1
505.22,1,1,0,1,714,1,0,2,0,0
2602.92,2,3,0,1,1858,0,0,1,0,0
334.16,0,0,0,1,287,1,0,3,0,0
10358.57,3,1,0,0,427,1,0,1,0,0
10279.93,9,2,0,0,1910,0,0,9,0,0
5612.21,6,5,0,0,1246,1,0,10,0,1
3926.4,7,3,0,0,1956,0,0,3,0,0
1007.73,18,5,1,0,264,0,0,2,1,1
3521.16,11,1,0,0,1234,2,0,2,0,0
996.08,17,3,0,0,485,0,0,2,1,0
231.94,13,6,0,0,2054,0,0,8,0,0
4930.53,4,3,0,0,646,0,0,2,0,0
3390.81,22,0,0,0,1750,0,0,5,0,0
1062.8,11,3,0,1,1989,0,0,4,0,0
322.09,20,2,1,0,1747,0,0,6,0,0
610.21,2,3,0,0,453,0,0,10,0,0
177.48,20,1,0,0,381,1,1,9,1,0
2821.66,17,2,1,1,232,0,0,7,0,1
220.68,5,1,1,0,2097,0,0,10,0,0
1460.93,19,3,0,0,926,0,0,10,0,0
471.68,17,5,0,0,476,0,0,10,0,0
263.3,21,5,1,0,2456,0,0,2,1,1
1391.8,5,4,0,0,614,0,0,10,0,0
785.41,21,6,0,1,1349,0,0,8,0,0
2535.61,18,6,0,0,1704,0,0,8,0,0
308.71,8,6,0,0,1318,1,0,1,0,0
514.24,8,4,0,0,1251,1,0,2,0,0
100.72,6,6,0,1,1985,1,0,6,0,0
123.43,11,2,0,0,179,1,0,7,0,0
6622.26,21,3,0,1,1176,0,0,8,0,0
8809.61,20,3,0,0,2339,0,0,10,1,0
1203.18,3,2,0,0,1801,0,0,2,0,0
481.15,3,4,0,0,1192,1,0,4,0,0
813.67,1,3,0,0,167,2,2,5,0,0
2626.94,14,5,0,0,1004,0,0,4,0,0
655.64,7,2,0,0,692,1,0,2,1,0
1390.8,18,4,0,0,611,0,0,6,0,0
1082.73,18,1,0,0,1064,0,0,5,0,0
620.91,4,1,0,0,557,0,0,1,0,0
647.95,16,5,0,0,831,0,0,2,0,0
1470.45,18,6,0,0,1203,0,0,3,0,0
412.86,23,5,1,0,83,0,0,8,0,0
1722.84,17,2,0,0,313,0,0,10,1,0
684.32,8,2,0,0,1236,1,0,1,0,0
1245.59,23,1,0,0,578,1,0,3,0,0
4376.32,6,1,0,0,663,1,0,2,0,1
926.87,19,4,0,0,791,1,0,10,0,0
2751.23,9,2,0,0,1118,0,0,1,0,0
182.72,22,1,0,0,175,0,0,6,1,0
685.15,18,5,0,1,2159,0,0,9,0,0
1127.42,14,1,0,0,635,0,0,7,0,0
7505.04,5,1,0,0,294,0,0,2,0,0
154.48,4,3,0,0,1912,0,0,4,0,0
996.04,22,6,0,0,1258,0,0,8,0,0
4706.45,19,4,0,0,1051,0,1,10,0,0
500.19,12,8,0,0,927,0,0,6,0,0
886.39,21,4,0,0,320,0,0,6,0,0
1528.04,18,3,0,0,765,0,0,1,1,0
1318.84,9,1,0,0,1975,0,0,7,0,0
5248.88,19,1,0,0,984,0,0,7,0,0
1717.24,19,5,0,0,1670,1,0,1,1,0
4137.19,11,2,0,0,300,1,0,10,0,0
765.09,0,3,0,0,754,0,1,4,0,0
522.94,17,4,0,0,1424,0,0,9,1,0
875.05,8,2,0,1,22,0,0,9,0,0
344.09,8,4,1,1,1108,0,0,1,0,0
1778.48,17,5,0,0,897,0,0,9,1,0
745.55,19,7,0,1,2226,0,0,3,0,0
560.15,2,4,0,0,1025,0,1,9,0,0
1805.62,19,6,0,0,132,0,0,10,0,1
349.42,7,2,0,0,2171,0,0,9,0,0
2369.66,13,3,0,0,1750,0,0,3,0,0
679.71,20,4,0,0,1247,0,0,1,0,0
3495.03,5,4,0,1,95,3,0,6,0,0
740.45,5,4,0,0,605,0,0,7,0,0
2062.99,23,4,0,0,1165,0,1,10,0,1
1312.33,8,5,0,0,214,1,0,10,0,0
2307.46,22,2,0,0,875,0,0,4,0,0
1224.08,8,5,0,0,802,0,0,9,0,0
207.81,14,1,0,0,543,1,0,10,0,0
3007.29,12,3,0,0,558,1,0,1,0,0
1004.57,23,2,1,0,2463,0,0,3,0,0
2415.15,13,3,0,0,2021,0,0,4,0,0
2186.91,12,2,0,0,1308,0,0,2,0,0
506.08,11,2,0,0,2320,0,0,10,0,0
439.31,9,5,0,1,2285,1,0,1,0,0
2111.92,10,3,0,0,337,0,0,10,0,0
809.77,11,2,0,0,1387,0,0,6,1,0
2797.35,18,5,0,0,1656,0,0,6,1,0
917.63,1,5,0,0,2405,1,1,1,0,0
3051.56,12,2,0,0,2156,0,0,5,0,0
1674.56,13,4,0,0,2378,1,0,8,0,0
1462.61,18,3,0,0,1349,1,1,5,0,0
754.45,15,4,0,0,171,0,0,9,0,0
1383.58,10,5,0,0,460,0,0,8,0,0
3615.02,2,3,1,0,685,0,0,7,0,0
1038.76,8,4,1,0,2412,1,0,2,0,0
1865.29,6,1,0,0,2272,1,0,4,0,0
1148.67,4,3,0,1,564,0,0,3,1,0
1242.16,17,0,0,0,808,0,0,4,0,0
6145.1,11,4,0,0,504,0,0,2,1,0
3647.25,19,0,0,0,1213,0,0,10,0,0
1187.26,3,0,0,0,2339,1,0,7,0,0
1358.93,23,0,0,0,549,0,0,5,0,0
543.55,11,3,1,0,2361,0,0,7,1,0
922.45,6,3,0,0,2086,0,0,2,0,0
1494.28,8,1,0,0,2291,1,0,7,0,0
2567.31,20,1,0,0,849,3,0,2,0,0
2319.76,17,4,1,0,959,0,0,5,0,0
361.67,4,3,0,1,1469,0,0,3,0,0
2913.13,23,6,0,0,1239,1,0,8,0,0
1003.48,3,3,0,0,1222,1,0,3,0,0
408.71,6,4,0,0,1727,1,0,1,0,0
4172.98,17,2,0,0,1608,0,0,5,0,0
4737.57,12,3,0,0,1360,0,0,3,0,0
1427.6,10,1,0,0,1633,0,0,8,0,0
2227.85,22,2,0,0,919,0,0,3,1,0
2362.44,19,3,0,0,479,0,2,5,0,0
4428.3,23,3,0,0,1692,0,0,8,0,0
2271.21,6,3,0,0,602,0,0,2,1,0
290.71,20,3,0,0,2232,0,0,10,1,0
8182.95,5,4,0,0,798,0,0,3,0,0
3183.25,19,2,0,0,214,2,0,3,0,0
658.84,13,4,0,0,1985,1,0,9,0,0
391.65,14,5,0,0,1851,0,0,4,0,0
1816.77,2,5,0,0,1034,0,1,6,1,0
830.26,21,1,0,0,2066,0,0,1,0,0
1525.37,6,3,0,0,1566,0,0,6,1,0
2306.32,14,4,0,0,1447,0,0,4,0,0
622.38,3,4,0,0,920,1,0,9,0,0
359.2,22,5,0,0,2292,0,0,3,0,0
1612.95,7,3,0,0,5,0,0,8,0,0
643.3,18,4,0,0,852,1,0,6,0,0
1269.14,18,4,1,0,1352,1,0,7,0,1
286.2,13,5,0,0,1753,0,0,1,0,0
852.2,2,4,0,0,900,1,0,3,0,0
2241.62,6,3,0,0,787,0,0,2,0,0
2010.09,14,0,1,0,2087,1,0,3,0,0
498.52,12,5,0,1,2190,0,0,6,0,0
340.95,14,0,0,0,2080,0,0,1,0,0
1114.06,5,4,0,0,1091,0,0,8,0,1
1921.83,12,3,1,1,1632,1,0,4,0,1
1644.47,2,1,0,0,2432,0,0,6,0,0
657.1,11,2,1,0,251,0,0,7,1,0
1477.08,2,4,0,0,947,2,0,6,0,0
4926.36,15,1,0,0,1625,0,0,2,0,0
1346.34,13,2,0,0,107,0,0,6,0,0
214.19,20,0,0,0,1115,0,0,5,0,0
1343.72,11,1,0,0,2236,0,0,4,0,0
8467.22,3,2,0,0,2376,0,0,1,0,0
302.66,5,2,0,0,593,0,0,4,0,0
1129.72,19,2,1,0,1291,0,0,10,0,0
874.51,22,2,0,0,1034,0,0,8,0,0
1206.99,1,2,0,1,659,1,0,6,0,0
1331.75,16,0,0,0,2138,1,0,6,0,0
3428.82,11,6,0,0,1504,0,0,7,1,0
1193.66,6,4,0,0,152,0,0,4,0,0
3933.4,12,4,0,0,1368,0,0,9,0,0
974.91,22,6,0,0,1,0,0,4,0,0
772.68,4,9,0,1,907,0,0,4,0,0
561.62,20,4,0,0,142,0,1,3,1,0
178.2,2,5,0,0,1736,0,0,3,0,0
1444.88,17,1,0,0,2344,0,0,5,0,0
8552.68,1,3,0,0,1250,0,0,1,0,0
1734.09,1,2,0,0,160,1,0,6,0,0
2179.27,0,2,0,0,1132,0,0,8,1,0
725.58,19,1,0,0,1107,1,0,10,0,0
858.91,13,4,1,0,2418,0,0,5,0,0
2935.52,16,4,1,0,1504,0,0,10,0,1
8173.84,3,4,0,0,1333,0,0,2,0,0
4855.89,22,4,1,0,877,0,0,2,0,0
2453.44,19,2,1,0,1239,0,0,1,0,1
1135.87,11,3,0,0,2198,0,1,4,0,0
1352.51,21,6,0,0,2032,0,0,2,0,0
516.2,3,4,0,0,2060,1,0,6,0,0
257.71,7,2,0,1,1863,0,0,7,1,0
355.38,1,0,0,0,1599,0,0,4,0,0
1152.63,3,4,0,0,341,0,0,9,0,1
818.94,20,3,0,1,2286,0,0,4,0,0
252.28,9,3,0,0,1273,1,0,7,0,0
1056.46,15,4,0,0,2,0,0,7,0,0
797.57,21,2,0,0,810,0,0,1,0,0
339.39,18,6,0,0,2136,1,0,1,1,0
757.35,9,5,0,0,1608,0,0,5,0,0
795.56,8,2,0,0,1452,2,1,4,0,0
591.91,2,5,0,0,932,0,0,2,0,0
2770.19,19,2,0,0,2032,0,0,10,0,0
163.55,23,4,0,0,1594,1,0,10,0,0
150.54,12,3,0,0,462,0,1,1,1,0
1100.24,11,4,0,0,1220,0,0,2,0,0
1207.28,20,1,0,0,1992,1,0,4,0,0
1642.89,8,3,0,0,1212,0,0,5,0,0
639.72,9,3,0,0,2162,1,0,7,0,0
437.94,21,0,0,0,2392,0,0,3,0,0
1088.64,9,4,0,0,508,1,0,1,0,0
705.16,22,2,0,0,2274,1,0,3,1,0
5172.29,3,4,0,0,2141,1,0,4,0,0
792.96,11,4,0,0,2461,0,0,9,0,0
1039.83,11,0,0,0,1800,0,0,5,1,0
13035.32,7,6,0,0,1617,0,1,3,0,0
902.56,23,3,0,0,1258,0,0,3,0,0
1912.48,11,5,0,0,1781,1,0,5,0,0
2092.91,21,1,0,0,2142,0,0,2,1,0
2278.79,5,2,0,0,480,0,0,1,0,0
1464.82,8,5,0,0,945,1,0,5,0,1
1331.21,11,2,0,0,171,0,0,3,0,0
1212.37,13,2,0,0,1284,1,0,9,0,0
616.47,5,2,0,0,598,0,0,2,0,0
1518.56,7,2,0,0,758,0,0,3,0,0
8338.56,14,3,0,0,858,0,0,4,0,0
3680.05,6,4,0,0,137,1,0,9,0,0
1486.11,18,6,0,0,205,0,0,5,0,0
2580.74,11,2,0,0,1858,0,0,1,0,0
459.81,23,5,0,0,1092,0,0,2,0,0
845.13,5,4,0,0,756,0,0,7,1,0
2829.48,20,1,0,0,1037,0,0,2,1,0
4852.1,11,5,0,0,298,1,0,4,0,0
507.32,2,2,0,0,1525,0,0,8,0,0
676.15,16,5,0,0,2310,0,0,7,1,0
9714.51,5,1,0,0,2190,0,0,3,0,0
1207.44,3,3,0,0,524,0,0,8,0,0
6791.06,12,1,0,0,2251,0,0,2,0,0
1348.65,18,1,0,0,592,0,0,6,0,0
1402.74,6,1,0,0,1611,2,0,3,0,0
807.96,14,4,0,0,647,0,0,2,0,0
2814.54,0,3,0,1,2267,0,0,6,0,0
4263.21,4,4,0,0,1638,0,0,2,0,0
389.55,18,2,0,0,555,0,0,5,0,0
770.89,0,1,0,0,842,0,0,10,1,0
2738.26,8,3,0,0,1371,0,0,2,1,0
963.38,12,5,0,0,27,0,0,3,1,0
669.56,1,8,0,0,2231,1,0,2,0,0
3009.54,23,1,0,0,1385,0,0,8,0,0
3305.86,12,4,0,0,2339,0,0,4,0,0
699.49,8,5,0,0,1734,0,0,3,0,0
1356.1,23,5,0,0,2488,0,0,9,0,0
327.51,13,2,0,0,1307,0,0,7,0,0
447.88,16,3,0,1,2024,0,0,4,0,0
1241.61,2,2,0,0,1688,0,0,7,0,0
1131.62,3,5,0,0,169,0,0,6,0,0
417.02,1,2,0,0,1442,0,0,10,0,0
535.94,12,1,0,0,1970,0,0,8,0,0
378.02,20,5,0,0,2338,0,0,6,0,0
1728.59,21,1,0,0,297,0,0,5,0,0
153.29,13,1,0,0,1564,0,0,3,0,0
398.79,1,5,0,0,2027,0,1,10,1,1
170.21,15,1,1,1,946,0,0,4,0,0
1667.4,15,3,0,0,409,0,0,4,0,0
180.78,14,3,0,0,2358,0,0,6,0,0
1131.99,17,4,0,0,1836,1,0,1,0,0
5650.64,13,1,0,0,886,0,0,2,0,0
5845.54,16,5,0,0,2130,0,0,3,1,0
180.2,11,2,0,0,200,0,0,2,0,0
1477.95,3,4,1,0,344,2,0,7,0,1
407.9,1,3,0,0,602,0,0,5,1,0
332.57,21,1,0,0,62,0,0,6,0,0
979.0,10,3,0,1,1834,0,0,7,0,0
3745.43,7,1,0,0,1906,0,0,8,0,0
1997.51,7,4,0,0,1068,1,0,10,0,0
536.39,1,5,0,0,1428,2,0,8,1,0
2219.49,22,3,0,0,2212,1,0,8,0,0
116.31,1,7,0,0,871,0,0,8,0,0
516.49,5,5,0,0,1163,0,0,6,1,0
481.12,10,4,0,0,965,0,0,2,0,0
1185.98,8,4,0,0,101,1,0,8,0,0
895.31,0,5,0,0,226,1,0,2,0,0
951.97,7,4,1,0,950,0,0,7,0,0
920.83,18,5,0,0,1891,0,0,8,1,0
1121.48,6,3,0,0,2113,2,0,8,0,0
1882.08,20,2,0,0,2249,0,0,6,0,0
1273.25,8,3,0,1,713,1,0,6,0,0
825.22,0,4,1,1,427,1,0,8,0,0
1638.85,2,7,1,0,1595,0,0,9,0,0
2505.2,19,4,0,0,1384,0,0,9,0,0
628.9,9,3,0,0,218,0,0,7,1,0
1033.39,23,4,0,0,1908,0,0,1,1,0
3504.86,18,2,0,0,1730,0,0,4,0,0
364.03,0,5,0,0,795,0,0,3,0,0
6665.51,7,2,0,1,372,0,0,3,1,0
287.39,17,1,0,0,2359,2,0,10,0,0
776.37,1,4,1,1,1500,0,0,3,0,0
424.03,23,0,0,0,746,0,0,10,1,0
9778.36,3,2,0,0,1695,1,0,3,0,0
662.92,19,5,0,0,2446,0,0,7,0,0
664.58,20,5,0,0,1758,0,0,9,0,0
756.92,12,0,0,0,268,1,0,5,0,0
1206.65,19,0,0,0,1013,0,0,5,1,0
789.63,21,4,0,0,140,0,0,6,0,0
960.17,17,4,0,0,1036,0,0,2,1,0
32.16,16,4,1,0,1223,1,0,9,1,1
1161.14,9,2,0,0,2385,1,0,4,0,0
1116.34,7,4,0,0,58,1,0,3,0,0
3098.18,20,2,1,0,2448,0,0,3,0,0
4060.5,5,5,0,1,1982,0,1,10,0,1
908.95,9,3,0,0,758,0,0,6,0,0
2480.53,12,0,1,0,1818,1,0,2,0,0
364.47,9,2,0,0,1978,0,0,9,0,0
2362.19,8,4,1,0,25,0,0,10,0,0
618.64,14,4,0,0,2241,0,0,9,1,0
335.39,7,3,0,0,224,0,0,6,0,0
910.88,23,1,0,0,1384,1,0,8,0,0
4449.17,4,5,0,1,1144,0,0,4,1,1
1314.23,9,2,0,0,1060,0,0,3,0,0
4897.54,20,1,0,0,2429,0,0,1,0,0
518.67,11,2,0,0,151,0,0,10,1,0
3127.07,16,3,0,0,2066,0,1,7,1,0
571.26,15,2,0,0,2058,0,0,7,1,0
1373.79,7,3,0,0,898,0,0,10,0,0
1361.96,17,1,0,0,397,1,0,3,0,0
2124.92,5,0,0,0,784,0,0,8,0,0
1409.15,17,1,0,0,1839,0,0,6,0,0
523.65,3,1,0,0,1821,0,0,3,1,0
2644.68,16,1,0,0,1506,0,1,7,0,0
6195.98,2,2,1,0,761,1,0,8,0,1
611.67,20,1,0,0,2302,0,0,1,0,0
175.0,15,5,0,0,1757,1,0,8,1,0
1806.81,0,3,0,0,153,1,0,9,0,0
787.47,2,2,1,0,105,0,0,1,0,0
961.89,4,1,0,0,1758,0,0,9,0,0
1912.52,23,4,0,0,2062,0,0,2,1,0
694.79,14,3,1,1,1735,0,0,1,1,0
838.11,6,2,0,0,463,0,0,8,0,0
992.16,6,6,0,0,2108,0,0,10,0,0
4768.34,0,6,0,0,909,0,0,9,0,0
1130.11,4,2,0,0,1764,0,0,7,1,0
318.72,20,2,0,0,1785,0,0,5,0,0
331.66,14,3,0,1,674,1,0,7,0,0
1260.46,8,5,0,0,547,0,0,8,0,0
354.45,0,2,0,0,1848,0,0,1,0,0
229.91,8,5,0,0,2493,0,0,6,0,0
2070.48,9,3,0,0,1517,0,0,2,1,0
2174.38,2,1,0,0,860,0,1,3,0,0
758.9,14,2,0,0,909,0,0,8,0,0
1470.94,15,2,0,0,1410,0,0,3,1,0
1323.61,23,4,0,0,1960,0,0,10,1,0
2003.04,8,2,0,0,2149,0,0,3,0,0
2007.71,6,5,0,0,2022,0,0,10,0,0
80.98,19,7,1,0,2433,0,0,9,0,0
862.21,8,1,0,0,1223,1,0,2,0,0
1840.71,15,1,0,0,2261,0,0,3,0,0
727.45,17,3,0,0,1693,0,0,10,0,0
1137.06,21,2,0,0,2282,1,0,9,0,0
2323.2,7,3,0,0,114,0,0,5,0,0
1189.07,14,4,0,0,1818,2,0,5,0,0
4953.85,3,2,0,0,2401,1,0,5,0,0
3384.58,18,2,0,0,253,0,0,6,0,0
974.02,1,4,0,0,2394,0,0,5,0,0
899.6,16,5,0,0,605,0,0,6,0,0
63.41,5,2,0,0,1177,0,0,9,0,0
791.16,11,3,0,0,1690,0,0,2,0,0
283.36,1,6,1,1,218,0,0,5,1,1
1368.17,16,5,1,0,1633,0,0,1,0,0
1277.77,11,5,0,0,1794,0,0,2,0,0
2199.21,15,1,0,0,1587,0,0,8,0,0
4432.28,8,4,1,0,674,0,0,3,1,1
1068.2,0,5,0,0,314,0,0,8,1,0
10725.9,13,2,0,0,1627,0,0,2,0,0
1383.61,16,3,0,0,650,0,0,10,0,0
295.83,15,8,0,0,366,0,0,5,0,0
625.11,6,2,0,0,1564,0,0,5,0,0
755.4,17,2,0,0,734,0,1,7,0,0
1982.53,13,4,0,0,1172,0,0,2,0,0
425.28,5,4,0,0,2168,0,0,3,0,0
814.05,2,6,0,0,1587,0,0,5,0,0
933.52,7,2,1,0,629,0,0,1,0,0
700.56,0,2,0,0,623,0,0,1,0,0
2468.62,17,3,0,0,2368,1,0,9,0,0
2082.49,0,1,0,0,1335,0,0,3,1,0
3521.24,1,1,0,0,1021,1,2,6,0,1
787.59,3,4,0,0,68,0,0,2,1,0
3650.16,7,3,0,0,982,1,0,7,0,0
280.34,0,4,0,0,117,0,0,1,0,0
273.59,15,1,0,0,766,0,0,8,0,0
325.77,3,1,0,0,760,2,1,7,0,0
1106.78,19,2,0,0,493,1,0,5,0,0
3649.62,13,1,0,0,32,0,0,9,0,0
600.56,2,0,0,0,2267,1,1,9,0,0
680.83,9,7,0,0,1008,1,1,6,0,0
883.58,3,2,0,0,1288,0,0,7,0,0
1944.63,23,5,0,0,789,1,0,7,1,1
680.19,14,3,0,0,1087,0,0,4,0,0
643.28,19,5,0,0,1247,2,1,7,0,0
285.6,8,1,0,0,390,0,0,4,0,0
619.11,3,5,0,0,235,0,0,9,0,1
3559.81,5,4,0,0,831,0,0,4,0,0
1201.02,10,2,0,0,1127,0,0,8,0,0
523.3,18,3,0,0,2424,0,0,2,1,0
3774.96,10,3,1,0,421,0,0,4,0,0
610.81,22,2,1,0,432,0,0,6,0,0
4536.7,8,4,0,0,1091,0,0,9,0,0
4463.14,5,1,1,0,2259,0,0,9,1,1
1159.81,11,2,0,0,499,0,0,6,0,0
245.05,2,2,0,0,1322,0,0,1,0,0
10823.78,16,1,0,0,1655,1,0,9,0,0
1615.3,2,1,0,0,2436,1,0,7,0,0
793.23,15,3,0,0,489,1,0,7,0,0
2853.0,9,4,0,0,1012,2,0,6,0,0
2213.44,8,2,0,0,85,1,0,6,0,0
4068.13,14,2,0,0,935,0,1,6,0,0
565.47,16,2,0,0,2451,0,0,7,0,0
1507.9,22,2,0,0,1532,1,0,9,1,0
335.0,6,3,0,0,1737,0,0,8,1,0
2135.24,19,6,0,0,1527,0,0,9,0,0
1071.76,20,3,0,0,1938,0,0,2,0,0
1452.45,23,1,0,0,406,0,0,5,0,0
947.33,23,6,0,0,127,0,0,8,0,0
853.21,18,4,0,0,1622,0,0,4,0,0
460.25,7,2,0,0,1647,0,0,5,0,0
2417.36,16,3,0,0,1143,1,0,3,0,0
4864.43,18,1,0,0,1328,0,1,8,0,0
628.5,6,1,0,0,175,0,0,1,0,0
1907.48,19,4,0,0,2299,0,0,8,1,0
1689.49,16,4,0,0,478,0,0,5,1,0
1105.55,11,2,0,0,1740,0,0,1,0,0
238.27,20,3,1,1,900,0,0,2,0,0
298.39,2,2,1,0,515,0,0,6,0,0
502.21,16,4,1,0,153,0,0,6,0,1
129.15,18,1,0,0,403,0,0,4,0,0
4482.92,0,1,0,0,1752,0,0,9,0,0
1583.99,9,2,0,0,567,0,1,1,1,0
1064.26,12,2,0,0,1517,2,0,7,1,0
122.7,4,2,0,0,1519,0,0,3,0,0
177.0,21,0,0,0,401,0,0,9,0,0
1094.07,15,3,0,0,1111,0,0,10,0,0
7867.46,6,1,0,0,1240,0,0,1,0,0
545.31,10,1,0,0,2393,0,0,6,0,0
2601.38,2,2,0,0,2136,0,0,8,0,0
678.64,2,2,0,1,1879,0,0,7,0,0
1158.91,17,2,1,0,837,1,0,5,0,0
3694.81,23,0,0,0,299,0,0,1,0,0
775.92,6,7,0,0,728,0,0,3,0,0
549.99,5,6,0,1,2376,0,0,9,0,0
4528.16,16,5,0,0,958,1,0,10,0,0
1147.75,12,1,0,0,1893,0,0,2,0,0
3265.62,3,1,1,1,280,0,0,1,0,0
552.66,16,3,0,0,70,0,0,3,1,0
4476.85,5,0,0,0,1132,0,0,3,0,0
1441.77,2,2,0,0,2256,0,0,3,0,0
1693.9,11,5,0,0,2070,2,0,5,0,0
1250.91,17,2,0,0,1641,0,0,8,0,0
661.51,12,3,0,0,479,0,0,9,0,0
1094.79,15,3,0,0,921,1,0,6,0,0
704.44,5,2,0,1,565,1,0,3,1,0
2862.77,11,2,0,0,140,0,0,2,0,0
895.11,17,2,0,0,302,1,0,4,0,0
245.55,12,0,0,0,2009,1,1,9,0,0
204.5,5,3,0,0,112,0,0,7,0,0
195.06,22,1,0,0,533,1,1,6,1,0
2034.43,1,2,1,0,928,0,0,2,0,0
346.71,21,4,0,0,1179,0,0,1,0,0
1480.43,17,4,0,0,2240,0,0,10,0,0
1257.11,2,5,0,0,2388,0,0,2,0,0
1027.92,6,2,0,0,2455,0,0,6,0,0
1700.04,8,3,0,0,1900,0,0,9,0,0
1284.73,22,0,0,0,247,0,0,8,0,0
72.99,12,5,0,0,1390,1,0,10,0,0
793.44,6,3,0,0,1919,1,0,8,0,0
1677.57,22,3,0,0,944,0,0,6,0,0
5654.93,2,5,0,0,2164,0,0,8,0,0
5922.17,19,5,0,0,1650,0,0,10,1,0
280.58,19,4,0,0,1547,1,0,3,0,0
773.0,9,0,0,0,1502,0,0,3,0,0
229.04,1,2,0,0,708,0,0,5,0,0
5013.48,21,3,0,0,613,0,0,7,0,0
3019.53,23,3,0,0,250,0,0,3,0,0
1557.11,9,3,0,0,2004,0,0,10,0,1
1294.78,4,4,0,0,2087,1,0,2,1,0
4361.76,6,2,0,0,299,0,0,10,0,0
3682.42,3,6,0,0,470,1,0,10,0,0
3491.35,14,5,0,0,529,1,0,8,0,0
1731.39,12,6,1,0,1545,0,0,4,0,0
773.38,8,6,0,0,360,1,0,5,0,0
2361.67,15,1,0,0,118,0,2,7,0,0
2480.07,14,3,0,0,1520,0,0,7,0,0
906.29,0,5,0,0,86,0,0,1,0,0
771.82,9,3,0,0,91,0,0,1,0,0
3406.07,20,7,0,0,130,0,0,2,0,0
5791.32,19,3,0,0,2392,0,0,4,1,0
518.33,20,1,1,0,2421,0,0,6,1,0
842.71,22,2,0,0,1561,0,0,5,0,0
1557.65,1,3,0,0,1096,0,0,3,1,0
1783.97,6,7,0,0,2251,0,0,3,1,0
650.43,11,4,0,0,225,0,0,10,0,0
7212.14,12,4,0,0,307,1,0,3,0,0
1672.53,18,1,0,1,1222,0,0,2,1,0
1865.68,17,5,1,0,526,0,0,6,1,0
6367.0,16,4,0,0,1195,0,1,6,0,0
699.9,3,3,0,0,1884,0,0,7,0,0
1003.82,16,5,1,0,40,1,0,5,0,0
313.15,19,2,0,0,2110,0,0,8,1,0
923.02,18,3,0,0,2224,0,0,6,0,0
247.42,13,3,1,0,673,2,0,8,0,1
2316.58,2,4,0,0,2207,0,0,7,0,0
1669.03,3,5,0,0,1807,0,0,6,0,0
831.25,17,3,1,0,747,0,0,4,0,0
991.85,20,3,0,0,2111,0,0,4,0,0
2348.35,19,1,0,0,2497,1,0,8,0,0
352.2,10,3,1,0,753,2,0,7,0,1
1345.02,14,5,0,0,1848,1,0,10,0,0
2207.27,4,0,1,0,874,0,0,9,1,1
184.51,14,3,0,0,1450,1,0,4,0,0
2175.34,4,3,0,0,1021,0,0,6,0,0
205.6,19,2,1,0,63,0,0,2,0,0
974.97,18,3,0,0,1901,0,0,5,0,0
342.62,1,2,0,0,11,1,0,1,1,0
4588.22,22,3,0,0,889,0,0,3,1,1
344.77,19,5,0,1,1611,0,0,7,0,1
210.57,9,6,0,0,267,1,0,7,0,0
1253.07,10,1,0,0,695,0,0,2,0,0
725.09,1,1,0,0,1400,0,0,4,0,0
243.57,22,1,1,0,770,1,1,10,0,0
1855.33,2,5,0,0,136,0,0,3,0,0
149.68,22,2,0,0,1437,0,0,5,0,0
389.07,15,5,0,0,1395,0,0,9,0,0
616.95,22,3,0,0,17,1,0,4,0,0
2446.03,8,2,0,0,747,2,0,10,1,0
4005.68,21,3,0,0,1368,0,0,3,1,0
3303.65,10,4,0,0,1722,0,1,4,1,0
940.8,8,1,0,0,616,1,0,9,0,0
96.8,8,2,0,0,459,0,0,8,0,0
1621.09,22,1,0,0,737,0,0,8,0,0
4772.25,11,1,0,0,1869,0,0,2,0,0
3766.08,11,3,1,0,691,1,0,10,0,0
1742.28,15,5,0,1,2321,0,0,2,0,0
333.79,13,0,0,0,150,0,0,8,0,0
648.52,12,0,0,0,1858,0,0,8,1,0
7584.14,9,1,0,0,2398,0,0,2,0,0
265.94,3,1,0,0,752,0,0,2,0,0
347.98,23,6,1,0,728,0,0,6,1,0
2814.53,11,1,0,0,1360,1,0,10,0,0
712.54,23,3,0,0,1658,1,0,2,0,0
336.38,11,6,0,0,2097,2,0,4,0,0
5054.18,14,5,0,0,2249,0,0,4,0,0
1738.98,13,1,0,0,1970,1,0,10,1,0
748.6,23,3,0,0,924,0,0,10,0,0
348.7,2,4,0,0,139,0,0,8,0,0
8496.47,12,8,0,0,1251,0,0,5,0,0
1070.14,3,3,0,1,154,2,0,4,0,0
4435.2,20,3,0,0,1914,1,0,3,0,0
2680.16,12,0,0,0,277,0,0,9,0,0
651.38,22,0,1,0,240,0,0,7,0,0
656.59,6,5,0,0,1147,0,0,3,1,0
4657.88,3,5,0,0,1489,0,0,7,0,0
4733.96,15,2,0,0,451,0,0,8,0,0
167.85,3,1,1,0,1455,1,0,3,0,0
1900.33,8,5,0,0,1752,0,0,4,0,0
971.45,7,7,0,0,372,0,0,8,1,1
390.21,5,5,0,0,2244,0,0,1,1,0
1424.74,3,4,0,0,465,1,0,3,0,0
284.41,15,2,0,1,56,1,0,6,0,0
687.83,18,3,1,0,2304,0,0,6,0,0
493.5,9,2,0,0,1859,1,0,9,0,1
665.28,6,0,1,1,1868,0,0,8,0,1
1020.98,3,4,0,0,94,0,0,1,0,0
397.2,16,2,1,0,1208,0,0,2,0,0
5287.91,19,3,0,0,195,0,0,9,0,0
1795.94,13,2,1,0,1954,0,0,7,0,0
6598.27,10,3,1,0,1083,0,0,2,0,0
934.41,15,1,0,0,2194,1,0,8,0,0
633.47,21,4,0,1,2498,0,0,9,0,0
6364.02,23,2,0,0,770,0,0,6,0,0
615.2,4,2,0,0,742,0,0,8,0,0
917.55,11,3,1,0,2446,0,0,10,0,1
2253.07,21,4,0,0,1280,0,0,4,0,0
318.07,15,4,0,0,1786,3,0,1,0,0
2233.43,19,0,0,0,2443,0,0,5,0,0
1965.2,23,2,0,0,1032,0,0,1,0,0
3902.32,2,2,0,0,1574,0,0,6,0,0
2670.56,14,0,0,1,1940,0,0,6,0,0
4023.79,12,5,0,0,910,0,0,5,0,0
981.99,6,4,0,0,1661,0,0,2,0,0
462.82,15,3,0,0,819,1,0,8,0,1
9045.16,2,6,0,0,1943,0,0,7,0,0
238.25,11,4,0,0,705,0,0,10,0,0
263.35,9,2,0,0,1214,0,0,2,0,0
1929.72,9,0,0,1,206,0,0,9,0,0
5569.09,14,2,0,1,2159,0,0,9,0,0
1325.51,22,2,0,0,260,0,0,4,1,0
2978.88,22,2,0,0,89,0,0,3,0,0
149.04,16,6,0,0,1826,0,0,8,0,0
665.44,7,4,0,0,453,0,0,6,0,0
168.35,23,1,0,0,1390,1,0,6,0,0
2393.26,23,2,0,0,2483,0,0,2,0,0
233.4,20,4,0,0,323,0,0,10,0,0
305.57,20,2,0,0,556,0,0,7,1,0
1833.58,19,4,0,0,1007,0,0,10,0,0
3171.07,18,5,0,0,2010,0,0,10,0,0
935.45,17,8,0,0,585,0,0,5,0,0
1939.47,15,3,0,0,2431,0,0,7,0,0
1877.67,15,3,0,0,1049,0,0,1,0,0
884.1,9,1,0,1,1778,0,0,7,1,0
366.98,21,3,0,1,1559,1,0,4,0,0
1929.26,15,1,0,1,1174,0,2,4,0,1
2024.54,14,4,0,0,309,0,0,1,0,0
2681.21,17,3,0,0,1048,0,0,2,0,0
1498.27,1,2,0,0,1798,0,0,9,0,0
340.87,22,4,0,0,439,0,0,2,0,0
2187.12,13,1,0,0,98,1,0,5,0,0
1095.12,22,4,0,0,1318,0,0,6,0,0
676.72,2,1,0,0,27,2,0,5,0,0
816.78,5,2,0,0,803,0,0,8,0,0
549.9,22,2,0,0,2117,0,0,2,0,0
2667.36,16,4,0,0,552,1,0,6,1,1
265.57,15,4,0,0,1781,0,0,8,0,0
406.07,9,3,0,0,249,0,0,10,0,0
789.36,13,2,0,1,210,0,1,7,1,1
5506.87,13,4,0,0,929,0,0,1,1,0
3147.24,4,1,0,0,153,0,0,5,1,0
212.55,13,2,0,0,1754,0,0,4,0,0
4235.88,12,4,0,0,2070,1,0,9,1,0
4227.73,7,1,0,0,336,0,0,7,0,0
339.0,8,3,1,0,225,0,0,1,0,0
88.11,18,2,0,0,1425,0,1,1,0,0
1020.22,16,4,0,1,1860,0,0,5,1,0
3369.18,11,3,0,1,382,0,0,2,1,0
5384.4,14,3,0,0,1560,2,0,10,0,0
459.06,5,2,0,0,744,0,0,2,0,0
6323.19,11,1,0,0,2102,0,0,10,0,0
118.16,13,5,0,0,1666,0,0,10,0,0
758.96,6,2,0,0,1133,1,0,8,0,0
722.55,4,3,1,0,1304,0,0,5,0,0
3471.48,12,2,0,0,1445,0,0,1,0,0
4017.05,22,3,0,0,886,1,0,3,0,0
2847.58,11,1,0,0,344,0,0,1,0,0
284.14,21,1,0,0,1738,0,0,8,0,0
2598.32,20,0,0,0,2211,0,0,6,0,0
1824.46,17,3,0,0,1387,0,0,3,0,0
206.18,21,1,0,0,902,1,0,2,0,0
138.79,9,2,0,0,2231,0,0,7,0,0
3096.38,18,2,0,0,567,0,0,10,1,0
915.89,3,0,0,1,1047,1,0,2,0,0
303.33,7,6,0,1,75,0,0,5,0,0
890.54,13,4,0,1,1607,0,0,6,1,0
1578.2,0,2,0,0,1133,2,0,7,0,0
1009.44,18,4,0,1,2011,0,0,9,0,0
232.3,22,3,0,0,4,0,0,9,0,0
7226.84,2,2,1,0,1658,0,0,1,1,0
2993.56,23,4,0,1,1544,0,0,8,0,0
784.17,2,0,0,0,1225,0,1,9,0,0
816.4,3,3,0,0,1846,1,0,7,0,0
1571.03,18,2,0,0,167,0,0,6,1,0
354.38,16,3,0,0,280,0,0,3,1,0
1514.25,22,3,0,0,2169,2,0,10,0,0
289.82,10,1,0,0,1165,0,0,3,1,0
1021.95,13,4,0,0,172,1,0,6,0,0
340.85,3,1,0,0,1151,0,0,3,0,0
358.5,16,0,0,1,1179,0,0,8,0,0
5685.77,23,6,0,0,341,0,0,3,0,0
1163.54,14,3,0,0,549,0,0,9,0,0
1349.39,22,5,1,0,1274,0,0,1,0,0
146.73,9,3,0,0,1878,0,0,3,0,0
603.65,23,2,0,0,1646,0,0,7,0,0
1739.25,12,5,0,0,1681,0,0,6,0,0
1331.6,3,3,0,0,1758,1,0,8,1,0
127.23,8,4,0,0,543,0,0,4,0,0
1349.03,11,5,0,0,321,1,1,5,0,0
1582.18,1,5,0,1,1805,1,1,5,0,0
3959.06,21,2,0,0,1821,1,0,2,1,0
569.51,5,2,0,0,859,0,0,10,0,0
116.5,16,7,0,0,1657,0,0,4,0,0
404.73,22,7,0,0,684,0,0,6,0,0
366.11,10,3,1,0,379,0,0,3,1,1
2290.92,14,5,0,0,303,2,0,6,0,0
72.48,12,3,0,0,495,0,0,5,0,0
700.39,18,1,0,0,820,1,0,10,0,1
4563.27,0,2,0,0,807,0,0,6,0,0
1104.57,8,2,0,0,2423,0,0,2,1,0
2687.37,14,1,0,0,1836,2,0,9,0,0
212.34,2,1,0,0,425,0,0,3,0,0
220.97,20,2,0,0,820,0,0,8,0,0
4615.81,15,5,0,0,2274,0,0,8,0,0
1213.44,0,6,0,0,1891,1,0,1,1,0
1215.94,0,2,0,0,2392,0,0,8,1,0
358.47,3,3,0,0,1675,0,0,3,0,0
1212.91,15,2,0,0,1338,0,0,4,1,0
348.65,12,5,0,0,1827,0,0,3,0,0
3593.46,11,1,0,0,1560,1,0,6,0,0
16778.12,13,6,0,0,186,1,0,5,0,0
1779.24,11,3,0,1,1017,1,0,5,0,1
581.18,8,6,0,0,1107,0,0,5,0,0
87.04,0,1,0,0,1380,0,0,6,0,0
203.47,0,4,0,0,427,0,0,5,0,0
5191.94,16,2,0,0,1960,2,0,2,0,0
391.82,17,7,0,0,196,0,0,2,1,0
756.85,5,2,0,0,2337,0,0,4,1,0
2111.86,5,1,0,0,735,1,0,4,0,0
4828.49,9,2,0,0,1329,0,0,1,0,0
898.22,15,2,0,0,1604,0,0,1,0,0
731.67,14,2,0,0,973,1,0,1,0,0
1178.06,13,1,0,0,1812,0,0,3,0,0
585.44,0,2,0,0,121,1,0,4,1,0
617.81,10,3,0,0,2265,0,0,10,1,0
1655.54,18,4,0,0,936,0,0,3,0,0
1319.87,14,3,0,0,1799,0,0,3,0,0
9242.85,19,6,0,0,8,0,0,9,0,1
1700.79,16,3,0,0,212,0,0,6,0,0
3467.35,21,2,0,0,849,0,0,6,0,0
375.67,13,2,0,0,1768,0,1,10,0,0
1854.1,13,4,0,0,2232,1,0,1,0,0
532.2,13,2,0,0,212,0,0,5,0,0
1628.56,6,3,0,0,2385,0,0,3,0,0
2183.13,10,3,0,0,2074,0,0,1,0,0
1152.71,4,2,1,0,2181,1,0,10,0,0
12177.26,10,5,0,0,94,1,0,8,0,0
4573.25,3,5,0,0,507,2,0,8,0,0
3559.04,11,6,0,0,1376,1,0,5,1,0
2354.98,22,2,0,0,1146,1,0,1,0,0
6395.57,10,4,0,1,2049,0,0,6,1,0
260.61,17,4,0,0,2477,1,0,1,0,0
4316.86,10,5,0,0,909,0,0,3,0,0
406.98,21,8,0,0,1630,0,0,7,0,0
623.69,5,3,0,0,1041,0,1,3,0,0
1922.52,20,3,0,0,2396,0,0,2,1,0
3763.93,17,2,0,1,1646,1,0,1,1,0
345.99,21,4,0,0,1216,1,0,4,0,0
656.85,3,2,0,0,805,0,0,5,0,0
1208.98,21,3,0,1,142,0,0,8,0,0
910.17,21,4,0,0,2366,1,0,10,0,0
2576.1,7,1,0,0,1520,0,0,1,0,0
34061.66,14,3,0,0,495,0,0,4,0,0
1667.9,14,1,1,0,799,1,0,6,0,0
525.74,1,5,0,0,94,0,0,8,0,0
299.91,12,4,0,0,1457,0,2,4,0,0
792.15,15,1,0,1,2350,0,0,8,1,0
428.27,4,4,0,0,1587,0,0,10,0,1
1750.31,8,5,0,0,1154,0,0,2,0,0
1723.34,14,3,0,0,962,1,0,3,0,0
690.1,22,4,0,1,2023,0,0,9,0,0
7982.09,1,4,0,0,2022,0,1,1,0,0
525.61,22,5,0,0,1679,0,0,9,1,0
973.18,19,4,1,0,783,1,0,9,0,0
2078.0,20,3,1,0,1956,1,0,10,0,0
2675.94,1,5,0,0,616,0,0,2,0,0
3934.65,13,3,0,0,883,0,0,3,0,0
1683.27,8,0,0,0,780,0,0,1,0,0
3136.66,22,3,0,0,2366,0,0,2,1,0
563.91,17,3,0,0,2320,0,0,8,0,0
2746.5,15,6,0,0,664,0,0,2,0,0
2710.07,0,3,0,0,2499,2,0,8,0,0
4978.51,21,5,0,0,1560,0,0,9,0,0
206.76,11,2,0,0,2094,0,0,6,0,0
442.67,3,3,0,0,1323,1,0,5,0,0
2497.74,20,4,0,0,859,0,0,3,0,0
77.37,21,2,0,0,161,0,0,6,1,0
1793.65,11,3,0,0,1990,0,0,9,0,0
3164.67,15,3,0,0,2034,0,0,2,1,0
616.23,14,4,0,0,1123,0,0,10,0,0
713.23,7,5,0,0,229,1,0,5,0,0
374.6,17,5,0,0,1467,0,0,7,0,0
650.96,23,5,0,0,1924,0,0,2,0,0
670.1,22,3,0,0,1294,0,0,1,0,0
554.0,16,2,0,0,1123,1,0,5,1,0
524.44,8,7,0,0,2178,0,0,6,0,0
836.31,21,2,0,0,1720,0,0,7,1,0
826.25,22,2,0,0,2322,0,0,3,0,0
7144.74,0,3,1,0,970,0,0,10,0,1
739.38,8,2,0,0,1266,0,0,4,0,0
1547.12,13,1,0,1,1662,1,0,9,0,0
615.92,13,3,0,0,385,1,0,4,0,0
608.14,17,2,0,0,1596,0,0,7,0,0
199.46,12,2,0,0,179,1,0,2,0,0
227.84,0,4,0,0,998,0,0,2,0,0
328.0,3,3,0,0,872,0,0,6,0,0
1317.77,18,2,1,0,2134,1,0,1,0,0
3216.9,16,3,0,0,1698,0,0,3,1,0
183.71,15,4,0,0,2362,2,0,4,1,0
633.29,10,1,0,0,113,0,0,10,1,0
279.53,6,8,0,1,2368,0,0,5,1,1
841.95,7,4,0,0,51,1,1,1,1,0
3215.6,16,1,0,0,2018,0,0,5,0,0
701.43,12,2,0,1,202,0,0,3,1,0
1045.74,3,3,0,0,440,2,0,7,0,0
4699.58,9,5,0,0,100,0,0,1,0,0
1733.51,19,4,0,0,2411,0,0,8,0,0
512.81,14,4,0,0,379,0,0,10,0,0
1285.52,20,3,0,0,1440,0,0,7,1,0
479.36,12,3,0,0,895,0,0,8,0,0
1669.84,11,3,0,0,538,1,0,9,0,0
1835.99,22,2,1,0,87,1,0,6,1,1
279.45,12,6,0,0,1486,0,0,1,0,0
1306.56,3,5,0,0,701,0,0,1,1,0
974.99,9,4,0,0,1511,1,0,10,0,0
1890.65,15,3,0,0,1749,0,0,5,0,0
2518.32,8,2,0,0,1077,0,0,4,0,0
1767.73,9,1,1,0,1087,0,0,1,0,0
809.82,20,1,0,0,276,1,0,7,0,0
2788.7,10,3,0,1,908,0,0,5,1,0
458.03,7,3,0,0,1663,0,0,4,0,0
292.8,2,4,0,0,1881,1,0,5,1,0
44.91,9,2,0,0,423,1,0,8,0,0
1022.35,18,4,0,0,826,0,1,10,0,0
482.25,7,1,0,0,654,0,0,2,0,0
1632.31,11,2,0,0,1459,0,0,4,0,0
152.75,15,3,0,0,1974,0,0,5,0,0
574.11,22,2,0,0,2183,0,0,6,0,0
1755.08,19,4,0,0,1665,1,0,6,0,0
391.57,6,4,1,0,53,0,0,3,0,0
1651.2,3,1,0,0,377,0,0,2,0,0
628.27,16,5,1,0,127,1,0,10,0,0
1061.24,6,2,0,0,1415,0,0,8,0,0
1988.54,9,1,0,0,292,1,0,8,0,0
2843.52,2,2,0,0,657,1,0,4,0,0
1202.9,18,8,0,0,628,0,0,7,0,0
485.89,3,3,0,0,1804,0,0,10,0,0
693.65,9,3,0,0,1472,0,0,6,0,0
2073.42,9,0,0,0,875,0,0,2,1,0
394.94,1,5,0,0,962,0,0,3,1,0
917.76,18,4,0,0,498,0,0,6,0,0
745.55,14,1,0,0,213,0,0,8,0,0
988.94,12,4,0,0,849,3,0,1,1,0
399.7,4,3,0,0,920,0,0,6,0,0
172.1,1,6,0,0,2196,0,0,7,0,0
1845.94,1,3,0,0,847,1,0,2,0,0
2875.93,15,5,0,1,120,0,0,1,1,0
182.7,17,2,0,0,1271,1,0,8,0,0
1585.93,19,2,0,0,1829,0,0,10,0,0
3239.53,19,3,0,1,873,0,0,5,0,0
1990.04,9,2,0,0,2333,1,0,2,0,0
722.94,0,1,0,0,395,2,0,7,0,0
426.88,5,4,0,0,642,0,0,6,0,0
1189.13,18,3,0,0,2433,0,0,1,1,0
1404.99,18,6,0,0,406,1,0,3,0,0
1206.9,12,3,0,0,488,0,0,10,0,0
915.86,0,3,0,0,2345,0,0,6,0,0
371.43,18,0,0,0,1762,0,0,8,0,0
1673.53,19,2,0,0,1018,1,0,1,0,0
1756.11,5,0,0,0,585,0,0,9,0,0
1340.53,19,6,0,0,516,0,0,8,0,0
1225.36,15,2,0,0,347,0,0,9,0,0
5879.63,21,6,0,0,789,1,0,7,0,0
587.35,15,3,0,0,347,0,0,10,0,0
3949.86,2,3,1,0,1293,0,0,6,0,1
526.35,15,4,0,0,2498,0,0,5,1,0
3324.09,2,2,0,0,1043,0,0,7,0,0
3764.49,6,3,0,0,2136,1,0,6,0,0
818.07,20,3,0,0,1325,1,0,4,0,0
5773.09,23,0,0,0,2186,0,0,8,0,0
1752.92,11,2,0,0,969,0,0,9,0,0
456.11,6,5,0,0,1659,0,0,2,0,0
754.34,9,2,0,0,1326,0,0,5,1,0
3404.19,5,2,0,0,1918,0,0,2,0,0
2760.22,13,3,1,1,2257,1,0,10,0,0
380.68,10,3,0,0,480,0,0,6,0,0
954.08,1,2,0,0,2048,0,0,8,0,0
1344.16,14,3,0,0,521,0,0,6,0,0
660.1,15,4,1,0,1489,0,0,5,0,0
11588.86,16,4,0,0,1339,0,0,4,0,0
1385.29,22,3,0,0,1054,0,0,6,0,0
1030.9,16,2,0,0,2097,0,0,1,0,0
3607.79,16,1,0,0,2120,2,0,2,0,1
761.12,5,2,0,0,459,0,0,10,0,0
3003.18,11,4,0,0,886,1,0,7,0,0
206.91,10,6,1,0,2361,0,0,7,1,0
696.69,23,1,0,0,2200,0,0,6,0,0
3130.88,11,4,1,0,485,3,1,5,0,0
5272.17,16,2,0,0,471,1,0,6,0,0
506.08,12,1,0,0,2163,0,0,7,0,0
450.42,1,1,0,0,675,0,0,2,0,0
1934.19,22,4,0,0,2327,0,0,9,0,0
588.14,16,5,0,0,1501,0,0,4,1,0
838.34,5,2,0,0,961,2,0,7,0,0
2634.38,1,1,0,0,1746,0,0,3,0,0
636.44,22,2,0,1,1816,1,0,4,0,0
153.63,7,1,0,0,2299,0,0,3,0,0
298.54,0,3,0,0,736,1,0,1,0,0
1107.61,14,3,0,0,1061,1,0,5,0,0
170.13,0,4,0,0,1671,0,0,10,0,0
814.72,5,3,0,0,1028,0,0,1,1,0
272.57,21,2,0,0,1771,2,0,8,0,0
5652.99,0,5,0,1,169,0,0,3,0,0
9558.08,18,1,0,0,2446,0,1,3,0,0
380.62,14,2,0,0,1696,0,0,4,0,0
1417.65,7,3,0,0,1819,1,0,2,0,0
419.72,6,2,0,0,1962,1,0,7,0,0
804.87,11,1,0,0,679,1,0,10,0,0
6657.3,12,6,0,0,25,1,0,6,1,0
687.67,21,1,0,0,1523,0,0,9,0,0
823.83,6,4,0,0,1602,0,0,7,0,0
427.29,14,2,0,0,47,1,0,8,0,0
3450.21,16,5,0,0,747,0,0,8,1,0
41.96,0,0,0,0,1818,0,0,1,0,0
704.3,21,3,0,0,1873,0,0,8,0,1
1047.45,23,1,0,0,2249,1,0,4,0,0
566.19,2,4,0,0,178,0,0,1,0,0
2600.72,6,2,0,0,1811,0,0,3,0,0
3648.34,18,0,0,0,1229,0,0,1,0,0
267.19,19,2,1,0,530,0,0,10,0,1
8897.15,3,2,0,0,2180,0,0,4,0,0
264.21,22,5,1,0,1481,0,0,10,0,0
3978.38,7,3,1,0,2453,0,0,7,0,0
1273.89,7,5,0,0,1242,0,0,3,0,0
662.68,8,4,0,0,1801,1,1,2,0,0
728.24,16,3,0,0,132,0,0,6,0,0
1060.49,4,2,0,0,212,0,0,2,0,0
1350.75,13,2,0,0,1007,1,0,3,0,0
436.96,1,4,0,0,1356,0,0,9,0,0
867.89,3,3,1,0,379,0,0,7,0,0
507.41,18,2,0,0,1320,0,0,10,0,0
325.37,9,4,0,0,2094,0,0,4,0,0
484.29,19,1,0,0,1222,1,0,9,0,0
347.24,17,2,0,0,295,0,0,7,1,0
720.43,23,3,0,0,1175,0,0,4,0,0
1689.98,3,5,0,0,1296,0,0,2,0,0
1237.33,22,6,0,0,53,0,0,6,0,0
7897.84,21,4,0,0,1578,1,0,7,0,1
120.25,10,5,0,0,1717,0,0,4,0,0
1753.45,3,3,0,0,1667,0,0,7,0,0
1103.7,3,1,0,0,1501,1,0,2,0,0
2479.15,12,5,0,0,1941,0,0,6,1,0
2245.01,0,2,0,0,1370,1,0,5,0,0
929.84,2,3,0,0,533,0,0,2,1,0
1303.3,12,3,0,0,1786,0,0,9,0,0
521.09,13,0,0,0,802,2,0,9,0,0
2025.72,20,2,1,0,1381,1,0,5,0,0
167.52,23,1,0,0,1746,0,0,5,0,0
2384.69,6,5,0,0,1067,1,0,5,0,0
1071.51,7,5,0,0,57,0,0,9,1,0
673.8,4,1,0,0,836,0,0,5,0,0
869.11,5,3,0,0,325,0,0,10,0,0
935.24,10,2,0,0,989,1,0,6,0,0
4013.04,23,4,0,0,596,0,0,8,0,0
27819.53,21,3,0,0,1296,1,0,7,0,0
3714.02,21,4,1,1,1650,0,0,1,0,0
623.08,10,3,0,0,936,0,1,3,0,0
2058.6,15,1,0,0,1315,0,1,3,0,0
2150.23,17,6,0,0,1101,0,0,6,0,0
434.78,5,3,0,0,1751,0,0,3,0,0
310.82,11,2,0,0,1596,0,1,2,0,0
1029.39,13,2,0,0,2204,0,0,1,0,0
2459.49,8,6,0,0,1386,2,0,2,1,0
218.81,11,4,1,0,1560,1,0,2,0,0
533.31,10,3,0,0,1091,0,0,4,1,0
1944.29,1,3,0,0,150,0,0,10,0,1
1143.36,18,3,0,0,2178,1,0,8,1,0
4520.03,21,2,0,0,1261,1,0,7,0,0
267.37,18,2,0,0,858,0,0,2,1,0
11523.74,22,2,0,0,1543,0,0,6,0,0
235.57,10,5,1,0,671,0,0,3,1,0
144.15,1,4,0,0,1916,1,1,1,0,0
1033.89,6,3,0,0,851,2,0,9,0,0
352.67,20,0,0,0,2375,0,0,10,0,0
1054.95,3,7,0,1,1562,1,0,2,0,0
1018.69,13,3,0,0,1295,0,0,7,0,0
901.65,0,4,1,0,22,0,0,10,0,1
472.29,7,3,0,0,1964,0,0,5,1,0
1690.29,2,2,0,0,910,0,0,10,0,0
798.44,2,2,0,0,153,0,0,10,0,0
3306.56,3,2,0,0,111,0,0,10,0,1
915.64,12,1,0,0,1021,0,0,5,1,0
417.95,16,9,0,1,1969,0,0,7,0,0
202.81,6,3,0,0,1034,0,0,6,1,1
923.24,19,3,0,0,923,1,0,2,0,0
308.21,9,3,1,0,857,1,0,6,0,1
284.3,17,4,0,0,409,0,0,7,0,0
1858.37,12,4,1,0,1207,0,0,2,0,0
185.37,17,6,0,0,1241,0,1,2,0,0
4501.62,23,3,0,0,771,0,0,2,1,0
1286.55,23,2,1,0,912,1,0,5,0,1
1049.59,14,2,0,0,1881,0,0,5,0,0
389.64,23,4,0,0,2317,0,0,2,0,0
2355.18,16,3,0,1,2082,0,0,7,0,0
1093.45,6,7,0,0,1673,0,0,3,0,0
552.2,22,7,0,0,253,0,1,1,0,0
1339.2,3,3,0,0,1193,1,0,10,0,0
203.82,11,5,0,0,1752,1,0,7,1,1
213.72,3,5,1,0,2421,0,0,7,0,0
357.74,18,5,0,0,1729,0,0,3,0,0
1555.46,21,3,0,0,1827,0,1,4,0,0
1093.07,19,2,0,0,2192,0,0,10,0,0
3130.6,2,2,0,1,487,0,0,9,0,0
437.03,6,4,0,0,2430,0,0,2,0,0
1948.21,8,8,0,0,1162,0,0,8,0,0
978.61,2,0,0,0,2289,1,0,7,1,0
427.07,12,3,1,0,1252,1,0,2,0,0
1612.12,0,3,0,0,2123,1,0,2,0,0
1026.58,14,3,0,0,2287,0,0,5,1,0
584.57,13,1,0,0,999,1,0,8,0,0
1143.67,14,2,0,0,1391,2,0,5,0,0
963.4,21,3,0,0,865,0,0,6,0,0
940.41,18,4,0,0,1716,2,0,6,0,0
725.9,6,0,0,0,1289,0,0,1,0,0
297.39,13,2,0,0,409,0,0,3,0,0
1181.77,19,5,0,0,1361,1,1,9,0,0
491.41,20,6,0,0,1014,0,0,5,0,0
395.31,15,2,0,0,2181,0,0,9,0,0
862.04,2,4,0,0,453,0,0,9,1,1
2284.78,10,1,0,0,1240,1,0,10,0,0
1320.3,20,2,1,0,1124,0,0,6,1,0
644.75,1,1,0,0,1206,0,0,2,0,0
619.34,14,6,0,0,2175,0,1,6,0,0
2071.05,12,4,0,0,1777,0,0,1,0,0
99.81,5,4,0,0,2136,0,0,3,0,0
2434.18,8,1,0,0,1675,0,0,7,0,0
168.34,23,3,0,0,378,1,0,1,0,0
266.29,14,5,0,1,267,0,0,1,0,1
655.72,22,2,0,0,1036,0,0,10,0,0
9605.82,11,1,0,0,2344,0,0,6,0,0
5868.88,20,2,0,0,2382,0,0,6,0,0
2222.72,14,4,0,0,365,0,0,4,0,0
1566.41,21,3,0,1,319,1,0,1,0,0
170.33,7,3,1,0,1106,0,0,4,0,1
1282.75,9,4,0,0,396,1,0,3,0,1
633.2,0,2,0,0,123,2,0,8,0,0
484.6,5,2,0,0,231,0,0,5,0,0
1280.24,3,4,0,0,1023,1,0,10,0,0
684.64,4,5,0,0,1304,1,0,8,0,1
2615.73,7,1,0,0,921,0,0,10,0,0
158.23,20,2,0,0,2492,0,1,2,0,0
1182.06,9,2,0,0,1982,0,0,5,0,0
455.28,19,4,0,0,2219,0,0,3,0,0
728.05,19,4,0,0,1850,1,0,3,1,0
1487.16,23,5,0,0,562,0,0,9,0,0
358.77,12,1,0,0,2321,1,0,7,0,0
1292.37,20,2,0,0,2018,0,0,4,0,0
886.84,10,0,0,0,2428,1,0,2,0,0
566.46,15,7,0,0,69,0,0,9,0,0
685.01,19,3,0,0,1684,0,0,10,0,0
939.59,3,1,0,0,1502,0,0,3,0,0
508.86,1,4,0,0,47,0,1,2,0,1
1104.44,3,1,0,0,2182,0,0,1,0,0
830.33,17,1,0,0,372,1,0,1,1,0
595.09,11,0,0,0,885,0,0,8,0,0
5376.77,6,1,0,0,300,0,0,3,0,0
1661.11,18,1,0,0,969,0,0,5,0,0
747.91,0,1,0,0,1063,0,1,1,0,0
1268.84,4,4,0,0,1632,0,0,6,1,0
392.75,11,1,0,0,1787,0,0,2,0,0
708.56,21,5,0,0,2184,1,0,4,0,0
796.26,17,2,0,0,518,0,0,8,1,0
315.2,16,6,0,0,1356,0,0,10,1,0
1615.43,17,2,0,0,1533,0,0,2,0,0
661.42,7,2,0,0,2348,0,0,2,0,0
768.57,10,2,0,0,1304,1,0,1,0,0
620.97,21,0,0,0,1466,1,0,1,1,0
21143.56,17,2,0,0,185,0,0,9,1,0
565.32,14,2,0,0,861,0,0,10,0,0
138.56,1,5,0,0,568,0,0,5,0,0
221.42,17,1,0,0,2109,0,0,10,1,0
2343.27,8,4,0,0,223,0,0,8,0,0
4173.26,9,3,0,0,2039,0,0,4,0,0
554.58,16,1,1,0,2362,1,1,8,1,0
3940.05,9,9,1,0,1614,0,0,1,0,0
2302.13,13,5,0,0,449,1,0,9,0,0
907.34,0,4,0,0,344,0,0,4,0,0
845.18,4,2,0,0,977,0,0,4,1,0
1314.05,12,4,0,0,7,1,1,1,0,0
2637.15,22,7,0,0,2205,0,0,1,1,0
1631.56,18,1,0,1,130,0,0,6,1,1
557.35,10,4,0,0,1912,1,0,6,0,0
921.31,23,1,0,0,630,0,0,9,0,0
7952.67,6,3,1,0,765,1,0,3,1,0
1409.82,21,5,0,0,595,0,0,4,1,0
2615.8,9,4,0,0,892,0,1,10,0,0
1881.61,2,3,0,0,1543,2,0,7,1,1
1441.38,0,0,0,0,2355,0,0,3,0,1
1222.56,23,0,0,0,1078,0,0,4,0,0
2690.25,15,3,0,0,1314,1,0,9,1,0
2249.9,3,7,0,0,65,0,0,7,1,1
1427.8,23,4,0,0,885,0,0,9,0,0
547.98,0,3,0,0,2164,0,0,5,0,0
1612.53,8,5,0,0,39,1,0,1,0,0
1025.56,17,4,0,0,1484,0,1,7,0,0
805.73,1,3,0,0,500,0,0,2,0,0
15974.93,21,4,0,0,981,0,0,7,0,0
235.32,16,1,0,1,1211,0,1,5,0,0
2859.82,22,1,0,0,966,0,1,1,0,0
462.82,20,3,0,0,1254,0,0,4,0,0
1250.37,19,2,0,0,265,1,0,6,0,0
14308.19,5,3,1,0,1162,1,0,10,0,1
418.9,4,2,0,0,1278,0,0,1,0,0
531.73,5,4,0,0,900,0,0,10,0,0
1077.59,3,3,0,0,2476,0,0,10,0,0
470.02,15,4,1,0,1964,0,1,6,0,0
2654.62,1,3,0,0,1304,0,0,3,0,0
642.57,10,2,0,0,251,0,0,1,0,0
2109.09,13,4,0,0,38,0,0,7,0,0
290.27,12,1,0,0,1451,0,1,9,0,1
180.04,11,2,0,0,1549,0,1,4,0,0
872.2,5,2,0,1,117,0,0,7,1,0
228.49,2,2,1,0,19,1,0,8,0,1
5005.38,23,1,1,0,2173,0,0,4,0,0
237.51,11,5,0,0,2280,0,0,1,0,0
388.51,14,1,0,0,61,0,0,1,1,0
1658.42,13,3,0,0,1290,0,0,8,0,0
610.11,8,3,1,0,1393,0,0,3,0,0
240.23,17,5,0,0,1726,0,0,5,0,0
8433.47,9,2,0,0,831,1,1,10,0,0
402.77,9,5,0,0,2186,0,0,10,0,0
901.21,19,1,0,0,1684,1,0,8,1,0
889.63,7,1,0,0,1962,0,0,7,0,0
2231.23,16,0,0,0,1244,0,0,9,0,0
1741.24,15,6,0,0,1362,0,0,4,0,0
479.72,0,0,0,0,2332,0,1,5,0,0
791.69,16,1,0,0,1009,0,0,8,1,0
874.0,19,1,1,0,1010,0,0,4,0,0
2319.16,6,4,0,0,2310,0,0,7,1,0
340.93,21,3,0,0,897,0,0,3,0,0
8251.17,0,2,0,0,58,1,0,4,1,0
513.28,4,2,0,0,1467,0,0,7,0,0
1087.08,22,6,0,0,1016,3,0,6,1,0
343.78,20,2,0,0,69,0,0,7,0,0
299.42,18,2,0,1,1249,1,0,1,0,0
457.41,14,1,1,0,1367,0,0,4,1,0
415.5,4,1,0,0,2178,0,0,10,0,0
724.69,11,5,0,0,851,1,0,6,0,0
412.0,13,5,0,0,414,0,0,2,1,0
2198.55,2,6,0,0,1006,0,0,10,0,0
501.21,14,4,0,0,1748,1,1,8,0,1
448.62,2,1,1,0,1305,0,1,4,0,0
740.28,3,4,0,0,1671,0,0,9,0,0
2959.69,4,1,0,0,235,0,1,4,0,0
1359.51,4,2,0,0,2398,0,0,6,0,0
992.58,1,2,0,0,750,1,0,6,0,0
261.64,22,1,0,0,2171,0,0,7,0,0
349.78,19,2,0,0,1446,0,0,10,0,0
305.39,12,4,0,0,1211,0,0,4,0,0
4051.54,8,3,0,0,2436,0,0,4,1,0
1864.15,4,2,0,0,230,1,0,7,1,1
463.3,22,4,0,0,2486,0,0,4,0,0
623.67,19,2,1,0,2100,1,0,6,1,0
480.44,18,4,0,0,873,0,0,9,0,0
452.21,11,3,0,0,619,0,0,2,0,0
1737.67,0,4,0,0,922,0,0,1,1,0
822.59,15,2,0,0,1885,0,0,5,0,0
8788.22,11,2,0,0,267,0,0,8,1,0
3829.0,7,1,1,0,1405,0,1,3,0,0
4062.2,7,3,0,1,249,0,0,8,1,0
2145.99,1,4,0,0,121,1,0,1,0,1
718.63,20,5,0,0,1197,1,0,4,1,0
1993.79,3,3,0,0,7,0,0,7,0,0
773.69,19,3,0,1,1781,0,0,8,1,0
5598.62,23,3,0,0,318,1,0,2,0,0
1643.0,1,4,0,0,2171,0,0,1,0,0
1425.62,14,10,1,0,683,0,1,4,0,1
1245.23,1,2,0,0,2187,0,0,10,1,0
6249.56,19,3,0,0,686,0,0,1,0,0
261.45,12,4,0,0,1059,2,1,10,1,1
6893.18,0,2,0,0,554,0,0,8,0,0
910.37,18,0,0,0,1808,0,0,9,0,0
268.77,18,3,0,0,2174,0,0,2,1,0
516.87,22,5,0,0,2413,0,0,6,0,0
210.44,11,3,0,0,1334,0,0,7,1,0
2108.34,22,2,0,0,454,0,0,2,0,0
388.27,15,3,0,0,292,0,0,6,0,0
1298.11,12,3,1,0,567,1,0,9,1,0
3409.15,8,2,1,0,260,0,0,10,1,1
560.03,7,3,0,0,954,2,0,10,0,0
838.74,14,4,0,0,1478,1,0,4,0,0
297.86,17,5,0,0,1894,0,0,5,0,0
743.7,0,3,0,0,1683,0,0,4,0,0
14386.18,9,2,0,0,826,0,0,5,0,0
2387.34,1,3,0,0,1784,0,0,1,0,0
841.57,9,0,0,0,82,0,0,1,0,0
594.85,19,4,0,0,1634,0,0,4,0,0
1050.86,16,4,0,0,2312,0,0,10,0,0
1248.94,2,1,0,0,1585,0,0,7,1,0
721.21,17,3,0,0,2077,1,0,4,0,0
1863.22,0,3,0,0,1955,1,0,6,1,0
422.65,0,3,0,0,253,0,0,9,1,0
420.57,21,3,0,0,196,1,0,5,0,0
1587.94,0,1,0,0,1872,1,0,7,0,0
340.82,6,2,0,0,1627,0,0,8,1,0
2273.37,3,3,0,0,88,0,0,3,0,0
1081.08,13,2,0,0,458,0,0,1,0,0
176.28,12,2,0,0,547,2,0,7,0,1
1223.53,20,1,0,0,490,0,0,10,0,0
203.33,23,5,1,0,26,0,0,10,0,1
2193.74,17,3,0,0,1936,0,0,10,0,0
855.16,11,5,0,0,936,0,0,6,1,0
6981.95,1,3,0,0,2493,0,0,6,0,0
3201.3,22,3,0,0,781,1,0,2,0,0
379.67,13,8,0,0,800,1,0,2,1,0
145.37,5,2,0,0,1558,0,0,10,1,1
515.38,13,3,0,0,1291,0,0,8,1,0
323.35,9,3,0,1,394,1,0,9,0,0
6807.21,8,1,0,0,1754,0,0,4,0,0
1085.38,10,3,0,0,895,0,0,7,1,1
2788.95,18,0,0,0,2370,0,0,6,0,0
824.66,3,2,0,0,21,0,0,4,0,0
916.29,23,3,0,0,1616,0,0,8,0,0
1061.43,1,2,0,0,270,0,0,2,0,0
3316.08,3,3,1,0,1765,0,0,5,0,1
1497.61,16,2,0,0,124,1,1,4,1,0
380.95,3,1,0,0,715,1,0,3,0,0
5555.34,18,2,0,0,1856,1,0,8,0,0
818.26,17,4,0,0,928,1,0,10,0,0
695.39,10,0,0,0,758,0,0,6,0,0
64.75,10,3,0,0,2244,0,0,1,0,0
2068.13,23,4,0,0,432,0,0,9,0,0
1213.19,19,2,0,1,105,0,0,5,0,0
1211.88,15,3,0,0,506,0,0,3,0,0
733.02,3,1,0,0,1389,0,0,5,0,0
616.95,14,1,0,0,1294,0,0,1,0,0
757.8,0,8,0,0,341,1,0,5,0,0
1742.65,6,3,0,0,575,0,0,10,1,0
2077.91,16,0,0,0,109,1,0,5,0,0
870.41,9,3,1,0,1634,0,0,8,0,0
2832.56,23,3,0,1,355,1,0,2,0,1
1013.36,22,2,0,0,2204,0,0,9,0,0
662.34,2,4,0,0,1168,0,0,3,0,0
1337.31,21,3,0,0,1338,0,0,9,0,0
281.64,20,2,0,0,1530,0,0,6,0,0
1383.98,2,2,0,0,2253,0,1,6,0,0
234.58,9,2,0,0,408,0,0,1,0,0
392.4,22,1,0,0,1092,0,0,6,0,0
145.66,0,1,0,0,1282,0,0,4,1,0
920.47,1,2,0,0,2295,0,0,2,0,0
5484.24,12,4,0,0,2431,0,0,1,0,0
975.47,22,5,0,0,911,0,0,9,1,0
2087.21,6,2,0,0,1344,0,0,4,1,0
11525.46,18,3,0,0,231,1,0,6,0,0
1642.63,16,1,0,0,156,0,0,4,0,0
510.19,3,4,0,0,2387,0,0,3,0,0
585.48,6,1,0,0,614,0,0,5,0,0
1097.36,14,1,0,0,899,0,0,10,0,0
582.37,11,5,1,1,98,0,0,8,0,1
627.61,5,3,0,0,1344,0,0,8,1,0
2937.32,4,3,0,0,1469,0,0,7,0,0
3059.96,13,4,0,0,733,1,1,8,0,1
211.26,19,4,0,0,2193,1,0,10,0,0
483.88,9,1,0,0,960,1,0,7,0,0
689.52,22,2,1,0,1938,0,0,1,1,1
1996.38,16,3,0,0,819,1,0,9,1,1
3439.48,9,2,0,0,114,0,0,5,1,0
16349.75,16,2,0,0,2118,0,0,5,0,0
688.37,10,2,0,0,1943,1,0,4,1,0
723.62,18,6,0,0,2016,0,0,5,0,0
1975.49,23,1,0,1,1274,0,0,10,0,0
554.34,18,4,1,0,639,1,0,4,0,0
952.45,3,4,0,0,2129,0,0,4,1,0
724.12,1,6,0,0,1718,0,0,10,0,0
79.71,19,4,0,1,992,0,0,9,1,0
1240.45,20,3,0,0,1775,0,0,6,1,0
913.82,13,1,0,0,1017,0,0,7,0,0
3909.76,5,5,1,0,1703,0,1,7,0,1
1102.67,21,2,0,0,2469,1,0,9,0,0
312.7,10,4,0,0,158,2,0,7,0,0
847.17,7,2,0,0,861,1,1,3,0,0
135.49,8,2,1,0,709,0,0,10,1,1
326.71,7,1,0,0,493,1,0,3,0,0
2070.42,6,4,0,0,2230,1,0,10,0,0
856.33,7,4,0,0,2436,2,0,5,0,0
2758.68,16,3,0,0,340,0,0,9,1,0
153.41,0,2,0,0,2260,0,0,5,0,0
860.52,8,2,0,0,1871,0,0,1,0,0
681.63,4,3,0,0,276,0,0,6,0,1
2852.21,15,2,1,0,2465,0,0,7,1,0
2149.01,23,3,0,0,540,0,0,4,0,0
2084.43,18,4,0,0,769,0,0,10,0,0
5122.56,5,1,0,0,2140,0,0,7,1,0
758.93,12,3,0,1,1343,1,0,10,0,0
4167.54,0,5,0,0,548,0,0,3,1,0
385.98,9,2,0,0,868,0,0,1,0,0
372.08,6,6,0,0,789,0,0,7,0,0
2327.96,12,2,0,0,618,0,0,4,1,0
243.53,9,1,0,0,869,1,0,4,0,0
1944.51,16,1,0,0,1754,1,0,4,0,0
1213.56,13,2,0,0,848,0,0,8,0,0
3203.03,22,4,0,0,1871,0,0,2,0,0
1033.34,1,9,0,0,579,1,0,3,1,0
1159.85,22,1,0,0,1189,0,0,2,0,0
1824.87,18,1,0,0,449,0,0,2,0,0
565.3,17,2,0,0,1794,0,0,5,0,0
541.2,19,6,0,0,906,1,0,5,0,0
1762.4,1,0,0,0,28,0,0,3,1,0
1064.98,5,4,1,0,1271,0,0,3,1,0
729.74,0,0,0,0,830,0,0,2,1,0
1009.51,19,4,0,0,59,0,0,5,0,0
5402.19,8,1,0,0,1011,1,0,2,0,0
704.14,8,3,0,0,104,1,0,1,0,0
684.02,14,3,0,1,1006,0,0,7,1,1
198.85,10,2,0,0,1377,1,0,9,0,0
1051.16,15,7,0,0,134,0,0,1,0,0
2115.16,22,4,0,0,443,1,0,7,0,0
2530.57,7,4,0,0,141,2,0,9,0,0
1221.97,21,2,0,0,405,1,0,3,0,0
2852.16,12,6,0,0,2036,0,0,7,0,0
2278.4,9,3,0,0,164,0,0,5,0,0
3337.41,22,2,0,0,215,1,0,7,1,1
2934.53,11,2,0,0,1980,0,1,10,0,0
5271.01,3,5,0,0,436,0,0,1,0,0
925.47,6,5,0,1,714,0,0,3,0,1
290.89,20,5,0,0,1351,0,0,3,0,0
2129.66,12,4,0,0,1265,0,0,3,0,0
2393.6,13,2,0,0,67,0,0,1,0,0
5271.11,16,5,0,0,1311,0,0,5,0,0
3949.29,4,2,0,0,2229,0,0,10,0,0
7673.07,2,2,0,0,629,0,0,8,0,1
2038.26,10,3,0,0,778,0,0,5,0,0
1378.58,22,4,0,0,2038,0,0,5,0,0
274.52,3,6,0,0,958,1,0,9,0,0
1492.33,17,4,0,0,2426,0,0,5,0,0
631.12,23,2,0,0,1952,3,1,3,0,0
1354.94,2,1,0,0,1087,0,0,5,0,0
1158.07,3,1,0,0,1829,0,0,3,0,0
1757.65,20,4,1,0,2471,0,0,5,0,0
994.93,2,1,0,0,1662,2,0,7,0,1
2793.42,17,8,0,0,515,0,0,4,0,1
72.01,19,1,0,0,2342,1,0,3,0,0
1326.09,7,2,0,0,1905,1,0,2,1,0
3650.03,6,4,0,1,1657,1,0,2,0,0
7115.63,12,1,1,0,1305,0,0,5,0,0
2280.07,12,1,1,0,1809,2,0,9,0,0
5912.85,20,3,1,0,1360,0,0,5,0,0
1298.46,14,4,0,0,1281,0,0,7,0,0
1099.78,23,1,0,0,2271,1,0,7,0,1
1862.02,5,2,0,0,1068,0,0,9,0,0
1093.14,6,3,0,0,2387,0,0,9,1,0
501.52,5,4,0,0,177,0,1,4,1,1
655.08,15,0,0,0,7,0,0,10,1,1
360.63,0,4,0,0,619,0,0,7,0,1
1860.08,20,0,0,0,595,1,0,3,0,0
1109.2,18,6,0,1,1222,0,1,5,0,1
764.88,23,3,0,0,734,0,0,10,0,0
622.23,23,5,0,0,582,0,0,10,0,0
1817.21,1,5,0,0,1177,1,0,2,1,0
2393.35,17,4,1,0,1334,0,0,10,0,0
354.07,12,3,0,0,1480,1,0,9,0,0
302.57,17,3,0,0,1036,0,0,8,0,0
2848.39,20,4,1,0,2128,0,0,3,0,0
277.24,13,3,0,0,751,1,0,9,0,0
1895.97,0,7,0,1,2470,0,0,8,0,0
5524.29,20,4,0,1,1890,1,0,3,0,0
5537.15,10,1,0,0,1146,0,0,7,0,0
2293.59,11,3,0,0,1622,0,0,2,1,0
2227.89,14,4,1,0,788,0,0,2,0,0
10424.43,21,5,0,0,1808,2,0,5,0,0
106.23,12,6,1,0,1901,1,0,1,0,0
689.29,4,2,0,0,1582,0,0,9,0,0
2561.87,17,2,0,0,1762,0,0,7,0,0
782.67,15,0,0,0,434,1,0,3,0,0
3788.7,1,0,0,0,300,1,0,4,1,0
1054.31,12,3,0,0,245,1,0,5,1,0
1251.06,18,2,0,0,1618,2,1,6,1,0
833.24,21,3,0,0,1299,1,0,4,0,0
650.34,6,4,0,0,2081,2,0,2,0,0
634.53,12,3,0,1,862,1,0,2,0,0
1438.23,19,2,0,0,178,0,0,8,0,0
505.44,14,3,0,0,1648,0,0,10,0,0
2844.68,10,8,0,0,1362,0,0,5,0,0
2107.43,4,2,0,0,86,2,0,9,0,0
3292.55,1,2,0,0,41,0,1,7,0,0
354.63,16,6,0,1,1702,0,0,7,0,0
200.44,23,6,1,0,706,1,0,1,0,0
1092.05,14,1,0,0,1048,0,0,1,0,0
19906.48,18,3,0,0,131,1,0,2,0,0
3890.17,16,2,0,0,2289,1,0,8,0,0
629.9,8,4,0,1,2418,0,0,3,0,0
1676.58,12,1,0,0,1075,0,0,2,0,0
2270.12,6,2,0,0,1508,0,0,2,0,0
279.11,5,3,1,0,479,2,0,3,0,1
4314.02,14,4,0,0,2484,0,0,3,1,0
927.58,15,6,1,0,2423,1,0,1,1,0
1001.57,23,2,0,0,2208,0,0,5,0,0
1123.03,5,2,0,0,676,0,0,2,0,0
3444.52,6,3,1,0,1007,0,0,2,0,0
515.34,3,2,0,1,1094,1,0,1,1,0
198.95,22,5,0,0,1297,0,0,8,0,0
1514.67,18,2,0,0,588,0,0,8,0,0
142.07,7,5,0,0,1786,1,0,7,0,0
811.51,23,3,0,0,878,0,0,1,0,0
3593.47,16,1,0,0,550,0,0,6,1,1
1956.86,11,3,0,0,955,0,0,3,0,1
3109.93,9,1,0,0,154,0,0,8,0,0
2039.28,13,1,0,0,291,0,0,3,0,0
12213.96,2,4,0,0,2108,0,0,5,0,0
608.96,4,8,0,0,1013,2,1,8,0,0
1632.93,22,3,0,0,1529,0,0,5,0,0
707.6,4,2,0,1,462,0,0,5,0,0
2854.93,3,3,0,0,2322,0,0,2,0,0
1031.15,20,4,0,0,1159,0,1,10,0,0
6117.11,22,5,0,0,1768,0,0,5,0,0
644.96,19,6,0,0,202,0,0,8,0,0
4478.87,2,3,0,0,701,1,0,1,0,0
1984.53,20,1,0,0,2047,1,0,2,0,0
1061.61,6,4,0,0,666,1,0,7,0,0
1886.43,0,3,0,0,434,0,0,1,0,0
1424.06,22,4,0,0,837,0,0,10,0,0
1565.49,6,7,0,0,14,0,0,8,0,0
891.7,15,3,0,0,466,3,0,9,0,0
543.71,1,4,0,0,1694,2,0,2,0,0
784.41,4,3,0,0,1216,0,0,7,0,0
203.74,21,2,0,0,118,1,0,6,1,0
2545.16,14,2,0,0,647,0,0,8,1,0
318.89,23,2,0,1,1821,0,0,4,0,1
882.14,4,1,0,0,2153,0,0,8,0,0
2096.54,21,1,0,0,318,1,0,4,0,0
2538.67,20,3,0,0,1950,0,0,6,0,0
185.93,22,3,0,0,1902,0,0,9,0,0
1000.4,1,3,0,0,530,0,0,10,0,0
1736.7,2,3,0,0,1589,0,0,7,0,0
1155.19,12,0,0,0,1283,0,0,10,0,0
4205.19,2,1,0,1,2468,0,0,5,1,0
482.12,1,1,0,0,2237,0,0,5,0,0
141.31,19,4,0,0,1599,0,1,2,0,0
2465.93,16,0,0,0,309,0,0,8,0,0
640.93,20,3,0,0,1847,1,0,9,0,0
188.95,22,4,0,0,1980,0,1,8,0,0
935.88,3,2,1,0,1493,0,0,8,0,0
3753.93,19,5,0,0,609,1,0,2,0,0
310.05,1,2,0,0,2031,1,0,2,1,0
11338.92,8,2,0,0,856,0,0,9,0,0
474.43,7,3,1,1,1887,0,0,4,0,0
1196.33,5,3,0,0,1388,0,0,6,0,0
324.04,17,2,0,0,992,0,0,8,0,0
1143.23,2,2,0,0,2036,0,0,4,0,0
959.35,19,2,0,0,851,0,0,5,0,0
247.28,20,6,0,0,486,0,0,5,0,0
18505.57,15,1,0,0,2305,0,0,7,0,0
668.25,1,3,0,0,2315,0,0,9,0,0
668.84,14,3,0,0,91,0,0,5,1,0
2890.07,15,2,1,0,1159,0,0,5,1,0
6729.49,8,2,0,1,1668,0,0,3,0,0
3382.72,8,4,0,0,800,0,0,9,0,0
329.91,11,2,0,0,334,0,0,9,0,0
1358.19,23,0,1,0,536,0,0,5,0,0
167.11,0,4,0,1,2265,0,0,10,0,0
2701.89,12,5,1,0,794,0,0,3,1,0
213.75,7,2,0,0,197,0,0,6,1,0
491.17,13,3,0,1,787,0,0,1,0,0
1093.13,0,0,0,0,737,0,0,8,0,0
1711.3,22,8,0,0,2028,0,0,1,0,0
844.77,10,2,0,0,58,0,0,4,0,0
5009.46,23,0,0,0,1034,0,0,3,1,0
2260.27,3,1,0,0,1902,0,0,6,0,0
2089.59,14,6,0,0,810,0,0,3,0,0
320.73,16,6,0,0,991,1,0,9,0,0
5999.12,19,2,1,0,383,0,1,3,0,1
491.24,0,0,0,0,2086,0,0,5,1,0
6232.56,15,1,0,0,1564,0,1,3,1,0
8284.94,3,2,0,0,1508,1,0,7,0,0
1831.07,10,7,0,0,952,0,0,5,1,0
3077.93,1,2,0,0,500,0,0,1,0,0
50.25,1,2,0,0,2059,2,0,6,0,0
902.35,18,3,0,0,641,0,0,10,1,0
3301.61,17,2,0,0,370,0,0,7,0,0
2764.21,21,2,0,0,652,0,0,6,0,0
323.85,16,2,0,0,1468,1,0,1,1,0
817.52,14,8,0,0,927,1,0,2,0,0
86.8,2,1,0,0,155,0,0,8,0,0
1657.38,18,3,0,0,18,0,0,10,0,0
166.78,5,1,0,0,315,2,0,1,1,0
3396.42,2,0,0,0,2330,0,0,3,0,0
3578.59,17,3,0,0,2451,0,0,4,0,0
682.41,14,3,0,0,1580,1,0,6,0,0
1846.92,3,3,0,0,1746,0,0,5,0,0
882.63,13,5,0,0,2050,0,0,2,0,0
1396.76,16,1,0,0,1310,0,0,1,0,0
348.19,11,2,0,0,1684,1,1,4,0,0
2043.65,17,4,0,0,265,0,0,1,0,0
212.47,12,2,0,0,180,1,0,9,0,0
175.93,8,1,0,0,34,0,1,4,1,0
970.75,5,6,0,0,2150,1,0,6,0,0
887.81,6,2,0,0,647,0,0,4,0,0
1439.86,19,5,0,1,376,1,0,2,0,0
572.77,8,2,0,0,1217,0,0,8,0,0
7227.81,17,3,1,0,169,0,0,10,1,1
1287.69,8,4,0,0,189,1,0,8,0,0
1384.21,12,4,0,0,288,0,0,1,0,0
1335.73,14,1,0,0,890,0,0,3,0,0
2989.64,11,8,0,0,521,0,0,4,1,0
1950.84,17,2,0,0,650,0,0,5,0,0
1706.19,22,3,0,0,2494,1,0,7,0,0
2289.26,20,0,0,0,2306,0,0,9,0,0
176.86,22,2,1,0,406,0,0,6,1,1
183.67,0,2,0,0,1555,0,0,6,0,0
1016.32,18,3,1,0,579,0,0,8,0,0
899.94,17,4,0,1,1383,1,0,7,0,0
1958.26,9,6,0,0,923,1,0,2,0,0
1118.81,7,3,0,0,1219,0,1,3,1,0
1962.29,1,2,0,0,812,0,0,4,0,0
315.58,20,4,1,0,379,0,0,5,0,0
1084.91,20,4,0,0,166,0,0,5,0,0
286.85,1,3,0,0,949,0,0,1,0,0
1614.62,13,6,0,0,770,0,0,9,0,0
167.62,13,6,0,0,1525,0,0,6,0,0
1553.57,4,4,0,1,839,0,0,4,0,0
252.4,13,3,0,0,2105,1,0,6,0,0
747.3,19,2,0,0,1135,1,0,9,0,0
2683.64,7,3,0,0,2388,0,0,7,0,0
1376.61,17,3,0,0,1220,1,0,4,0,0
211.52,23,1,0,0,1673,0,0,6,0,0
559.81,10,1,0,0,1490,0,0,6,0,0
244.35,2,5,0,0,1882,1,1,8,1,1
201.39,7,4,1,0,2027,0,0,10,0,0
1233.56,3,2,0,0,1285,0,0,5,0,0
1920.42,8,0,0,0,1492,0,0,3,1,0
1703.78,15,4,0,0,491,1,0,9,1,0
2003.45,4,0,0,0,1014,0,0,9,0,0
1083.65,12,3,0,0,1711,0,0,10,1,0
834.31,23,3,1,0,2380,0,0,9,0,0
375.0,6,2,0,0,1821,0,0,5,0,0
706.22,21,3,0,0,1620,0,0,8,0,0
292.55,7,3,0,0,596,0,0,6,0,0
470.99,14,3,0,0,1233,0,0,8,0,0
1198.62,3,4,0,0,2229,1,0,9,0,0
974.76,6,0,0,0,783,1,0,5,0,0
23499.35,20,6,0,0,1275,1,0,7,0,0
285.49,14,3,0,0,32,1,0,9,0,0
967.68,13,3,1,0,1714,1,0,2,0,0
264.08,12,3,0,0,1056,0,0,9,0,1
744.13,5,4,0,0,1303,0,0,5,0,0
775.03,22,3,1,0,356,0,0,9,0,0
2552.63,9,4,0,0,1444,0,0,2,0,0
699.48,0,4,1,0,1362,0,0,4,0,0
905.67,21,4,0,0,1841,0,0,5,0,0
713.14,1,7,0,0,2333,0,0,9,1,0
270.14,21,2,0,0,565,0,0,10,0,0
571.29,6,0,0,0,2133,0,0,6,0,0
748.49,1,2,0,0,1966,1,0,3,0,0
1180.66,5,1,0,0,1010,0,0,6,1,0
1917.83,15,4,0,0,852,0,0,3,0,0
867.32,13,2,0,0,1963,0,1,6,0,0
852.2,3,1,1,0,1395,0,0,2,0,0
196.21,7,1,0,0,1178,0,0,1,0,0
1881.33,5,1,0,0,1517,0,0,2,0,0
546.81,15,0,0,0,1109,0,0,8,1,0
2314.9,20,2,0,0,2331,0,0,1,0,0
4090.57,6,5,0,0,1771,0,0,3,1,0
908.76,21,6,0,0,443,1,0,10,0,0
394.13,9,3,1,0,1782,0,0,4,0,0
1078.47,1,6,0,0,1062,0,0,3,0,0
1554.18,7,4,0,0,837,1,0,10,0,0
799.89,20,0,0,0,265,0,0,9,0,0
623.88,19,2,0,0,940,0,0,6,0,0
1926.64,17,4,0,0,1070,2,0,5,0,0
1803.67,9,5,0,0,2424,1,0,1,0,0
775.66,18,2,0,1,1818,1,0,1,0,0
209.75,17,3,0,0,1629,1,0,9,0,0
1730.87,19,5,1,0,796,0,0,2,0,0
509.11,13,1,0,0,1168,0,0,8,1,0
1358.78,12,5,0,0,1585,0,0,6,1,0
1275.58,23,2,0,0,1468,0,0,10,0,0
165.84,22,3,1,0,1852,0,0,7,0,0
1189.25,12,2,0,1,1635,0,0,9,0,1
1834.51,4,5,0,0,1373,0,0,5,1,0
2073.83,9,2,0,0,990,0,0,4,0,0
1233.2,12,2,0,0,2091,0,0,10,0,0
151.84,16,2,0,0,250,0,0,7,0,0
3932.7,7,2,0,0,159,0,0,1,0,0
1654.12,1,2,0,0,1276,0,0,9,1,0
329.21,19,1,1,0,1797,0,0,9,0,0
498.82,22,9,0,1,1996,0,0,8,0,1
1381.91,1,4,0,0,2145,0,0,9,0,0
2164.15,7,2,0,0,2015,0,0,5,0,0
673.2,10,5,0,0,1899,0,0,1,0,0
2503.7,18,2,0,0,2183,0,0,10,0,0
182.59,18,4,1,1,1022,1,0,4,0,0
386.66,8,1,0,0,924,0,0,5,0,0
139.16,7,3,0,0,787,0,0,3,1,0
447.02,9,3,0,1,782,0,0,5,0,0
4954.63,5,0,0,0,439,0,1,6,0,0
8585.26,10,1,0,0,519,0,0,2,0,0
1386.57,6,6,0,0,1027,2,0,6,0,1
579.16,1,2,0,0,1677,0,0,2,0,0
878.63,17,3,0,0,753,0,0,9,0,0
1760.48,18,5,1,0,1387,1,0,7,0,0
229.76,6,4,1,0,1614,1,0,10,0,0
618.63,9,6,0,0,167,0,0,2,0,0
4604.98,9,2,0,0,496,0,0,5,1,0
385.4,0,2,0,0,13,2,0,4,1,0
518.52,13,3,0,0,14,0,0,8,0,0
1111.2,11,0,0,0,204,1,0,7,0,0
1455.55,22,1,0,0,1927,1,0,8,1,0
586.98,8,5,0,0,2333,0,0,5,0,0
1184.37,19,2,0,1,1889,0,0,10,0,0
2014.12,9,3,0,0,22,0,0,9,0,0
7796.67,4,3,1,0,610,2,0,1,0,0
966.57,8,6,0,0,1929,0,0,9,0,0
1052.27,21,5,1,0,1610,0,0,2,1,1
5051.56,6,1,0,0,922,1,1,6,1,0
633.23,20,5,0,0,1992,1,0,5,1,0
291.68,15,4,0,0,209,0,0,3,0,0
1408.46,17,2,0,0,892,1,0,10,0,0
3216.91,18,6,0,0,1341,1,0,10,0,0
1573.48,12,3,0,0,1329,0,0,1,0,0
995.24,14,2,0,0,1395,0,0,4,0,0
257.65,1,1,0,1,700,0,0,7,0,0
1034.46,16,4,0,0,2305,0,0,8,0,0
3763.69,17,4,0,1,725,1,0,5,0,0
319.22,2,1,0,0,1437,0,0,9,1,0
858.56,12,3,0,0,1011,0,0,1,0,0
744.35,12,0,0,0,1439,1,0,2,0,0
545.82,7,4,0,0,1428,0,0,4,0,0
1405.18,1,2,0,1,1370,1,0,7,1,1
1708.39,0,1,0,0,1859,1,0,10,0,0
1690.58,5,3,0,0,1719,1,0,8,0,1
412.89,5,2,0,0,800,1,0,1,0,0
211.46,5,1,0,0,1977,0,0,9,0,0
1425.66,14,2,0,0,1113,1,0,6,0,0
661.22,10,3,0,0,234,0,1,2,0,0
6893.35,2,5,0,0,2407,0,1,7,0,0
7219.27,2,5,0,0,347,2,0,2,1,0
8027.99,15,3,1,1,2298,1,0,9,0,1
428.33,22,3,0,0,155,0,0,8,0,0
1937.92,19,0,0,0,277,0,0,3,0,0
2620.06,18,5,0,0,2390,1,0,7,0,0
2341.05,7,4,0,0,1864,0,0,7,0,0
769.39,16,1,0,1,1454,0,0,3,0,0
3940.9,1,5,1,0,1549,1,0,6,0,1
1097.15,4,2,0,0,2446,0,0,2,0,0
1246.51,3,3,1,0,1560,1,1,9,1,1
235.61,4,5,0,0,379,0,0,9,0,0
2089.68,8,5,0,0,1582,0,0,8,0,0
845.21,1,6,0,1,1832,0,0,9,0,0
1745.47,19,3,0,0,1092,0,0,6,1,0
1387.3,17,3,0,0,781,0,0,8,0,0
1314.14,15,4,0,0,2055,0,0,8,0,0
1047.63,4,3,0,0,455,0,0,6,0,0
2408.12,20,2,0,0,1629,1,0,9,0,0
898.84,0,3,0,0,2017,0,0,6,0,0
255.9,23,3,0,0,1795,0,0,1,0,0
1937.12,17,4,0,0,415,0,0,3,0,0
488.33,4,1,0,0,2071,0,0,3,1,0
291.7,4,3,0,1,1499,0,0,9,0,0
394.55,16,7,0,0,1080,0,0,3,0,0
1455.83,19,3,0,0,467,1,0,5,0,0
995.74,11,1,0,0,293,1,0,7,0,0
129.97,1,1,0,0,843,1,0,4,1,1
747.21,11,2,0,0,258,0,0,5,0,0
3530.63,11,6,0,0,219,0,0,4,0,0
698.34,7,3,1,0,1609,0,0,4,1,0
929.39,21,0,0,0,2341,0,0,6,0,0
3111.91,8,3,0,0,1245,0,1,7,0,0
2429.62,5,1,0,0,2441,0,0,10,0,0
3046.51,16,4,0,1,2018,1,0,8,0,0
68.54,14,2,0,0,376,0,0,6,0,0
6207.56,14,4,0,0,114,1,0,7,0,0
2072.27,12,6,0,0,899,1,1,10,1,0
12854.85,7,2,0,0,139,0,1,10,0,0
501.54,6,2,0,0,314,0,0,10,1,0
188.02,2,1,0,0,1919,0,0,8,0,0
1104.58,4,3,0,0,291,0,0,7,0,0
832.66,13,6,0,0,2485,1,0,8,0,1
2108.36,9,7,0,0,573,0,0,8,0,0
3212.9,17,6,0,1,2118,0,0,4,0,0
1004.96,19,4,1,0,193,0,0,6,0,0
862.03,13,4,0,0,1048,0,0,10,1,0
1849.59,2,3,0,1,327,0,0,1,0,1
848.67,0,7,0,0,2189,1,0,3,0,0
780.56,5,1,0,0,175,0,0,1,0,0
3093.74,6,4,0,0,92,0,0,9,0,0
3865.24,1,5,0,0,2460,0,0,3,0,0
3242.07,18,6,0,0,1831,0,0,6,0,0
926.83,8,2,0,1,2049,1,0,10,1,0
129.05,17,5,0,0,434,0,0,5,0,0
945.58,5,5,0,0,1370,0,0,10,0,0
513.9,0,5,1,0,711,0,0,2,0,0
963.21,3,5,0,0,53,0,0,10,1,0
560.54,11,2,0,0,872,0,0,4,0,0
1074.12,11,3,0,0,1469,0,0,3,0,0
387.89,10,2,0,0,446,0,0,4,0,0
304.69,23,2,0,0,2203,0,0,8,0,0
3724.51,15,1,0,0,1258,1,0,8,0,0
415.86,17,5,0,0,2458,0,0,1,0,0
1097.0,2,3,0,0,1065,0,2,8,0,1
2848.41,11,5,0,0,805,0,0,3,0,1
2736.14,14,2,0,0,1328,0,0,2,1,0
2428.06,14,5,0,1,567,1,0,9,0,1
1484.55,22,6,0,0,921,0,2,9,0,0
2262.0,11,3,0,0,362,0,0,8,1,0
4328.98,8,3,0,0,232,1,0,9,1,0
1677.44,22,3,0,1,2467,0,0,2,0,0
174.65,8,2,0,0,2014,1,0,2,0,0
646.43,13,2,1,0,1894,0,0,1,0,0
2200.35,0,1,1,0,2018,0,0,9,0,0
585.76,3,3,0,0,1778,0,0,10,0,0
5541.97,1,3,0,0,1808,1,0,4,0,0
1029.49,10,2,1,0,416,0,0,9,0,0
1194.22,22,7,0,0,1646,0,0,5,1,0
3377.0,1,1,0,0,1223,0,0,2,0,0
913.38,23,6,0,0,1193,0,0,8,0,0
1308.03,20,3,0,0,1961,0,0,10,0,0
2694.92,0,3,0,1,1853,1,0,9,0,1
251.57,0,2,0,1,1432,1,0,9,0,0
824.44,21,0,0,0,2171,0,0,4,0,0
2512.8,14,2,0,0,23,0,0,7,1,0
1170.98,4,4,0,0,1893,1,0,4,0,0
4756.82,22,3,1,0,2102,1,0,3,0,0
226.8,13,2,0,0,638,0,0,5,0,0
202.35,15,1,0,0,926,1,0,10,0,0
2367.73,16,3,0,0,507,0,0,2,0,0
2606.61,4,5,0,0,643,1,0,4,0,0
903.93,8,3,0,0,1415,0,0,8,0,0
1636.63,3,1,0,1,1775,0,0,3,0,0
2310.47,12,4,0,0,987,0,0,10,0,0
485.97,23,1,0,0,1125,0,1,4,0,0
540.86,15,5,0,0,867,1,0,1,1,1
1325.74,16,3,0,0,253,0,0,1,0,0
2708.33,4,4,0,1,2340,0,0,5,0,0
341.74,13,4,0,0,721,0,0,4,1,0
899.69,23,1,0,0,1844,1,0,4,1,0
859.0,2,3,0,0,2058,0,0,4,0,0
1665.63,4,5,0,0,1253,0,0,9,1,0
1087.14,17,3,0,0,1145,0,0,8,1,0
635.31,0,2,0,0,860,1,0,7,0,0
3822.14,4,0,0,0,1902,0,0,1,0,0
639.54,22,4,0,0,659,0,0,6,0,0
818.85,0,4,0,0,379,1,0,6,0,0
223.3,10,6,0,0,2492,0,0,9,0,0
537.2,7,3,0,0,1358,0,0,4,0,0
1837.34,9,0,0,0,743,1,1,3,0,0
1511.11,6,1,0,0,44,1,0,7,1,1
1997.23,6,3,1,1,2115,1,0,1,0,0
1902.61,18,2,0,0,508,0,0,9,0,0
8845.94,0,3,0,0,330,0,0,4,1,0
519.12,3,2,0,0,250,0,0,2,1,0
217.15,6,1,0,0,1914,1,0,7,0,0
383.54,19,1,0,0,2102,1,0,4,0,0
542.59,9,4,0,0,1230,1,0,5,0,0
413.92,0,7,0,0,1662,0,0,3,1,0
1204.31,12,3,0,1,1131,0,0,7,0,0
3837.8,15,4,1,0,833,0,0,5,0,0
5113.6,10,3,0,0,2023,0,0,3,0,0
1815.85,2,3,0,0,2458,1,0,3,0,0
9332.63,21,6,0,0,137,0,0,1,0,0
767.87,20,4,0,0,1516,0,0,8,1,1
214.32,21,4,0,1,23,0,0,3,0,0
3143.77,23,7,0,0,239,0,0,2,0,0
174.41,7,2,0,0,264,0,0,10,0,0
515.43,10,2,0,0,885,1,1,2,0,0
1844.77,23,4,0,0,116,0,0,6,1,0
989.91,10,3,0,0,540,0,0,8,1,0
906.01,20,3,0,0,2327,0,0,7,0,0
336.71,15,3,0,1,763,0,0,6,0,0
1084.85,22,1,0,0,296,1,0,7,0,0
2991.9,0,5,0,0,981,0,0,1,0,0
1118.75,16,6,1,0,1968,0,0,1,0,0
478.08,19,2,0,0,1808,0,0,3,1,0
314.97,4,4,0,0,1890,0,0,2,1,0
488.04,17,1,0,0,463,0,0,8,0,0
1623.49,4,2,0,0,3,2,0,10,0,0
1546.27,21,2,0,0,667,1,0,9,1,0
492.5,21,2,0,0,699,3,0,7,0,0
120.21,0,2,0,0,2163,0,0,3,0,0
1669.05,12,5,1,0,2018,1,0,9,0,0
446.88,9,3,0,0,2085,0,0,6,0,0
2184.33,21,2,0,0,1627,0,0,8,0,0
514.86,7,5,0,0,1573,0,0,10,1,0
408.34,17,5,0,0,1938,1,0,10,0,0
1278.15,2,0,0,0,2247,0,0,10,0,0
11587.7,5,3,0,0,2074,0,0,4,0,0
2319.32,23,3,0,0,719,1,0,10,0,0
1256.67,9,3,0,0,79,0,0,3,0,0
1570.03,18,1,0,0,1374,0,0,9,0,1
190.35,23,2,0,0,1679,1,0,5,0,0
356.97,23,4,0,0,109,1,0,4,0,0
89.04,0,3,0,0,86,0,0,5,0,0
6184.95,5,3,0,0,2210,0,0,9,0,0
5051.22,17,4,0,0,2321,0,0,4,0,0
1624.28,22,3,0,0,1908,1,0,2,0,0
1255.28,23,6,0,0,1068,0,0,4,0,0
232.39,17,1,0,0,156,0,0,6,0,0
880.69,2,3,0,0,798,0,0,6,0,0
6583.96,17,1,0,0,2293,0,0,2,0,0
1250.65,6,1,0,0,434,0,0,3,1,0
623.5,19,2,0,1,1106,1,1,6,0,0
189.03,13,4,0,0,1694,0,0,7,0,0
4360.34,4,6,1,0,2342,0,0,4,0,0
1022.41,20,3,0,0,2049,0,0,5,0,0
189.29,23,3,0,0,329,0,0,10,0,0
435.17,12,3,0,0,272,0,1,5,1,0
305.66,19,2,0,0,1280,0,0,1,1,0
961.27,1,3,0,0,2455,0,0,8,0,0
1349.3,6,3,0,0,1016,0,0,5,1,0
663.01,3,5,0,0,202,0,0,9,1,0
2385.22,6,4,1,0,2415,1,1,2,0,0
1186.55,9,3,0,0,1960,0,0,9,0,0
3172.62,10,3,1,0,1191,0,0,8,0,1
767.24,7,2,1,0,172,0,0,8,0,0
23047.8,13,3,0,0,609,1,0,2,1,0
623.6,5,5,0,0,521,0,1,7,0,0
444.38,8,1,0,1,283,0,0,10,0,0
392.96,20,2,0,1,395,1,0,7,0,0
888.08,13,3,0,0,799,0,0,3,0,0
196.46,0,2,0,0,423,0,0,3,1,0
1472.27,7,2,1,0,460,1,0,10,0,0
163.15,19,1,0,0,2144,1,0,8,0,0
1289.06,4,3,0,0,1325,1,0,6,0,0
283.94,22,4,0,0,1657,1,0,2,1,0
748.98,7,6,0,0,1177,0,0,9,0,1
2007.29,15,4,0,0,2429,0,0,4,0,0
10982.27,11,3,0,0,1927,0,0,2,0,0
373.16,15,5,0,0,557,0,0,10,0,0
943.58,19,0,0,0,416,0,0,4,0,0
531.79,3,7,0,0,476,1,0,1,0,0
459.5,8,3,0,0,1398,2,0,3,0,0
536.48,13,3,0,0,413,0,0,6,0,0
2500.05,6,2,1,0,654,1,0,6,0,0
673.13,9,1,0,1,2085,0,0,3,0,0
10397.42,21,7,0,0,1795,0,0,9,0,0
1662.34,5,3,0,0,829,0,0,3,0,0
399.41,4,3,0,0,2077,0,0,9,0,0
759.98,13,2,0,0,1496,1,0,3,0,0
491.84,2,5,0,0,2013,0,0,6,1,0
2440.77,0,7,0,0,868,0,0,8,0,0
212.98,20,7,0,0,1408,0,0,6,0,0
286.88,6,1,0,0,1351,1,0,1,0,0
606.95,2,4,0,0,675,1,1,10,0,0
2171.01,15,3,1,0,1724,1,0,8,1,0
3763.33,11,2,0,0,819,0,0,9,0,0
4361.37,10,1,0,0,296,1,0,5,0,0
1862.74,10,2,0,1,1726,0,0,4,0,0
1009.4,3,2,0,0,2258,1,0,3,0,0
2427.52,20,3,1,1,2181,2,0,7,0,1
349.15,0,1,1,0,772,0,1,6,0,0
173.36,11,4,0,0,1343,0,0,4,1,0
1697.03,6,6,0,0,412,1,0,2,0,0
401.14,15,4,0,1,1379,0,0,9,0,0
1027.3,13,2,0,1,1969,1,1,9,0,0
1235.99,9,0,0,0,2103,2,0,1,1,0
1405.46,12,3,0,0,2491,1,0,8,0,0
2801.17,5,0,0,0,1765,1,0,4,0,0
2520.15,3,3,1,0,830,0,0,4,0,0
1332.75,21,6,0,0,402,0,0,9,0,0
704.85,14,6,0,0,1029,0,0,2,0,0
1221.41,15,0,0,0,1218,0,0,2,0,0
604.13,23,3,0,0,469,2,0,10,0,1
901.06,21,1,0,0,1565,0,0,3,1,0
15035.56,14,4,0,0,59,1,0,9,0,0
1315.79,19,2,0,0,462,1,0,6,1,0
1720.28,12,3,0,0,336,0,0,5,0,0
541.6,5,2,0,0,578,2,0,4,1,1
3041.4,14,2,0,0,2390,1,0,8,0,0
2345.54,21,1,0,0,2429,0,0,4,0,0
2362.21,21,3,1,0,2209,1,0,8,0,0
1359.53,12,2,1,0,2420,0,0,5,0,1
3084.64,22,2,0,0,1994,1,0,4,0,0
3911.54,4,0,0,0,660,0,0,5,0,0
1455.49,0,3,0,0,2351,2,0,5,1,0
977.88,9,1,0,1,2414,0,0,4,1,0
2682.68,4,3,0,0,1580,0,0,2,1,0
444.02,22,6,0,0,1108,0,1,10,0,0
534.88,2,4,1,0,985,0,0,9,1,1
1039.71,12,3,0,0,317,0,0,9,0,0
192.22,18,4,1,0,653,0,0,3,0,0
2508.89,2,2,0,1,439,1,0,5,1,1
418.67,1,6,0,0,1895,3,0,8,1,0
684.38,13,3,0,0,146,1,1,9,1,0
886.0,21,6,1,0,1724,0,0,5,0,1
1140.57,0,3,0,0,1576,1,0,9,1,1
777.7,0,1,0,0,1221,0,0,5,1,0
1025.19,22,3,1,0,494,0,0,9,0,1
1033.15,14,7,0,0,1557,0,0,1,1,0
701.32,16,4,0,0,1351,0,0,1,0,0
506.14,6,1,0,0,1607,1,0,2,0,0
3234.0,7,4,0,0,698,0,0,1,0,0
133.7,11,1,0,0,1104,0,0,8,0,0
892.73,5,2,0,0,1453,0,0,1,1,0
686.15,10,3,0,0,514,1,0,10,0,0
1667.02,22,4,0,0,2472,0,0,2,0,0
256.14,17,8,0,0,546,0,0,10,0,0
665.28,20,4,0,0,313,0,0,6,0,0
989.94,11,4,0,1,320,0,0,4,0,1
3197.34,18,4,0,0,111,0,0,2,1,0
1528.72,10,5,0,0,327,0,0,1,0,0
335.8,14,6,0,0,2144,0,1,6,1,0
673.52,17,4,0,0,992,0,0,4,1,0
2659.92,19,7,0,0,1256,2,0,4,0,0
330.04,22,4,0,0,552,0,0,6,0,0
1013.69,2,4,0,0,1483,1,0,3,0,0
1086.68,19,2,0,0,118,1,0,10,0,1
745.62,17,2,0,0,742,0,0,8,0,0
16248.43,17,2,1,1,855,2,0,3,0,1
725.8,0,5,0,0,1203,0,0,7,1,1
1719.46,11,3,1,0,328,0,0,6,0,1
509.64,23,5,0,1,1226,0,0,6,1,1
1858.91,21,10,0,0,1761,1,0,10,0,0
2619.63,5,2,0,0,2428,1,0,10,0,0
609.13,11,4,0,1,1261,0,0,1,0,0
1038.26,20,4,0,0,1932,0,0,8,0,0
447.97,22,5,0,1,89,0,0,1,1,0
349.18,7,1,0,0,316,2,0,2,0,0
3092.69,19,4,0,0,406,2,1,4,0,0
630.18,20,0,0,0,357,0,0,8,1,0
98.14,3,1,0,0,57,0,0,7,1,0
6408.34,0,2,0,0,2088,0,0,5,0,0
491.72,1,5,0,0,640,1,0,3,0,1
857.16,3,2,0,0,368,0,0,1,0,0
5658.46,17,5,0,0,409,0,0,7,1,0
951.71,9,3,0,0,2382,1,0,3,0,0
931.38,16,2,0,0,257,0,0,8,0,0
321.12,2,2,0,0,101,0,0,10,0,0
213.83,14,2,0,0,501,0,0,1,0,0
928.54,17,1,0,0,1713,0,0,7,0,0
1576.26,23,2,0,1,1718,0,0,8,0,0
1488.5,7,0,0,0,456,1,0,1,0,0
677.72,13,4,0,0,56,0,1,3,0,0
1119.08,11,5,0,0,1387,0,0,3,0,0
174.65,8,2,0,0,440,0,0,10,0,0
1737.44,15,6,0,0,920,0,0,9,0,0
1288.72,13,2,0,0,1347,0,0,7,0,0
7892.44,19,2,0,0,2156,0,0,9,0,0
1104.87,0,3,0,0,778,1,0,9,0,1
427.23,5,7,0,0,209,0,0,9,0,1
1042.4,13,4,0,0,1178,0,0,1,0,0
790.13,13,7,1,0,828,1,0,4,1,1
1693.76,21,1,0,0,2468,1,0,2,0,0
1126.52,16,5,0,0,715,0,0,8,1,0
311.08,0,0,0,0,674,0,1,7,0,0
213.63,11,0,0,0,534,0,0,2,0,0
1426.4,20,2,0,1,2162,0,0,3,0,0
4372.61,20,3,0,1,75,0,1,4,0,0
1187.19,19,1,0,0,18,0,0,8,1,0
2473.27,11,3,0,0,144,0,0,1,0,0
3019.39,2,1,0,1,911,0,0,1,0,0
1431.95,5,6,0,0,1464,0,1,8,0,1
485.66,20,1,0,0,702,0,0,5,1,0
1333.16,8,5,0,0,1657,1,0,10,1,0
3666.79,18,0,1,0,1636,0,1,8,0,1
1862.9,0,3,0,0,2,0,0,9,0,0
2317.5,11,2,0,0,2446,1,0,7,0,0
690.53,22,4,0,1,342,0,0,5,0,0
895.74,5,2,0,0,1495,0,0,7,1,0
973.86,0,1,0,0,562,0,0,8,0,0
1041.75,6,5,0,0,1288,0,1,6,0,0
3526.14,1,3,0,0,800,0,0,6,0,0
104.88,14,2,0,0,1795,0,0,2,0,0
1130.64,4,4,0,0,2265,0,0,3,0,0
1012.83,5,3,1,0,13,1,0,10,0,1
278.24,14,2,0,0,2063,1,0,9,0,0
2146.87,7,3,0,0,1898,0,0,6,0,1
531.39,15,3,0,0,1388,1,0,2,0,0
767.37,22,3,0,0,254,1,0,1,0,0
6965.9,22,2,0,0,1747,1,0,5,0,0
3010.84,17,3,0,0,2313,2,0,2,0,0
1947.86,23,4,0,0,1690,0,0,2,0,0
1604.84,17,5,0,0,2256,1,0,4,1,0
930.13,1,5,0,0,2422,0,0,8,0,0
8098.04,22,3,1,0,925,0,0,8,0,0
2445.9,13,3,1,0,2399,0,0,5,0,0
518.25,0,4,0,0,16,0,1,1,1,0
270.4,14,6,0,0,1927,1,0,4,0,0
1933.02,5,4,1,0,662,1,1,2,0,0
1037.05,12,3,1,0,620,0,0,8,0,0
262.71,15,1,0,0,2031,1,1,3,0,0
1683.43,0,3,0,0,2251,0,0,4,0,0
837.96,10,3,1,1,854,0,0,3,0,1
1864.34,1,7,0,1,703,0,0,10,0,0
1705.72,2,1,0,0,1016,0,1,9,1,0
596.89,5,2,0,0,1238,0,0,8,0,0
2064.92,18,2,0,0,1657,1,0,10,1,0
666.54,9,2,0,0,1457,1,0,9,1,0
711.32,1,7,0,0,704,1,0,4,0,0
644.02,17,8,0,0,1641,0,0,10,1,1
3398.11,13,3,0,0,1577,1,0,8,1,0
828.34,3,1,0,0,1784,1,0,9,1,0
4326.19,13,3,0,0,1113,0,0,3,0,0
6525.58,5,1,1,0,1361,0,0,6,0,0
523.89,15,3,0,1,2498,0,0,1,0,0
59.09,22,4,0,0,1288,0,0,8,0,0
3116.64,7,3,0,0,2421,0,0,3,0,0
779.01,17,3,0,1,1062,0,0,10,0,1
461.19,0,4,0,0,1274,0,0,3,0,0
608.67,9,1,0,1,171,0,0,6,1,0
724.29,21,2,0,0,1039,0,0,3,0,0
4012.59,1,1,0,0,339,0,0,5,0,0
1286.8,22,2,0,0,53,1,0,2,0,0
3958.41,2,3,0,0,971,1,0,3,0,0
1797.62,11,3,0,0,837,0,0,4,0,0
804.94,4,3,0,0,839,1,0,2,1,0
742.22,0,2,0,0,1819,0,0,10,1,0
1922.94,8,4,0,0,246,0,0,8,1,0
2490.97,13,1,0,0,1917,0,0,3,0,0
2971.41,17,3,0,0,1017,2,1,2,1,0
844.26,7,6,1,0,409,1,0,7,1,1
1306.63,11,4,1,0,343,0,0,1,0,0
1966.56,4,2,0,0,2252,0,0,8,0,0
746.98,17,2,0,0,776,0,0,8,0,0
352.5,4,3,0,0,408,1,0,3,0,0
489.67,20,4,0,1,934,0,0,4,0,0
861.75,4,4,0,0,2173,0,0,9,1,0
2126.45,15,3,1,0,912,1,1,9,0,1
3862.14,7,4,0,0,1044,3,1,8,0,0
282.58,23,3,0,0,2153,0,0,2,0,0
603.45,6,5,1,0,590,0,0,4,1,0
766.73,22,0,0,0,2390,0,0,5,0,0
2427.74,20,1,0,0,1771,0,0,10,0,0
646.7,11,2,0,0,120,0,0,2,0,0
713.56,11,2,0,0,2146,0,0,6,0,0
267.2,8,4,0,0,1554,0,0,1,0,0
1778.29,10,2,0,1,2409,1,0,6,0,0
933.18,11,2,0,0,1398,0,0,7,0,0
570.18,3,0,0,0,1914,0,0,10,0,0
845.97,7,2,0,0,1081,0,0,8,0,0
3384.62,21,4,0,0,2401,1,1,1,0,0
401.46,23,5,0,0,6,0,0,8,0,0
472.64,1,2,0,0,982,0,0,9,0,0
3836.26,17,2,0,0,435,1,0,4,0,0
1182.96,5,3,0,0,2262,0,0,1,0,0
2142.55,15,2,0,0,2256,1,0,5,1,0
1638.85,14,1,0,0,1180,0,0,1,1,0
1058.56,21,4,0,1,1770,1,0,9,0,0
774.1,16,1,0,0,310,1,0,7,0,0
2518.85,19,3,0,0,1245,0,0,7,0,0
3506.37,19,2,1,0,2413,0,0,1,1,0
3242.79,15,0,0,0,418,0,0,5,0,0
335.13,9,4,0,0,380,1,0,7,0,0
4043.68,8,2,0,0,2487,0,0,5,0,0
766.68,8,5,0,0,238,0,0,2,0,0
515.41,8,4,0,0,1368,1,0,6,1,0
925.81,6,4,0,0,777,0,0,2,0,0
2517.77,7,2,0,0,2486,0,0,10,1,0
1882.7,13,2,0,0,1392,0,0,6,0,0
849.47,6,0,0,0,2401,0,0,2,1,0
2534.28,8,5,0,0,801,0,0,9,0,0
1261.25,17,3,0,0,1434,0,0,4,0,0
618.33,7,2,0,1,1497,0,0,2,0,0
540.21,2,2,0,0,1255,0,0,7,0,0
1652.81,0,5,0,0,1495,0,0,2,0,0
1009.77,18,4,0,0,481,0,0,3,0,0
277.13,22,2,0,0,1872,0,0,5,0,0
2558.46,16,4,0,0,1018,0,0,4,0,0
678.39,1,1,0,0,2423,0,0,4,0,0
5389.02,13,6,1,1,1137,1,0,6,1,1
269.62,6,7,0,0,1565,0,1,6,0,0
915.34,7,5,0,0,472,0,0,6,0,0
544.58,22,1,0,0,618,1,0,1,1,0
413.47,19,4,0,0,2436,1,0,4,1,0
673.99,17,3,0,0,67,0,0,10,0,0
6441.83,12,5,0,0,1922,0,0,9,1,0
1265.69,13,1,1,0,1557,2,1,2,1,1
496.85,21,5,0,0,202,0,0,2,0,0
176.16,15,0,0,0,910,0,0,9,0,0
196.1,13,3,0,0,147,0,0,8,0,0
641.33,2,1,0,1,907,0,0,10,1,1
581.91,23,2,0,0,446,1,0,8,0,0
876.51,19,1,0,0,827,0,0,3,0,0
113.05,8,7,0,0,2496,0,0,10,0,0
1000.56,6,1,0,0,1061,2,0,6,1,0
3064.78,23,3,0,0,513,0,0,5,0,0
5557.15,22,5,0,0,1216,1,1,9,0,0
164.94,10,3,1,0,2004,0,0,10,0,1
492.06,5,5,0,0,1679,0,0,10,0,0
466.74,19,3,0,0,248,0,0,6,0,0
1268.67,15,5,1,0,1921,0,0,6,0,0
323.83,21,4,0,0,153,1,0,9,0,0
5897.38,13,3,0,0,1146,1,0,5,1,0
1145.42,13,1,0,0,2422,0,0,5,0,0
969.57,3,2,0,0,215,0,0,7,0,1
5392.23,14,4,0,0,2087,0,0,6,0,0
1079.18,8,2,0,0,1105,0,0,7,0,0
1636.48,4,3,0,0,2203,0,0,3,0,0
517.6,18,4,0,1,2244,0,0,10,0,0
278.52,8,3,0,0,1974,0,0,4,0,0
595.64,5,3,0,0,2266,0,0,3,0,0
9769.06,23,6,0,0,1915,0,0,4,0,0
2065.28,23,3,0,0,2413,0,0,10,0,0
1443.08,11,2,0,0,692,0,0,7,0,0
413.07,7,5,0,0,1979,0,0,5,1,0
2727.8,3,1,0,0,1511,0,0,2,1,0
282.11,15,5,0,0,1757,0,0,5,0,0
228.82,14,2,0,0,79,1,0,10,0,0
627.1,14,4,1,0,1364,1,0,9,1,0
7742.59,18,4,0,0,1406,0,0,1,0,0
7316.55,11,3,0,0,837,0,0,5,0,0
698.38,16,2,0,0,1012,1,1,3,0,0
558.81,15,2,1,0,2033,0,0,7,0,0
212.65,19,2,0,0,520,0,1,7,0,0
1185.63,17,1,1,0,447,0,0,1,0,0
1289.5,0,1,0,0,845,1,0,4,0,0
2415.25,14,2,1,1,1842,0,0,5,0,0
2726.32,23,3,0,0,2239,1,0,5,0,0
900.17,13,2,0,0,1358,0,0,3,0,0
1912.23,12,2,0,0,1628,0,0,7,0,1
544.22,14,1,0,0,1462,1,0,8,0,0
1876.27,13,3,0,0,518,0,0,1,0,0
660.35,9,2,1,0,978,0,0,1,0,0
1736.21,23,3,0,0,1645,0,0,6,0,0
1601.19,1,4,0,0,1410,0,1,6,0,0
1174.74,19,1,0,0,2020,0,0,2,0,0
2427.31,3,1,0,1,1963,1,0,7,0,0
228.06,4,8,0,0,1081,0,0,7,0,1
378.07,14,4,0,0,1206,0,0,5,0,0
837.1,15,5,1,0,1084,2,0,3,0,0
258.98,22,3,0,0,2015,0,0,6,0,0
730.07,7,2,0,0,457,0,0,1,0,0
753.98,0,2,0,0,59,1,1,8,0,0
4063.03,6,4,0,0,2402,0,0,6,0,0
1264.63,13,2,0,0,2005,2,0,3,1,1
3069.99,8,1,0,1,2181,0,0,7,0,0
1482.78,6,4,0,0,2227,0,0,1,0,0
641.84,21,2,0,0,949,0,0,9,0,0
1253.53,13,7,0,0,2321,0,0,7,0,0
2274.3,16,1,0,0,565,0,1,8,0,0
3617.0,17,3,0,0,1153,1,0,4,0,0
960.73,9,3,0,0,269,0,0,7,0,0
211.13,17,4,0,1,1098,1,0,7,0,0
196.8,23,2,0,0,1375,0,0,8,0,0
791.23,17,6,0,0,936,0,0,9,0,0
105.86,7,5,0,0,2185,0,0,9,1,0
6601.85,18,4,0,0,208,1,0,6,0,0
1992.08,5,0,0,0,442,1,1,7,0,0
580.76,1,4,0,0,2185,0,0,8,0,0
361.53,10,4,0,0,1339,1,0,5,0,0
3065.97,12,1,0,0,633,0,0,5,0,0
360.09,11,1,0,0,1793,0,0,4,0,0
396.14,6,3,0,1,380,1,0,10,1,1
509.82,6,3,0,0,2152,0,1,4,0,0
1229.16,22,1,0,0,1913,0,0,3,0,0
2040.19,6,1,0,0,601,0,0,5,0,0
3614.37,18,2,0,0,347,0,0,9,0,0
3118.08,6,5,0,0,626,0,0,10,0,0
1097.48,2,4,0,0,1911,0,1,9,0,0
3042.77,1,1,0,1,1292,0,0,8,1,0
560.6,5,3,0,0,2082,0,1,5,0,0
177.53,20,1,0,0,1836,0,0,3,0,0
560.52,10,2,0,0,645,0,0,1,0,0
489.67,16,7,0,0,814,1,0,1,0,0
582.9,23,3,0,0,253,0,0,3,0,0
420.16,1,3,0,1,1915,0,0,4,1,1
691.52,2,2,0,0,920,0,2,9,1,1
2038.6,22,3,0,0,705,0,0,6,0,0
6095.2,13,5,0,0,335,1,0,5,0,0
195.32,14,5,0,0,2221,0,0,2,0,0
302.56,8,1,0,0,1462,0,0,5,0,0
496.98,19,2,0,0,186,0,0,8,0,0
2358.41,15,4,1,0,2249,0,0,8,1,0
893.42,6,2,0,0,1782,1,0,3,0,0
531.6,15,5,0,0,1296,1,0,3,0,0
2245.61,0,4,0,0,2243,0,0,9,1,1
2853.75,5,4,0,0,586,0,0,8,1,0
1076.25,4,5,1,0,620,0,0,2,0,0
484.82,18,1,0,0,1490,0,0,7,1,0
1436.95,17,3,0,0,849,0,0,1,0,0
868.47,2,2,0,1,227,0,0,1,0,0
861.77,21,3,0,0,1750,1,0,10,0,0
656.94,19,4,0,1,766,0,0,7,1,0
2765.52,10,5,0,0,2392,0,0,2,0,0
1407.94,5,5,0,0,2286,0,0,5,0,0
3089.3,10,4,0,0,845,1,0,10,1,0
4172.73,14,6,0,0,2128,0,0,5,0,0
1735.38,15,4,0,0,1684,0,0,7,1,0
660.85,8,2,0,0,1925,0,0,2,1,0
3103.63,2,2,0,0,2491,1,0,8,0,0
1747.02,14,4,0,0,1704,0,0,9,0,0
14814.59,16,4,0,0,1890,0,0,1,1,0
1495.33,6,5,0,0,1834,0,0,7,1,0
2203.25,15,1,0,0,2414,1,0,1,0,0
1466.19,13,1,0,0,1595,0,0,8,0,0
993.17,12,3,0,0,1362,2,0,5,0,1
846.58,0,4,0,0,1419,0,0,9,0,1
1471.8,7,3,0,0,1254,1,0,5,0,0
1846.74,8,2,0,0,129,1,0,9,0,0
3478.61,20,2,0,0,1201,0,0,2,0,0
1493.46,19,3,0,0,248,0,0,9,0,0
690.29,20,5,0,0,684,0,0,7,0,0
790.88,11,2,0,0,580,0,0,2,0,0
292.09,7,2,0,0,2085,0,0,7,0,0
5774.54,11,2,0,0,1369,0,0,1,0,0
638.31,19,1,0,0,1079,1,1,10,0,0
2885.46,14,4,0,0,551,0,0,1,0,0
1445.99,14,5,0,0,2320,0,0,3,1,0
1485.83,10,3,0,0,1167,0,0,3,1,0
975.11,16,4,0,0,1975,1,0,5,0,0
498.8,20,4,0,0,1455,0,0,4,0,0
416.32,16,4,0,0,1489,1,0,10,0,0
6176.24,9,6,0,0,1872,0,1,8,1,1
1229.01,20,1,0,0,1572,0,0,10,1,0
3378.77,22,3,0,0,1395,1,0,3,0,0
4380.45,19,4,0,0,1278,1,0,6,0,0
727.16,21,2,0,0,1690,0,0,9,0,0
1674.9,6,4,0,0,209,1,0,8,0,0
1147.12,10,4,0,0,1133,0,0,10,0,0
344.74,5,4,0,0,531,0,0,6,1,0
910.98,8,2,0,0,2306,0,0,3,0,0
1973.39,17,3,0,0,1894,0,0,5,0,0
665.79,16,2,0,0,1910,0,0,2,0,0
792.47,0,2,0,0,545,0,0,6,0,0
922.08,18,5,0,0,1114,0,0,5,1,0
9059.14,4,3,0,0,181,0,0,2,0,0
175.2,4,4,0,0,451,1,0,1,0,0
1811.02,13,3,0,0,1323,0,0,6,0,0
851.21,5,4,0,0,1774,1,1,10,1,0
577.87,23,4,0,0,2222,0,0,9,1,0
830.58,3,5,0,0,1116,0,0,1,0,0
2137.47,3,5,0,0,1707,1,0,7,0,0
2263.17,18,3,0,0,562,1,0,10,0,0
1320.83,6,4,0,0,958,1,0,6,0,0
3270.64,17,2,0,0,1502,1,0,2,0,0
3900.39,16,4,0,0,1297,0,0,1,0,0
2480.9,4,3,0,0,968,0,0,4,1,0
635.12,13,0,0,0,1080,1,0,5,0,0
1798.02,12,1,1,0,1943,1,0,2,0,0
1806.6,2,0,0,0,1085,0,0,5,1,0
485.11,18,4,0,0,706,0,0,1,0,0
228.28,20,3,0,0,200,0,0,6,0,0
145.07,22,3,1,0,1173,0,0,6,1,1
1175.98,2,3,0,0,813,0,0,2,0,0
1477.4,4,2,0,0,884,0,0,2,0,0
336.37,19,1,0,0,873,1,0,5,0,0
3121.39,7,2,0,0,2121,0,1,8,1,0
1276.94,15,2,1,0,2210,0,0,5,0,0
4227.87,8,3,0,0,1063,0,0,7,0,0
1588.48,5,2,0,0,1278,0,0,7,0,0
377.54,14,1,0,0,589,0,0,6,0,0
1734.16,4,5,0,0,178,0,0,2,0,0
2143.32,3,4,0,0,2155,0,0,8,1,0
634.21,12,3,0,0,780,0,0,6,0,0
259.28,4,5,0,0,2317,0,0,3,0,0
1212.33,4,2,0,1,693,0,1,3,0,1
403.09,18,3,1,0,923,0,0,10,0,0
3364.01,12,2,0,0,1095,0,0,4,0,0
729.84,13,1,0,0,2195,0,0,8,1,0
6152.42,3,3,0,0,790,2,1,4,0,0
131.08,3,5,0,0,1226,1,0,5,0,0
1254.88,9,1,0,0,1965,0,0,7,0,0
4579.72,9,3,0,0,1831,1,0,8,0,0
450.2,10,6,0,1,803,0,0,7,0,1
935.24,3,0,0,0,681,0,0,7,0,0
732.87,21,4,0,0,767,1,0,10,0,0
553.48,8,5,1,0,400,0,0,4,0,0
1400.55,19,1,0,1,1165,0,0,1,0,0
300.24,9,5,0,0,1298,0,0,4,0,0
981.45,11,3,0,1,2282,0,0,9,0,0
1837.19,2,5,0,0,1007,1,0,3,1,0
884.4,16,3,1,0,690,0,0,2,1,0
403.35,1,2,0,0,1,0,0,3,0,0
3072.31,17,1,0,0,2485,0,0,2,0,0
2276.19,21,4,0,0,114,0,0,7,0,0
387.15,8,8,0,1,26,0,0,7,0,0
300.63,21,2,0,0,1568,0,0,5,1,0
423.3,16,5,0,1,1541,0,0,1,0,0
1891.78,0,5,0,0,864,0,0,10,1,0
1444.58,4,6,0,0,1284,0,0,7,1,0
2416.52,15,3,0,0,83,1,0,1,0,0
791.44,16,5,0,0,1531,0,0,7,0,0
434.97,2,3,1,1,1075,0,0,5,0,1
2748.6,16,2,0,0,2324,0,0,1,0,0
630.52,19,4,0,0,310,0,0,4,0,0
1321.53,2,1,0,0,2291,1,0,4,0,0
232.78,21,6,0,0,377,0,1,5,0,0
620.29,12,1,0,1,185,0,0,6,0,0
3009.1,14,4,0,0,1900,0,0,7,0,0
535.78,1,2,1,0,115,0,1,4,0,0
2476.26,14,4,0,0,194,1,0,5,0,0
106.59,10,1,0,0,1527,1,0,9,1,0
626.79,8,0,0,0,1151,0,0,5,0,0
923.94,18,6,0,0,919,0,0,7,0,0
6263.79,5,6,0,0,818,0,1,8,0,1
340.68,1,1,0,0,2005,1,0,4,0,0
2145.21,11,2,0,0,2447,0,0,5,0,0
3155.59,17,7,0,0,1962,0,0,5,0,0
532.99,3,3,0,0,55,1,0,3,1,0
754.82,23,1,0,0,1374,0,0,1,0,0
1263.48,16,2,1,0,1138,1,0,10,0,0
249.26,22,4,0,0,857,1,0,9,0,0
695.68,11,0,0,0,1748,0,0,10,0,0
3928.89,2,2,0,0,1246,1,0,2,0,0
1849.47,4,2,0,0,2357,0,0,8,1,1
937.53,12,3,0,1,1425,0,0,2,0,0
1227.91,14,2,0,1,789,1,0,4,1,0
1960.4,17,3,0,0,2346,0,0,8,0,0
2374.19,19,4,1,0,1586,0,0,2,0,0
628.66,18,4,0,0,1815,0,0,9,0,0
5088.41,14,0,0,0,639,0,0,8,0,0
4090.2,0,8,0,0,563,0,0,6,0,0
2158.69,12,5,0,0,1574,2,0,9,0,1
472.03,19,2,0,1,704,0,0,7,0,0
395.35,20,4,0,0,219,0,0,6,1,0
791.08,20,2,0,0,1043,0,0,7,0,0
1165.34,0,1,0,0,716,0,0,1,1,0
187.07,10,1,0,0,2322,0,0,4,0,0
1798.47,14,6,1,0,1111,1,0,1,0,0
3973.74,5,4,0,0,923,1,0,10,0,1
1951.74,9,3,0,0,151,0,0,1,0,0
557.77,2,2,0,1,1594,2,1,3,1,1
495.51,4,2,0,1,489,0,0,9,0,0
1480.08,0,1,0,0,1769,0,0,8,0,0
940.77,23,5,0,0,264,0,0,5,0,0
1707.94,20,3,0,0,1752,0,0,4,0,0
2001.64,9,2,0,0,2362,1,1,9,0,0
3267.86,0,0,0,0,2351,0,0,3,1,0
353.5,8,4,0,0,1280,1,0,8,1,0
1368.7,10,2,0,0,758,2,0,6,1,0
762.44,4,3,0,0,1468,0,0,7,0,0
993.63,15,4,0,0,1941,0,0,9,0,0
2602.97,23,3,0,0,2045,0,0,1,0,0
2901.91,20,4,0,0,168,1,0,8,0,0
4440.15,20,4,0,0,858,0,0,8,0,0
1678.39,19,3,0,0,1258,1,0,2,1,0
982.38,1,5,0,0,251,0,0,1,0,0
851.6,13,0,0,0,1474,0,1,9,0,0
193.49,13,2,0,0,423,0,0,2,0,0
4186.98,2,1,0,0,359,1,0,9,0,0
794.81,3,2,0,0,1719,1,0,1,0,0
1818.74,13,3,0,0,1664,0,0,6,1,0
2162.45,17,3,0,0,2368,0,0,8,0,0
315.67,5,3,0,0,2427,1,0,7,0,0
435.57,11,3,0,0,1125,0,0,7,0,0
5151.38,1,3,0,0,1734,0,0,1,1,0
1466.21,2,7,0,0,771,0,0,10,0,0
613.64,13,3,1,0,1280,1,0,4,0,0
966.47,13,3,0,0,2203,1,1,9,0,0
3249.44,18,2,0,0,747,0,0,1,0,0
2791.44,21,4,1,0,993,0,1,2,0,1
253.13,4,1,0,0,341,1,0,8,0,0
5621.11,8,3,0,0,323,0,0,8,0,0
2881.74,20,1,0,0,1973,1,0,7,0,0
941.55,1,3,0,1,646,0,0,10,0,1
333.04,19,1,0,0,1475,0,0,8,1,0
3146.38,22,2,0,0,1951,1,0,1,0,0
1765.92,2,4,0,0,918,0,0,9,0,0
255.24,3,5,0,1,2156,1,0,2,0,0
869.5,16,0,0,0,2228,1,0,8,0,1
24988.55,11,4,0,1,1977,1,0,8,0,0
1114.88,23,1,0,0,1428,0,0,4,0,0
522.19,13,4,0,0,2460,0,0,9,1,0
400.02,15,1,0,0,1843,0,1,3,0,0
6451.7,5,1,0,0,334,0,0,6,0,0
2559.99,7,2,0,0,1653,0,0,1,0,0
4480.27,4,5,0,0,1228,0,0,7,1,0
1405.55,3,4,0,0,490,1,0,9,0,0
3843.04,2,2,0,0,1650,1,0,4,0,0
469.51,21,5,0,1,2492,0,0,8,0,0
1290.25,1,2,0,0,2441,0,0,3,0,0
1461.26,12,2,0,0,1683,0,0,10,1,0
4369.69,12,2,1,0,2371,1,0,1,0,0
1508.46,1,4,0,0,1006,0,0,1,1,0
586.69,20,3,0,0,893,0,0,5,0,0
1169.2,12,3,0,0,1578,0,0,1,0,0
205.12,3,4,0,0,2221,0,0,4,1,0
107.67,3,1,1,0,425,0,0,2,0,0
2518.31,16,7,1,0,1288,0,0,3,0,0
753.9,14,3,0,0,2183,0,0,4,1,0
844.36,9,3,0,0,241,0,0,9,0,0
2517.31,9,6,0,0,355,0,0,4,0,0
4433.79,0,4,0,0,146,1,0,3,0,0
1871.49,0,1,0,0,1908,0,0,7,1,0
7540.72,12,2,0,0,2497,0,0,4,0,0
1812.91,8,3,0,0,1281,1,0,9,0,0
1483.58,6,4,0,0,2354,1,0,7,1,0
1394.64,9,6,0,0,2387,0,0,5,0,0
303.23,14,3,0,0,1580,1,0,1,1,0
2852.64,7,3,0,0,2043,2,0,10,0,0
95.06,8,1,0,0,1749,0,0,4,0,0
610.18,6,5,0,0,754,2,0,3,0,0
1122.07,15,2,0,0,1460,2,0,4,0,0
497.82,1,2,0,1,84,0,0,1,0,0
698.02,22,1,0,0,1988,1,0,6,0,0
6900.68,13,6,0,0,11,0,0,8,1,0
3307.75,5,3,0,0,707,1,1,7,0,0
552.34,18,2,1,1,383,0,0,10,0,0
685.7,22,1,0,0,623,1,0,4,0,0
305.82,1,3,0,0,249,0,0,3,0,0
2219.4,4,1,0,0,1253,1,0,10,0,0
854.28,3,2,0,0,258,0,0,8,0,0
153.47,1,4,0,0,510,0,0,6,0,0
1212.92,17,4,0,0,1012,1,0,4,1,0
1701.01,4,3,0,0,1293,1,0,2,0,0
2873.08,9,1,1,0,2167,0,0,3,0,0
1019.07,19,3,0,0,2388,2,0,1,0,0
755.46,14,0,0,0,1540,1,0,6,1,0
7992.55,16,7,0,0,768,1,1,5,0,0
1103.88,2,4,0,0,177,1,0,6,0,0
2251.97,23,6,0,0,1508,0,0,7,0,0
639.36,1,4,0,0,1964,0,0,3,0,0
2186.18,17,7,0,0,2244,0,0,1,0,0
255.79,15,1,0,0,1195,1,0,10,0,0
690.86,9,6,0,0,1430,0,0,7,0,0
327.58,20,3,0,0,1793,0,0,3,1,0
598.86,21,3,1,0,262,1,0,3,0,0
3829.43,1,3,0,0,1165,0,0,6,0,0
594.47,22,6,0,0,1554,1,0,5,1,1
2249.03,5,5,0,1,1584,1,0,2,1,1
5000.36,18,3,0,0,1504,0,0,8,1,0
1066.8,19,1,0,0,791,1,1,6,0,0
2962.44,13,2,0,0,792,0,1,5,0,0
1865.13,20,4,0,0,2365,1,0,9,0,1
1232.05,19,4,0,0,1540,0,0,1,1,0
2322.31,12,3,0,0,23,0,0,5,1,0
6904.57,4,1,0,0,1918,0,0,4,0,0
579.83,10,3,0,0,1412,1,0,3,0,0
420.23,21,2,0,0,2027,0,0,2,0,0
396.27,4,0,0,1,704,0,0,7,0,0
2964.39,23,3,0,0,1957,1,0,1,0,0
3392.65,4,4,0,0,572,1,0,8,0,0
640.96,15,5,0,0,1261,0,0,3,0,0
129.54,15,3,0,0,2192,1,0,4,0,0
558.49,4,3,0,0,1904,0,0,10,0,0
1896.67,11,5,0,1,1812,1,1,4,0,1
1025.85,3,4,0,0,140,0,0,3,0,0
1313.36,8,3,0,0,900,0,0,10,0,0
649.79,23,2,0,0,1824,1,0,4,0,0
3023.25,1,5,0,0,2021,0,0,3,0,0
1545.64,20,2,0,0,635,0,0,10,0,0
1971.33,16,7,0,0,2253,0,0,4,1,0
1285.71,17,6,0,0,215,0,0,7,0,0
1852.64,6,6,0,0,1235,1,0,9,0,0
1734.67,22,2,0,0,1188,0,0,8,0,0
433.51,6,3,0,0,473,0,0,5,0,0
1592.5,12,4,0,0,461,0,1,9,0,0
2419.96,0,5,1,0,1128,0,0,1,1,0
3481.23,21,6,0,0,2446,0,0,6,0,0
1662.55,16,3,0,0,1634,1,0,6,1,0
417.69,3,2,0,0,469,0,0,4,0,0
487.2,15,4,0,0,1590,0,0,4,0,0
709.71,4,1,0,0,2335,2,0,3,1,0
1325.39,10,1,1,0,821,0,0,6,0,0
970.45,12,1,0,0,2098,0,0,1,0,0
356.48,22,3,0,0,1433,0,0,9,0,0
354.35,7,3,1,0,2116,1,0,9,0,0
134.49,0,3,0,0,1205,0,0,8,0,0
48.45,10,1,0,0,1101,1,0,2,0,0
961.23,22,0,0,0,168,0,0,2,0,0
11161.55,19,0,0,0,663,0,0,10,1,1
6612.91,1,2,0,0,444,2,0,7,0,0
412.31,1,4,0,0,1201,1,0,5,0,0
1273.98,18,5,0,0,1336,2,0,6,1,0
253.51,17,5,0,0,2385,1,0,6,1,0
295.27,13,1,0,0,577,0,0,5,0,0
331.14,2,3,0,0,753,0,0,4,0,0
875.24,6,0,0,0,1250,0,1,7,0,0
913.73,20,6,0,0,335,0,0,1,0,0
1411.91,3,5,0,0,1134,0,0,9,0,0
2128.59,4,2,0,0,1903,0,0,7,0,0
782.99,10,1,1,0,837,0,0,5,1,1
1137.06,17,4,0,0,1194,0,0,10,0,0
367.3,19,6,0,0,2354,2,0,7,1,0
285.86,14,1,1,0,609,0,0,2,0,0
244.94,11,1,0,0,2284,0,0,6,0,0
2099.07,9,3,0,0,114,0,0,6,0,0
782.19,1,2,0,0,1500,1,0,7,1,0
168.83,6,2,0,0,2017,1,0,5,0,0
1029.58,5,3,0,0,281,0,0,5,0,0
314.56,1,3,1,0,644,0,0,8,0,0
5769.72,17,4,0,1,1419,0,0,3,0,0
614.73,8,2,0,0,31,0,0,8,0,0
2167.88,12,3,0,0,1006,0,0,5,0,0
3258.31,4,1,0,0,2458,0,1,6,0,0
422.03,14,8,0,0,1134,1,0,6,0,0
1183.28,3,1,0,1,2125,1,0,8,0,0
1907.35,16,5,0,0,135,0,0,1,0,0
1230.96,17,4,0,0,1554,0,0,3,0,0
1573.57,7,1,0,0,2440,2,0,10,1,1
290.14,5,2,0,0,1476,0,0,1,0,0
1908.43,18,3,0,0,882,0,0,6,0,0
674.41,5,3,0,0,525,0,0,8,0,0
1555.34,4,5,0,1,303,0,0,5,0,0
2751.74,8,3,0,0,1058,1,0,1,0,0
2140.53,23,8,1,1,1653,0,0,7,0,1
1554.21,11,2,0,0,1556,1,0,10,0,0
2084.17,6,2,0,0,2345,1,1,8,0,0
2182.9,12,6,0,0,751,0,0,1,1,0
4892.71,8,6,0,0,1275,1,0,4,0,0
1059.92,15,5,0,0,1705,1,0,5,0,0
1292.01,10,3,0,0,1649,0,0,3,0,0
2785.18,14,3,0,0,1602,0,0,8,1,0
671.57,10,0,1,0,1539,0,0,7,0,0
288.51,11,4,0,0,2252,0,0,6,0,0
1795.84,10,1,0,0,829,0,0,9,1,0
892.46,9,3,0,0,228,2,0,6,0,0
327.82,23,2,0,0,2416,0,0,7,1,0
1809.02,6,3,0,0,104,0,0,5,0,0
4587.7,19,2,0,0,2492,0,0,7,0,0
214.92,17,4,0,0,2,0,0,4,0,0
3048.26,12,3,1,0,1951,0,1,7,1,1
86.74,7,4,0,1,2449,0,0,1,0,0
734.88,11,4,0,0,875,0,0,4,0,0
6908.56,20,2,0,0,1516,0,0,5,0,0
789.72,4,3,0,0,2457,0,0,3,0,0
1199.83,14,1,0,0,1886,0,0,3,0,0
2351.64,18,2,0,0,1978,0,0,6,1,0
197.06,15,3,0,0,1618,0,0,5,0,0
1178.61,3,2,0,0,839,0,0,5,0,0
1169.36,12,3,0,0,576,0,0,6,1,0
7060.85,4,5,0,0,209,0,0,5,0,0
318.7,22,2,0,1,1668,0,0,8,1,0
748.79,8,5,1,0,644,0,0,4,0,0
433.39,10,4,0,0,1648,0,1,9,0,0
389.78,20,1,0,0,1817,1,0,2,0,0
3385.99,10,3,1,0,2274,0,0,9,0,1
1126.25,4,3,0,0,2102,1,0,1,1,0
629.19,21,1,0,0,888,0,0,1,1,0
653.38,15,5,0,0,130,0,0,4,0,1
624.39,14,2,0,0,1580,0,0,8,0,0
682.8,1,2,0,0,1817,0,0,4,1,0
309.68,10,1,0,0,980,0,0,6,0,0
846.64,11,2,0,0,1679,1,0,7,0,0
765.7,6,1,0,0,436,0,0,2,1,0
513.99,13,6,0,0,429,0,0,7,1,0
1280.55,5,6,0,0,1920,1,0,7,0,1
1393.94,11,1,0,0,385,0,0,7,0,0
628.51,19,5,0,0,1164,2,0,3,0,0
949.43,17,2,0,0,661,0,0,10,0,0
9495.98,6,7,0,0,1013,1,1,2,0,1
9140.16,4,1,0,0,162,0,0,9,0,0
382.19,0,0,0,0,1150,0,1,9,1,0
439.46,8,2,0,0,2282,0,0,8,0,0
380.16,0,4,0,0,2274,2,0,1,0,0
3155.98,3,4,0,0,1137,2,0,9,0,0
736.18,23,1,0,0,1512,0,0,8,0,0
1393.64,20,2,0,0,237,1,0,6,0,1
8078.55,13,3,0,0,560,0,0,10,0,0
1085.22,18,1,0,0,1454,0,0,1,0,0
2222.19,11,1,0,0,1065,1,0,9,0,0
1845.34,14,3,1,0,757,1,0,8,1,0
608.98,22,1,0,0,253,0,0,5,0,0
3162.64,1,3,0,0,795,0,0,9,0,0
468.86,8,1,0,0,787,1,0,9,1,0
4187.59,2,3,0,0,497,0,1,7,0,1
609.45,19,4,0,0,859,0,0,7,0,0
679.96,19,5,0,1,1161,0,0,3,0,0
369.26,17,2,0,0,355,0,0,4,0,0
435.17,14,3,1,0,105,0,0,4,1,0
715.68,11,1,0,0,2183,0,0,6,0,0
96.41,0,3,0,0,1405,1,0,4,0,1
868.41,18,4,0,0,1561,0,0,6,0,0
659.86,21,4,0,0,560,0,0,4,0,0
2416.34,23,4,0,0,41,0,0,6,0,0
1674.02,8,3,0,0,2092,0,0,7,0,0
540.43,4,3,0,0,252,0,0,5,0,0
693.29,15,4,0,0,2051,0,0,3,0,0
867.3,0,1,0,0,2439,3,0,5,0,0
4846.23,1,4,0,0,203,0,0,10,0,0
481.88,19,3,0,0,247,0,0,9,0,0
533.92,22,2,1,0,10,0,0,10,0,0
354.75,9,5,0,0,1720,0,0,10,0,0
249.13,12,3,0,0,635,1,0,2,0,0
1490.7,13,3,0,0,1891,0,0,9,0,0
1343.33,3,3,0,0,1283,2,0,3,0,0
3955.1,5,4,0,0,2213,0,0,10,0,0
3106.99,7,1,0,0,2442,0,0,4,0,0
12053.58,20,3,0,0,2172,0,0,4,1,0
1018.54,10,0,0,0,827,0,1,3,0,0
845.11,17,3,0,0,1670,0,0,8,0,0
298.8,4,1,0,0,984,0,0,4,0,0
2200.8,22,3,0,0,1661,0,0,3,0,0
1234.64,21,2,0,0,2140,0,0,9,0,0
2103.31,11,2,0,0,1203,1,0,2,0,0
351.03,5,1,0,0,1806,0,0,6,1,0
1558.69,23,2,0,0,148,0,0,8,0,0
1346.41,19,4,0,0,1812,0,0,2,0,0
1260.21,12,3,0,0,1505,0,0,3,1,0
553.76,6,2,0,0,1917,0,0,6,0,0
3602.29,14,5,0,0,948,1,0,1,0,0
8521.16,8,2,0,0,2138,0,0,5,0,0
361.28,16,3,0,0,1235,0,0,1,1,0
2253.96,19,2,0,0,953,2,0,10,0,0
61.69,11,4,0,0,1625,0,0,10,0,0
2140.1,1,0,0,0,564,0,0,5,0,0
168.99,13,1,0,0,1559,0,0,5,1,0
648.74,20,2,1,0,1601,0,0,9,0,0
295.0,5,4,0,0,1920,0,0,2,1,0
883.94,23,6,0,0,442,1,0,7,0,0
2537.14,8,0,0,0,1711,0,0,10,0,0
171.18,16,2,0,0,721,0,0,9,0,0
765.49,16,3,0,0,2118,1,0,3,0,0
656.31,4,2,0,0,769,2,1,9,1,0
5329.69,0,2,0,0,2456,0,0,10,1,0
1688.78,22,6,0,0,334,0,0,4,0,0
337.91,16,0,0,0,951,0,1,7,1,0
684.51,15,1,0,0,1588,0,0,10,0,0
5198.39,7,3,0,0,1271,0,0,3,0,0
2240.3,2,3,1,0,466,1,0,3,0,0
437.8,6,4,0,0,55,0,0,4,0,0
839.6,13,1,0,0,2206,0,0,2,1,0
866.87,16,4,0,0,637,0,0,6,0,0
640.35,7,1,0,0,831,1,0,5,0,0
198.3,5,2,0,0,1296,0,0,1,0,0
556.9,5,2,0,0,521,2,0,4,0,0
4399.29,23,1,0,0,930,1,0,4,0,0
749.09,15,3,0,0,1892,1,0,10,0,0
989.05,23,2,0,0,1092,1,0,3,0,0
1262.09,0,3,0,0,2426,2,0,8,0,0
10078.32,10,4,0,0,1292,0,0,2,0,0
1106.41,10,1,0,0,1924,0,0,2,1,0
3274.58,9,3,0,0,2066,0,0,9,1,0
602.94,9,1,0,0,1780,0,0,8,1,0
846.07,1,5,0,0,110,1,0,2,1,0
1110.49,0,3,0,0,915,0,0,8,0,0
505.66,18,5,0,0,1563,1,0,5,0,0
894.52,10,1,0,0,2061,1,0,8,0,0
2665.24,3,1,0,0,1445,0,0,4,0,0
492.57,8,5,0,0,2096,0,0,1,0,0
1096.73,22,5,0,0,894,0,0,8,0,0
2227.72,11,6,0,0,1850,0,0,8,0,0
480.84,23,4,0,1,1891,0,0,10,0,1
3279.39,3,6,0,1,329,1,1,2,0,1
1179.54,2,1,0,0,2478,0,0,3,0,0
929.71,13,4,0,0,1919,0,0,4,1,0
147.21,16,3,0,0,1658,0,0,1,0,0
754.75,23,6,0,1,1181,1,0,6,0,1
1590.16,11,4,0,0,1677,2,0,7,1,0
6281.38,4,2,0,0,2223,0,0,6,1,0
1935.05,12,6,0,0,587,0,1,8,0,0
3381.98,7,4,0,0,2451,0,0,5,0,0
327.31,4,0,0,0,2182,0,0,4,1,0
966.01,2,2,0,0,669,0,0,10,0,0
3717.28,17,8,0,0,281,0,1,6,0,0
451.36,15,4,1,0,1006,0,0,6,1,0
2879.07,3,4,0,0,1953,1,0,8,0,0
2283.16,13,0,0,0,1777,0,0,7,0,0
1443.35,21,4,0,0,2234,0,0,2,0,0
789.42,19,2,0,0,1518,1,0,8,0,0
409.0,10,5,0,0,1805,1,0,6,0,0
6472.9,1,5,0,0,2305,0,1,9,1,0
2062.89,15,4,1,0,787,0,0,2,0,0
1541.66,12,3,0,0,1539,0,0,4,0,0
725.71,22,1,0,0,1315,0,1,10,0,0
1138.96,13,2,0,0,1779,0,0,9,1,0
1293.0,17,4,0,0,2165,0,0,2,0,0
1635.78,12,0,0,0,408,1,0,7,0,0
2285.5,12,2,0,0,186,1,0,1,0,0
501.46,7,2,0,0,511,0,0,3,1,0
253.0,9,0,0,0,620,0,0,8,1,0
1193.06,7,1,0,0,264,0,0,6,0,0
191.1,11,0,0,0,529,0,0,4,1,0
793.41,22,3,0,0,2483,1,0,7,1,0
659.06,8,5,0,0,1589,0,0,10,0,0
1793.18,11,3,0,0,1154,1,0,1,0,0
7963.29,22,5,0,0,270,1,0,9,0,1
156.87,3,3,0,0,1600,0,0,8,0,0
10659.27,6,3,0,0,673,0,0,4,0,0
868.64,11,0,0,0,1860,1,0,6,0,0
1552.79,9,0,0,0,2123,0,0,4,0,0
266.44,8,4,0,0,811,0,0,3,0,0
2971.65,18,4,1,0,1546,0,0,7,0,0
1143.07,11,4,0,0,2261,0,0,5,1,0
1031.26,8,2,0,0,1323,0,0,2,1,0
158.0,11,2,0,0,498,0,0,2,0,0
1180.62,21,7,0,0,250,0,0,8,0,0
2555.05,23,5,0,1,673,1,0,1,1,0
865.86,5,4,0,1,399,1,0,8,0,0
3548.21,0,8,0,0,1195,1,0,7,0,0
3404.64,0,3,0,0,278,0,0,5,1,0
577.61,10,3,0,0,119,0,0,4,1,0
5405.18,15,2,0,0,483,0,0,10,0,1
1147.45,1,1,1,0,305,0,0,9,1,0
1152.57,12,6,0,0,588,0,0,8,1,0
1210.73,9,2,1,0,1747,1,0,4,1,0
1175.34,22,2,0,0,1078,0,0,8,0,0
79.03,14,4,0,0,527,0,1,5,0,0
910.96,10,2,0,0,829,0,0,7,1,0
280.35,14,3,0,0,972,1,0,4,0,0
5576.61,3,3,0,0,79,2,0,5,0,0
5356.59,11,3,0,0,1964,0,0,9,0,0
2570.71,7,1,0,0,2060,0,0,7,0,0
863.97,4,6,0,0,2031,1,0,9,0,0
400.21,9,2,0,0,2063,0,1,1,0,0
568.17,15,5,0,0,2184,0,0,9,1,0
7651.38,13,3,0,0,927,0,0,4,0,0
548.84,23,2,0,0,1953,0,0,8,0,1
104.0,6,0,0,0,2247,0,0,2,0,0
3072.25,16,2,1,0,1252,0,0,1,0,1
4917.24,13,4,0,0,2419,1,0,1,0,0
5763.01,20,2,1,0,2338,0,0,5,0,1
3097.49,21,6,0,0,949,1,0,7,0,0
3646.49,16,1,0,0,25,1,0,5,0,0
1156.25,10,6,0,0,1684,1,1,10,0,0
137.51,12,2,0,0,1829,0,0,5,1,0
1127.64,15,2,0,0,2148,2,0,6,0,0
2041.77,19,4,0,0,1028,0,0,9,1,0
957.89,5,6,1,0,1963,0,0,10,1,1
915.22,20,6,0,0,289,1,0,5,0,0
418.17,19,1,0,0,587,0,1,9,0,0
402.73,2,2,0,1,2096,0,0,8,0,0
6892.22,6,2,0,0,1389,0,0,6,0,0
7146.27,5,5,1,0,347,1,0,5,0,1
1093.73,13,1,0,0,1069,0,0,5,0,0
1453.2,5,2,0,0,537,0,0,2,0,0
411.23,7,2,0,0,713,0,0,7,0,0
2085.11,4,5,0,0,614,0,0,1,1,0
6371.88,1,3,0,0,1576,0,0,7,0,0
237.64,11,3,0,0,1799,0,0,10,1,0
1743.91,7,5,0,0,21,0,0,2,0,0
1879.99,12,5,0,0,513,1,0,6,0,0
1858.65,5,3,0,0,409,0,1,10,1,0
5669.28,6,1,0,0,332,0,0,3,0,0
8400.26,21,4,0,0,254,0,0,7,1,0
868.28,19,2,0,0,1581,1,0,1,0,0
2149.89,6,4,0,1,2485,1,1,4,0,0
1193.01,3,2,0,0,1268,0,0,8,0,0
582.82,23,1,0,0,387,1,0,3,0,0
1437.72,16,5,0,0,2137,0,0,4,0,0
2146.3,11,0,0,0,2077,1,0,8,0,0
1362.3,16,3,0,0,2361,0,1,10,0,0
454.33,5,3,1,0,2157,1,0,5,0,0
689.83,10,5,0,0,744,0,0,4,0,0
695.13,9,0,0,0,1257,0,1,7,0,0
472.27,17,7,0,0,2171,1,0,2,0,0
1500.48,4,4,0,0,137,0,0,6,0,0
1665.89,11,3,0,0,1085,0,0,6,0,0
2920.52,20,4,0,0,1902,0,0,4,0,0
465.16,4,2,0,0,1738,0,0,10,1,0
615.55,2,2,0,0,1483,1,0,7,0,0
5190.42,19,2,0,0,1908,1,1,2,0,0
930.3,20,6,0,1,1604,0,0,3,0,0
1130.18,10,7,0,0,1580,0,0,2,1,0
920.48,1,4,0,0,1397,1,0,5,0,0
3405.1,12,6,0,0,1731,0,0,1,0,0
3539.74,7,3,0,0,835,1,0,3,0,0
3338.27,14,3,0,0,667,0,0,9,0,0
1126.16,3,2,0,0,2482,0,0,8,0,0
458.32,19,2,0,0,916,0,0,2,0,0
7519.19,16,3,0,1,1730,0,1,1,0,0
2581.97,15,2,0,0,996,0,0,4,0,0
694.6,12,6,0,0,1773,1,1,2,0,1
4554.26,5,6,0,0,690,0,0,1,0,0
641.87,22,4,0,0,1376,0,0,7,0,0
4494.92,6,2,0,0,1109,1,0,5,0,0
4809.19,8,2,0,0,149,0,0,4,1,0
436.38,22,4,0,1,1077,0,0,10,0,1
1962.08,0,0,0,0,1469,0,0,6,0,0
2397.52,3,1,0,0,999,0,1,4,0,0
14986.56,18,3,0,0,1191,0,0,2,0,0
522.02,8,5,0,0,1271,0,0,1,1,0
4594.17,13,2,0,0,1040,0,0,10,0,0
1115.82,13,3,1,0,967,0,0,8,0,0
316.92,19,3,0,0,1164,0,0,3,0,0
972.64,14,2,0,0,353,0,0,4,0,0
1099.34,10,6,0,0,2131,0,0,9,0,0
380.36,13,4,0,0,1414,0,0,8,1,0
1498.43,17,6,0,0,2157,0,0,5,0,0
2857.81,9,1,0,0,450,1,0,3,0,0
1391.59,4,4,1,0,2165,0,0,8,0,1
637.88,11,0,0,0,2467,0,1,9,0,0
945.32,23,3,0,0,1421,0,0,6,0,0
1091.66,2,0,0,0,1646,1,0,9,1,1
1362.83,4,4,0,0,1869,1,1,7,1,0
3327.01,23,2,1,1,861,1,0,5,0,1
1439.34,19,5,1,0,671,1,0,2,0,0
269.7,2,0,0,0,1005,0,0,9,0,0
624.95,5,1,0,0,387,0,0,2,1,0
1294.68,16,3,0,0,578,0,0,3,0,0
3374.91,18,6,0,0,1576,0,0,2,0,0
4015.22,17,3,0,0,1311,1,0,6,0,0
6468.41,20,2,0,0,2258,0,0,5,0,0
1249.64,12,4,0,0,824,0,0,7,0,0
2352.68,21,3,0,0,1688,0,0,7,0,0
256.09,14,1,0,0,943,0,0,5,1,0
1685.61,11,1,0,0,2313,0,0,9,0,0
374.18,15,6,0,0,1951,1,0,7,0,0
1030.15,10,2,0,0,1099,0,0,6,0,0
22693.6,14,1,0,0,1822,1,0,5,0,0
1485.57,20,1,0,0,1041,0,0,4,1,0
462.29,22,3,0,0,2391,0,0,4,1,0
1648.78,13,4,0,0,2198,0,0,9,0,1
653.88,0,2,0,1,790,0,0,8,0,0
419.58,14,5,0,0,1426,0,0,2,0,0
8983.45,6,2,0,0,283,0,0,2,0,0
3186.93,5,2,0,0,594,1,0,8,0,0
1549.27,21,6,0,0,1581,0,0,9,1,0
741.13,10,5,0,0,88,0,0,8,0,0
803.69,18,1,0,0,641,3,0,2,0,0
5128.06,8,1,0,0,647,0,0,8,0,0
1490.07,14,3,0,0,2077,1,0,9,0,0
50.26,15,5,0,0,12,0,1,3,0,0
12344.16,21,5,0,0,2094,1,2,1,1,1
1316.94,4,2,0,0,2468,1,0,5,0,0
1545.91,13,7,0,0,1727,0,0,7,1,0
3250.92,9,2,0,0,395,1,0,2,1,0
1746.56,11,2,0,0,603,0,0,8,0,0
2314.41,20,2,0,0,402,0,0,3,1,0
717.86,3,2,0,0,2071,1,0,4,0,0
320.6,13,5,0,0,1805,0,0,4,0,0
1451.33,9,5,1,0,277,0,0,7,1,1
4589.91,21,1,0,0,2364,0,0,2,0,1
573.75,5,4,0,0,106,0,0,1,0,0
529.52,5,3,0,0,417,0,0,9,0,1
3718.29,2,3,0,0,2423,0,0,9,0,0
694.2,10,2,0,0,550,0,1,3,0,0
727.37,0,3,0,0,1815,1,1,1,0,0
755.1,12,1,0,0,869,1,0,2,0,0
1027.64,5,0,0,0,1038,0,0,7,0,0
227.32,9,1,0,0,1232,0,0,1,1,0
639.48,14,3,0,0,1177,0,0,10,0,0
1380.73,16,7,0,0,193,0,0,9,0,0
1370.92,1,4,0,0,363,1,0,4,0,0
3491.17,3,1,0,0,108,0,1,5,0,0
6900.8,7,1,0,0,2128,0,0,6,0,0
4976.51,12,5,1,0,7,0,0,10,0,0
2737.09,21,1,0,0,2055,0,0,4,0,0
945.08,3,3,0,0,2490,0,0,10,0,0
588.12,1,1,0,0,758,0,0,8,0,0
1116.42,15,2,0,0,1628,0,0,8,0,0
1969.59,23,5,0,1,1611,0,0,1,0,0
2494.74,19,4,0,0,2252,0,0,2,0,0
2044.86,13,4,0,0,6,0,0,4,0,0
971.48,0,2,0,0,1923,0,0,6,1,0
2408.75,13,7,0,0,2187,0,0,8,0,0
3869.47,10,6,0,0,2265,0,0,6,0,0
2644.3,10,3,0,0,94,1,0,7,0,0
1062.08,11,7,0,0,1000,0,0,10,0,0
476.35,13,3,0,0,1976,0,0,4,1,0
465.18,17,5,0,0,2019,0,0,3,0,0
554.9,4,3,0,0,792,1,0,9,0,1
1418.1,1,4,1,1,2436,0,0,5,0,1
1844.21,1,3,0,0,1198,0,0,1,1,0
266.52,9,3,0,0,1287,1,0,9,0,0
662.49,12,1,0,0,1484,0,0,3,0,0
1398.68,18,5,1,0,2021,1,0,2,1,0
446.0,10,3,0,1,802,0,0,7,0,0
1692.4,12,1,0,0,2408,0,0,8,1,0
806.39,23,3,0,0,1363,0,1,3,0,0
531.97,17,1,0,1,1836,0,0,3,0,0
1156.56,16,2,1,1,1686,0,0,2,0,0
1623.4,8,3,1,0,27,0,0,7,0,0
469.41,3,2,0,0,2079,1,0,7,0,0
860.39,22,4,0,0,1998,1,0,10,0,0
1750.54,13,3,0,0,2212,0,0,4,1,0
511.79,1,3,0,0,270,0,0,4,0,0
208.98,11,5,0,0,514,0,0,6,1,0
235.9,2,2,0,0,2360,2,1,8,0,0
721.95,23,1,0,0,2077,0,0,6,0,0
293.41,12,3,0,1,2187,0,0,2,1,0
774.55,18,3,0,0,1135,0,0,3,0,0
5796.11,11,4,0,0,807,2,0,2,1,0
276.28,0,3,0,0,542,0,0,8,0,0
826.66,15,2,1,1,1586,1,0,4,0,0
9249.31,15,1,1,0,649,0,0,9,0,0
1649.34,5,3,0,0,2425,0,0,8,0,0
759.21,17,4,0,1,2421,0,0,7,0,0
937.41,5,0,1,0,819,0,1,5,1,1
1684.73,16,3,0,0,156,0,0,10,0,0
5977.59,17,3,0,0,1880,0,0,3,0,0
644.93,3,6,0,0,1828,1,0,4,0,0
514.09,7,2,0,0,817,0,0,8,0,0
276.22,3,4,0,0,147,1,0,2,1,1
1215.73,17,3,0,0,1274,0,0,8,0,0
268.89,5,1,1,0,2401,0,0,1,0,1
689.67,15,6,0,0,2347,0,0,8,0,0
442.0,10,1,0,0,714,0,0,10,0,0
3210.31,1,2,1,0,1154,1,0,10,0,1
659.58,21,3,0,0,935,1,0,8,0,0
1630.97,17,4,0,1,48,0,0,9,0,0
220.5,6,4,1,0,1619,0,0,10,1,0
1250.76,21,4,0,0,1267,1,0,3,0,0
329.26,17,2,0,0,632,0,0,4,0,0
716.48,19,3,0,1,804,0,0,5,1,1
10008.63,4,2,0,0,620,1,0,8,0,0
2785.48,0,5,0,0,2138,0,0,4,0,0
964.48,1,3,0,0,1216,0,1,7,0,0
26874.74,12,4,0,0,2012,1,1,9,1,1
439.14,18,2,0,0,546,0,0,2,0,0
3516.48,21,4,0,0,1933,0,1,10,0,1
236.83,23,4,1,0,1863,0,0,8,0,0
859.26,14,4,0,0,1744,2,0,9,0,0
284.92,15,1,0,0,1856,1,0,4,0,0
1418.39,6,2,0,0,2466,0,0,5,0,0
1159.76,0,2,0,0,1950,0,0,9,1,0
806.2,4,5,0,0,715,0,1,5,0,1
3268.4,1,6,0,0,823,0,0,8,0,0
621.98,16,3,0,0,213,0,0,10,0,0
1520.59,12,3,0,0,1745,0,0,1,1,0
2491.29,18,3,1,0,1733,0,0,2,0,0
248.83,3,3,0,0,681,0,1,9,0,0
518.83,21,1,0,0,1590,0,0,7,0,0
1157.32,17,5,0,1,2427,0,0,10,0,1
2059.37,21,1,1,0,919,0,0,9,0,0
4542.52,15,7,0,1,2421,0,0,8,0,0
883.7,8,4,0,0,49,0,0,5,1,0
799.13,15,3,0,1,180,0,0,9,0,0
458.24,14,1,0,0,925,1,0,9,0,0
1525.36,4,2,0,0,1841,0,0,5,0,0
814.75,2,0,0,0,419,0,0,2,0,0
833.78,15,4,0,0,669,2,0,4,0,0
998.36,2,1,0,0,378,0,0,1,0,0
1903.84,2,1,0,0,280,0,0,5,0,0
624.07,1,5,0,0,2203,0,0,10,0,0
506.66,14,1,0,0,481,0,0,7,0,0
1688.72,22,3,0,0,1258,0,0,9,0,0
53.21,11,3,0,0,1836,1,0,10,0,1
599.64,3,2,0,0,1285,1,1,9,0,1
346.78,12,2,0,0,895,0,0,2,0,0
3652.83,11,7,1,0,359,0,0,1,0,0
705.61,14,3,0,0,2293,1,0,8,1,0
625.96,10,4,0,0,2337,0,0,8,0,0
1044.59,12,0,0,0,1138,0,0,10,0,0
604.64,7,2,0,0,928,0,0,9,0,0
733.15,21,3,1,1,1578,0,0,6,0,0
1208.47,12,2,0,0,1469,0,0,3,0,0
719.07,7,1,0,0,111,0,0,10,0,0
713.93,0,1,0,0,197,0,0,9,1,1
399.35,16,5,0,0,263,0,0,10,0,1
345.92,9,2,0,0,1342,0,0,8,0,0
1165.19,5,4,0,0,1948,0,0,8,0,0
1490.1,11,1,0,0,206,0,0,1,0,0
262.92,11,4,1,1,1471,0,0,9,0,0
2344.77,19,5,1,0,1107,0,0,10,1,1
2354.42,13,1,0,0,434,1,0,8,0,0
2906.45,16,4,0,0,2171,0,0,9,0,1
1480.14,15,7,0,0,761,0,0,8,1,0
2073.68,20,4,0,0,117,0,0,5,0,0
9750.03,0,3,0,1,865,1,0,8,1,0
811.17,9,3,0,0,995,0,0,7,0,0
385.41,17,5,0,0,160,0,0,7,0,0
236.5,3,5,0,1,634,0,0,6,0,0
6346.6,10,2,0,0,449,0,0,3,1,0
6430.37,9,2,1,0,481,0,0,10,0,0
435.02,19,2,0,0,2342,0,0,4,0,0
529.9,23,3,0,0,998,0,0,1,1,0
793.15,2,5,0,0,1245,3,0,4,0,0
3730.35,5,1,0,0,2304,0,0,5,0,0
302.69,18,3,0,1,364,0,0,7,0,0
153.45,4,3,0,0,1160,1,0,5,0,0
9580.78,11,2,0,0,551,0,0,5,0,0
1498.73,22,3,0,0,1542,1,0,2,0,0
1727.47,23,4,0,0,17,0,0,10,0,0
893.27,22,2,0,0,2093,0,0,4,0,0
1747.23,3,2,0,0,1510,0,0,3,0,0
241.24,3,3,0,0,294,0,0,10,0,0
472.99,4,1,0,0,121,0,0,8,0,0
1218.23,18,2,0,0,854,0,0,6,1,0
113.19,4,5,0,0,1387,0,0,8,1,0
810.36,10,3,0,0,101,0,0,10,0,0
761.92,19,2,0,0,1999,0,0,1,0,0
810.22,11,2,0,0,236,1,0,1,0,0
632.02,22,5,0,0,277,1,0,10,1,0
405.09,11,2,1,0,684,1,0,5,1,1
177.32,9,3,0,0,1357,0,0,6,1,0
1267.43,23,3,0,0,1521,0,0,10,0,0
812.31,13,1,0,0,46,1,0,4,1,0
277.19,4,3,0,0,1096,1,0,2,0,0
1167.4,15,0,0,0,2327,1,0,7,1,0
816.52,18,5,0,0,481,0,0,3,0,0
691.58,20,7,0,0,2405,0,1,4,1,0
126.86,0,2,0,0,128,0,1,2,1,0
2170.62,2,0,0,0,1608,0,0,4,0,0
319.56,15,3,0,0,1216,0,0,1,0,0
1168.26,17,6,0,0,1291,0,0,2,0,0
488.69,15,4,0,0,94,0,0,6,0,0
743.43,9,4,0,0,1214,1,0,7,1,1
3471.33,18,4,0,0,466,0,0,9,0,0
1866.12,13,3,0,0,596,0,0,7,1,0
3394.94,22,1,0,0,147,1,0,10,0,0
1525.97,8,3,0,0,475,0,0,8,0,0
1629.69,18,1,0,0,1432,0,0,8,0,0
184.72,3,3,0,0,229,0,0,3,0,0
798.29,17,4,0,0,388,2,0,1,0,0
875.76,17,4,0,0,219,1,0,9,0,0
3728.14,6,9,1,1,934,0,0,8,0,1
661.01,1,2,1,1,1270,0,0,9,0,1
1429.18,23,8,0,0,552,0,0,3,0,0
1374.38,1,3,0,0,1421,0,0,5,0,0
3490.06,11,5,0,0,2246,2,0,7,0,0
959.35,0,2,0,0,1645,0,0,1,1,0
2509.37,10,2,0,0,1590,1,0,6,0,0
199.36,19,3,0,0,630,0,0,3,0,0
218.32,12,3,0,0,1049,2,0,2,0,0
111.79,5,5,0,0,1380,0,0,6,0,0
2406.64,9,2,0,0,2035,0,0,6,1,0
2150.95,2,1,1,0,650,1,0,8,1,1
2688.74,14,2,0,0,2046,1,0,6,0,0
557.04,0,2,1,0,321,0,0,7,0,0
624.19,8,4,0,0,1780,1,0,3,1,0
971.61,1,1,0,0,2054,0,0,8,1,0
4645.71,5,4,0,0,1274,2,0,5,1,0
5965.98,1,2,1,0,1245,0,0,7,0,0
2425.54,22,1,1,0,1299,1,0,6,0,0
1526.94,18,5,0,0,1310,0,0,5,0,0
4168.8,22,2,0,0,2021,0,0,3,1,0
849.08,16,1,0,0,1997,0,0,5,0,0
741.78,11,4,0,0,370,0,0,7,0,0
963.89,4,2,0,0,183,0,0,2,0,0
412.11,23,3,0,0,1396,0,0,9,0,0
920.57,22,3,0,0,995,0,0,1,0,0
358.74,9,1,0,0,2307,0,0,1,0,0
3056.45,5,4,1,0,541,0,0,3,1,1
1888.78,9,0,0,0,2067,0,0,3,0,0
4580.5,9,0,0,0,1977,0,1,8,1,0
215.02,22,1,0,1,1096,0,0,4,1,0
7344.43,1,1,0,0,2103,1,1,3,0,0
227.59,15,1,0,0,1932,0,0,1,1,0
330.86,18,6,0,0,299,1,0,9,1,1
589.44,18,2,0,0,374,0,0,7,1,0
4055.06,4,2,0,0,877,0,0,1,0,0
1374.13,9,3,1,0,2272,0,0,2,0,0
859.35,8,2,0,0,1157,0,0,4,0,0
496.4,9,0,0,0,1282,1,0,1,0,0
277.01,2,3,0,0,1446,0,0,8,0,0
3403.73,1,5,0,0,1984,0,0,4,1,0
2437.28,0,3,0,0,1786,0,0,3,0,0
4240.56,23,3,0,0,1320,1,0,8,1,1
1630.79,10,2,0,0,1058,0,0,8,0,0
78.09,5,3,0,0,1533,0,0,1,0,0
315.9,19,2,0,0,878,1,0,3,0,0
1745.63,11,5,0,0,973,0,0,3,0,0
757.7,8,6,0,0,1452,1,0,3,0,0
627.13,2,4,0,0,414,0,0,8,0,0
363.86,9,1,1,0,1150,0,0,1,1,0
2828.75,15,1,0,0,1300,0,0,10,0,0
1730.55,14,4,0,0,2438,1,0,10,0,0
1810.2,9,4,0,0,2466,0,0,9,0,0
581.96,14,5,0,0,332,1,0,5,0,0
1308.04,18,2,1,0,76,0,0,7,0,0
287.79,22,5,0,1,2048,0,1,9,0,1
963.11,12,2,0,0,877,0,0,7,0,0
87.54,5,4,0,0,598,0,0,10,0,1
228.58,3,1,0,0,243,1,0,2,0,0
794.48,3,2,0,0,16,1,0,5,0,0
11791.31,0,3,0,0,1720,1,0,5,0,0
181.14,13,2,1,0,913,0,0,6,0,0
316.21,5,4,1,0,820,0,0,3,0,1
1362.09,5,2,0,0,1353,0,0,2,0,0
6434.46,17,0,0,1,2454,0,0,8,0,0
1342.34,7,4,0,0,205,0,0,5,0,0
2213.08,19,2,0,0,429,0,0,9,0,0
782.42,3,1,0,0,481,0,0,9,0,0
658.11,8,6,0,0,1165,0,0,9,0,0
1190.57,1,3,0,0,1865,0,0,2,0,0
567.77,12,3,0,0,2465,0,0,6,1,0
2262.6,2,2,0,0,1691,0,0,8,0,0
220.02,5,1,0,1,496,0,0,4,0,0
2670.41,17,0,0,0,1833,1,0,8,0,0
1140.6,21,3,0,0,291,0,0,3,0,0
884.73,13,1,0,1,1591,0,0,10,0,0
212.09,23,4,0,0,1639,0,0,2,0,0
411.67,18,2,0,0,605,1,0,10,1,0
3636.04,18,2,0,0,193,1,0,1,1,0
890.16,23,4,0,0,594,0,0,6,0,0
1448.67,2,1,0,0,1005,0,0,2,0,0
455.08,5,4,0,0,1165,0,0,4,1,0
1065.23,10,1,0,1,714,1,0,3,0,0
278.06,14,3,0,0,2204,0,0,8,0,0
1211.82,23,5,0,0,1219,0,0,1,0,0
1588.65,2,4,0,0,885,0,0,1,0,0
1511.13,5,2,0,0,230,2,0,8,0,0
444.26,7,4,0,0,1460,0,0,6,0,0
778.95,16,4,0,0,2215,0,0,4,0,0
1876.56,22,6,1,0,1688,1,0,3,1,1
887.64,22,7,0,0,197,1,0,10,0,0
822.78,17,1,0,0,134,0,0,1,0,0
7357.44,18,3,0,1,2301,0,0,8,0,0
423.69,9,5,0,1,479,0,0,3,0,1
3230.58,14,5,0,0,1997,0,0,1,0,0
345.61,4,0,0,1,78,0,0,5,0,0
2110.71,12,4,0,1,2107,0,0,1,1,0
2226.43,7,4,0,0,159,0,0,7,0,0
658.28,22,4,0,0,1797,0,0,10,1,0
324.58,8,1,1,0,2135,0,0,6,1,0
152.87,9,3,0,0,2439,0,0,2,1,0
592.82,9,8,0,0,555,0,0,2,0,0
1856.07,21,6,0,0,2002,1,0,8,0,0
373.3,22,2,1,0,333,1,0,1,0,0
1208.27,10,3,0,0,1054,3,0,7,0,0
250.53,23,2,0,0,1231,0,0,6,0,0
867.93,18,3,0,0,2056,0,0,5,0,0
348.26,20,1,0,0,548,1,0,4,1,0
1014.37,21,4,1,0,2354,0,0,6,0,0
664.42,7,3,0,0,913,0,1,7,1,0
333.5,13,2,0,0,2160,0,0,8,0,0
567.44,6,5,0,0,2129,0,0,1,0,0
430.89,7,4,0,0,1579,0,0,5,0,0
294.73,11,2,1,0,1037,0,0,9,0,1
3238.11,1,10,0,0,2294,1,0,7,0,0
764.96,5,3,0,0,2464,1,0,6,0,0
121.24,19,4,0,1,1391,1,0,4,0,0
588.0,3,4,0,0,509,0,0,3,0,0
2737.26,14,2,0,1,536,0,0,5,0,0
512.16,18,3,0,0,1263,0,0,5,0,0
4903.69,6,3,0,0,439,0,0,3,0,0
465.61,10,1,0,0,946,0,0,4,0,0
1814.21,21,1,0,0,1747,0,0,8,1,0
3092.2,20,4,0,0,2284,1,0,5,0,0
1720.2,22,5,0,0,878,2,0,4,0,0
277.41,15,1,0,0,1925,0,0,3,0,0
427.32,21,2,0,0,230,0,0,3,0,0
3533.59,9,1,0,0,557,0,0,4,0,0
490.48,14,7,0,0,172,0,1,5,0,0
2909.33,16,6,0,0,998,0,0,3,0,0
713.17,23,2,0,0,319,1,0,1,0,0
1263.24,8,1,0,0,2152,0,0,8,0,0
274.21,20,2,0,0,1933,0,0,7,0,0
596.89,12,2,0,0,2107,0,0,9,0,0
457.0,2,2,0,0,112,1,0,3,0,1
1374.16,15,3,0,0,250,0,0,1,0,0
1203.75,23,4,0,0,1928,0,1,6,0,0
1741.76,10,6,0,0,2149,0,0,4,0,0
671.48,13,4,0,0,11,0,0,1,0,0
432.58,22,3,0,0,1513,0,0,1,0,0
1316.5,22,3,1,1,191,0,0,10,0,1
391.67,9,0,0,0,200,0,0,2,0,0
3224.14,18,2,0,0,2180,0,1,3,0,1
977.97,15,0,0,0,1436,1,0,6,0,0
791.45,15,2,0,1,2064,0,0,9,0,0
1740.93,17,1,0,0,2453,0,1,7,0,0
1016.01,7,3,0,0,1461,3,0,1,0,0
208.92,7,5,1,0,11,0,0,9,0,1
379.39,0,2,0,0,564,0,1,1,0,0
3158.05,20,4,0,1,2053,0,0,3,0,0
1192.59,6,4,0,0,119,0,0,4,0,0
204.06,16,3,0,0,1592,1,0,10,0,0
1559.49,16,3,0,0,966,0,0,6,1,0
626.87,16,2,0,0,1865,0,0,8,1,0
457.37,20,3,1,0,1961,0,0,4,0,0
349.02,20,5,0,0,994,0,0,7,0,1
2980.75,0,2,0,0,1359,1,0,7,1,0
153.62,20,3,0,0,1133,1,0,6,0,0
474.6,4,5,0,0,2040,0,0,1,0,0
1236.61,15,7,0,0,2110,0,0,1,0,0
5315.4,16,2,0,0,1693,0,0,7,0,0
1908.09,1,2,0,0,317,1,0,4,0,0
470.58,6,2,0,0,2247,0,0,10,0,0
5061.17,21,4,0,0,1699,0,0,5,0,0
282.84,3,7,0,0,1901,1,0,5,0,0
1429.87,5,4,0,0,473,0,0,9,0,0
1786.09,1,1,0,0,440,0,0,8,0,0
454.36,4,5,0,0,1893,1,0,3,0,0
2203.04,15,2,0,0,551,0,0,8,1,0
655.97,20,4,0,0,2037,0,0,7,0,0
2197.65,14,3,0,0,742,1,0,8,0,0
174.23,6,3,1,0,2425,1,0,2,0,0
1532.99,20,8,0,0,665,1,0,5,0,0
726.25,8,2,0,0,1155,0,0,4,0,0
3462.35,7,3,0,1,336,0,0,2,1,0
1049.45,12,0,0,0,929,1,0,2,0,0
3824.68,3,3,0,0,1984,1,0,5,1,0
1821.86,8,5,0,0,2230,1,0,6,1,0
965.35,19,1,0,0,746,0,0,1,0,0
2410.69,14,2,0,0,1665,0,1,3,0,0
2426.14,23,4,0,0,1265,0,0,7,0,0
1757.96,18,4,0,0,336,0,0,5,0,0
110.8,8,5,0,0,2363,0,0,10,0,0
410.53,18,3,1,0,355,0,0,10,0,0
4376.94,20,6,0,0,739,0,0,4,0,0
312.33,15,3,0,0,389,1,0,3,0,0
2650.39,18,1,0,0,1513,0,0,3,0,0
2222.64,12,4,0,0,2387,0,0,10,0,0
530.73,21,3,0,0,1277,1,0,3,0,0
149.12,5,3,0,0,799,1,0,6,0,0
620.85,10,7,0,0,2240,0,1,3,0,0
8760.56,6,5,0,0,2315,1,0,2,0,0
462.54,2,2,0,0,2371,0,0,1,1,0
495.59,14,3,0,0,1346,0,0,10,0,0
404.41,2,1,0,0,2461,1,0,8,0,0
3695.18,5,3,0,0,203,0,0,4,0,0
860.13,18,1,0,0,591,0,0,6,0,0
586.45,5,2,0,0,2315,1,1,8,0,0
4507.39,20,2,0,1,2331,0,0,9,0,0
1957.64,1,3,0,0,2391,0,0,8,1,0
437.34,10,4,0,0,2123,0,0,5,0,0
322.6,1,2,0,0,707,0,0,4,0,0
3491.79,1,2,0,0,1270,0,0,7,0,0
1115.2,18,3,0,0,96,0,0,7,0,0
232.98,1,5,0,0,1495,1,0,3,0,0
184.36,21,1,0,0,1649,0,0,5,0,0
359.23,14,2,0,1,26,0,0,4,0,0
317.51,11,4,1,0,1881,1,0,5,1,1
141.73,22,1,0,1,2184,0,0,8,0,0
365.22,9,7,0,0,1007,0,1,1,0,0
437.43,9,4,0,0,590,0,0,1,0,0
690.43,9,3,1,0,880,1,0,9,0,0
5960.5,15,2,0,0,1273,0,0,9,0,1
839.79,20,4,0,0,74,1,0,2,1,0
927.44,13,3,0,1,1690,0,0,7,1,0
1824.85,6,1,0,0,1549,0,0,2,0,0
864.96,21,3,0,0,2011,0,0,5,0,0
1636.23,14,3,0,0,2102,2,0,9,0,0
1451.88,19,5,0,0,1989,0,0,10,0,1
1239.66,10,4,0,1,1589,0,0,4,0,0
17439.03,4,5,0,0,1596,1,0,7,0,0
2727.46,22,2,0,0,758,0,0,1,1,0
371.77,16,2,1,0,774,0,0,4,1,1
1587.99,7,4,0,0,1846,1,0,5,0,0
496.84,20,3,0,0,2104,0,0,9,0,0
1713.43,0,1,0,0,1496,0,0,2,0,0
277.22,22,1,0,0,733,0,0,5,0,0
362.21,13,2,0,0,1058,0,0,1,0,0
1546.74,14,3,0,0,2090,1,0,9,0,0
2974.02,0,3,0,0,1753,0,0,9,1,0
1812.83,4,1,0,0,682,1,0,2,0,0
2576.32,17,3,0,1,1107,1,0,10,1,1
1593.71,13,4,0,1,1016,0,1,4,1,0
1303.09,3,4,0,0,3,0,0,4,0,0
662.69,15,4,0,0,952,1,0,4,0,0
2472.54,17,5,0,0,1459,1,0,10,0,0
3056.05,6,4,0,0,1737,0,2,2,0,0
1029.56,16,7,0,0,1803,0,0,3,0,0
975.62,23,4,0,0,1631,2,0,6,0,0
5385.18,11,2,0,0,1984,0,0,3,0,0
1074.47,5,5,0,0,585,0,0,7,0,0
1182.85,23,2,0,0,35,1,1,10,0,0
1779.75,21,5,0,0,775,0,0,2,0,0
994.45,10,3,0,0,1478,1,1,9,1,1
482.83,10,1,0,0,1842,0,0,9,0,0
1600.33,20,3,0,0,717,0,0,4,0,0
1054.95,0,1,0,0,188,0,1,6,0,1
6920.54,7,5,0,0,181,0,0,7,0,0
2412.57,13,2,0,0,2255,0,0,9,1,0
604.57,15,6,0,1,1287,1,0,3,0,0
2273.46,15,1,0,0,2209,0,0,7,0,0
1491.99,8,0,0,0,501,0,0,6,1,0
4061.98,20,3,0,0,45,1,0,3,0,0
649.07,15,1,0,0,1616,0,0,5,0,0
1324.35,12,3,0,0,1918,0,0,8,0,0
993.17,22,1,0,0,1187,0,1,8,0,0
1162.68,2,4,0,0,10,0,0,2,1,1
452.51,17,0,0,0,1793,1,0,7,0,0
1950.64,22,3,0,0,769,0,0,2,0,0
1665.64,15,3,0,0,398,0,0,4,0,0
3964.85,13,4,0,0,666,0,0,8,0,0
1085.69,8,7,0,0,21,0,0,6,0,0
726.44,6,2,0,0,1972,1,0,5,0,0
2414.61,13,9,0,0,1160,0,0,8,0,0
495.61,21,1,0,0,357,1,0,7,0,0
3245.37,11,1,0,0,2129,0,0,6,1,0
3238.42,2,3,0,0,741,0,0,9,0,0
3855.59,11,5,0,0,1214,0,0,5,0,0
1598.18,2,2,1,0,1826,1,0,1,0,0
674.18,22,3,1,0,1494,0,0,8,0,0
1223.15,12,4,1,0,77,2,0,8,0,1
1603.7,5,2,0,0,1240,0,0,2,0,0
626.32,14,4,0,0,694,0,0,5,0,0
4159.36,12,5,0,0,2195,0,0,9,0,0
1958.79,12,1,0,0,2498,0,0,1,0,0
449.34,14,4,0,1,1485,0,0,9,0,0
7207.47,22,4,0,0,2140,0,0,5,0,0
1208.81,20,4,0,0,1463,1,1,10,0,0
367.2,6,3,0,0,1635,1,0,4,0,0
478.06,5,3,0,1,696,1,0,5,1,1
4855.09,23,1,0,0,1078,1,0,1,0,0
6802.09,15,3,0,1,559,1,0,5,0,0
3009.37,0,5,0,0,1851,0,0,6,0,0
4102.32,12,3,0,0,1939,0,0,3,0,0
3701.95,2,2,0,0,1036,1,1,7,0,1
1913.93,0,2,0,0,789,1,0,9,0,0
1523.92,4,2,0,1,183,1,0,6,0,0
1881.57,6,1,0,0,652,0,0,10,0,0
2289.33,1,4,0,0,1259,0,0,6,0,0
522.38,20,4,0,0,2204,0,0,7,0,0
2280.06,10,2,0,0,1627,0,0,4,0,0
4715.53,13,4,0,0,1298,0,0,9,0,0
892.14,20,2,1,0,1445,2,0,9,0,0
801.71,20,5,0,0,937,0,0,4,0,0
1766.13,19,1,0,0,1297,1,0,8,0,0
572.69,4,5,0,0,2250,0,0,1,1,0
293.88,17,2,0,0,2456,0,0,5,1,0
3455.49,23,5,0,0,700,2,0,6,1,0
698.58,0,4,0,0,11,2,0,5,0,0
1117.05,20,3,0,0,687,1,0,10,0,0
595.78,20,1,1,0,983,1,0,1,1,0
3931.42,20,6,1,0,2481,0,0,4,0,0
2573.9,9,5,0,0,380,1,0,4,0,0
862.0,4,2,0,0,2203,1,0,2,1,0
337.01,17,4,0,0,957,1,0,3,0,0
775.16,14,5,0,0,1918,0,0,4,1,0
1939.44,17,4,0,0,884,0,0,6,0,0
1324.3,6,4,0,0,1871,0,0,5,1,0
1223.04,4,2,0,0,116,0,0,7,0,0
1355.19,21,3,0,0,578,1,0,10,0,0
2342.08,12,5,0,1,356,0,0,4,0,0
1051.68,20,5,1,0,1944,1,0,8,0,0
1719.89,22,0,0,1,1917,1,0,3,1,0
408.74,11,3,0,1,238,0,0,7,0,0
14098.88,6,4,0,0,1013,0,0,6,0,0
825.63,21,1,1,0,1532,1,1,6,0,0
1344.25,17,6,1,0,2274,0,0,2,0,0
1932.3,15,3,0,0,1286,0,0,8,1,0
727.21,22,3,0,0,2488,0,0,9,0,0
1105.25,5,2,0,0,1893,0,0,6,0,0
1091.9,8,2,0,0,2208,1,0,5,1,0
439.64,0,7,0,0,2430,0,0,3,1,0
1700.35,9,3,0,0,1621,0,0,5,0,0
210.77,10,1,0,0,1739,1,0,9,1,0
6327.8,10,2,0,0,1396,0,0,6,0,0
2423.51,3,6,0,0,2122,0,0,4,0,0
2077.92,19,2,1,0,1841,0,0,7,1,1
193.13,11,1,0,0,1005,1,0,9,0,0
496.44,10,2,0,0,21,0,0,2,0,1
4399.94,20,1,0,0,2258,0,0,7,0,0
69650.24,11,2,0,1,293,0,0,5,0,0
3621.68,21,2,0,0,2049,1,0,6,1,0
3093.14,5,4,0,0,105,0,0,4,1,0
1853.77,20,6,1,0,1741,1,0,7,1,1
469.89,23,0,0,0,2029,1,0,8,1,0
2966.61,18,2,0,0,589,0,0,10,0,0
364.6,21,6,0,0,375,0,0,3,0,0
326.82,17,4,1,0,1724,0,0,7,1,0
306.88,14,8,0,0,2297,1,0,1,0,0
2909.46,18,6,0,0,600,0,0,8,0,0
1035.44,23,6,1,0,1503,0,0,2,0,0
1213.01,14,2,0,0,2488,0,0,7,0,0
1079.87,16,4,0,0,2490,0,0,3,0,0
355.77,1,6,0,0,1597,1,0,5,0,0
560.75,23,8,0,1,1810,1,0,9,1,1
589.68,18,1,0,0,1187,1,1,8,0,0
269.0,3,3,0,0,219,0,0,4,0,0
662.35,6,5,0,0,1546,1,1,5,1,1
371.93,5,3,0,0,1219,1,0,6,0,0
1954.08,7,2,0,0,601,0,0,7,0,0
2123.82,21,1,0,0,430,0,0,5,0,0
300.77,11,4,0,0,2099,0,0,4,0,0
815.15,10,4,0,1,202,0,0,6,0,0
7016.78,18,0,1,0,1883,1,1,7,0,1
411.26,8,1,0,0,1494,0,0,4,0,0
1680.15,21,2,0,0,491,0,0,7,0,0
1218.68,18,5,0,0,894,0,0,9,0,0
3271.12,6,1,0,0,243,1,1,3,0,0
1473.6,15,6,0,0,1129,0,0,9,0,0
712.45,11,4,0,0,1493,0,0,1,1,0
1172.35,8,1,0,0,1128,0,0,8,1,0
1189.6,21,4,0,0,1381,0,1,2,0,0
1000.55,9,4,1,0,273,0,1,4,0,0
293.21,2,4,0,0,1073,0,0,3,0,0
3801.26,9,1,0,0,14,1,0,9,1,0
3185.72,12,4,0,0,1896,1,0,5,1,0
385.99,3,1,0,0,2299,0,0,7,1,0
811.82,17,4,0,0,70,0,0,5,0,0
875.6,5,8,0,0,881,1,0,2,1,1
344.98,2,3,0,0,1175,1,0,2,1,0
169.56,12,2,0,0,167,0,1,10,0,1
560.82,3,2,0,0,1978,0,0,8,0,0
767.85,18,1,0,1,927,0,0,3,0,0
259.5,1,2,0,0,1567,0,0,1,0,0
1308.95,10,2,0,0,1697,0,0,1,0,0
3508.19,1,3,0,0,1180,1,0,1,0,0
2545.59,9,1,0,0,1387,0,0,6,0,0
966.15,22,6,0,0,123,1,0,5,0,0
174.09,15,3,0,0,718,0,0,5,0,0
2243.3,12,5,1,1,827,1,0,6,1,1
1269.52,3,2,1,0,681,1,0,2,0,0
1676.31,7,4,1,0,1392,0,0,4,0,0
7601.51,9,3,0,0,1575,0,0,1,1,0
480.67,13,3,0,0,1509,0,1,4,1,1
61.88,4,2,0,0,959,0,0,4,0,0
382.43,23,3,0,0,800,0,0,8,1,0
1782.99,15,0,0,0,1513,0,0,2,1,0
1126.56,7,2,0,0,2167,0,0,7,0,0
325.18,2,3,0,1,602,0,0,8,0,1
265.15,14,2,0,0,273,0,0,7,0,0
769.23,10,5,0,0,876,0,0,1,0,0
315.42,16,2,0,0,608,0,0,7,1,0
1845.74,14,2,0,0,2081,2,0,7,1,0
726.74,15,1,0,0,2118,0,1,7,0,0
585.74,20,4,0,0,1387,1,0,5,0,0
513.74,12,1,0,0,997,0,0,3,0,0
1426.7,17,2,1,0,983,1,0,2,0,0
1144.37,8,3,1,0,660,0,0,2,0,0
1342.05,22,3,0,0,522,0,0,9,1,1
1313.08,9,2,0,1,1352,0,0,1,0,0
1020.25,16,7,0,0,1513,0,0,10,0,0
390.28,23,1,0,0,1443,0,0,3,0,0
528.28,8,2,0,0,1010,0,0,3,0,0
739.02,2,4,1,0,1978,0,0,2,0,0
8648.97,5,2,1,0,805,0,1,6,0,1
284.62,5,4,0,0,1796,0,0,3,0,0
721.28,1,8,0,0,1601,1,0,7,0,0
1209.87,13,4,0,0,903,0,0,7,0,0
809.7,6,5,0,0,1471,0,0,7,0,0
3209.82,2,5,0,0,538,0,0,5,1,0
805.53,3,7,0,0,533,0,0,8,0,0
867.36,6,3,0,0,930,0,0,1,1,0
2476.57,8,4,0,0,1918,0,0,1,0,0
6705.69,23,4,1,0,1951,1,0,6,0,1
4480.54,16,2,0,0,1943,0,0,6,0,0
956.56,17,2,0,0,966,0,0,5,0,0
1043.66,16,3,0,0,1524,0,0,5,0,0
1149.08,19,1,0,0,2446,0,0,10,0,0
1270.29,7,6,0,0,1521,0,0,4,0,0
469.96,2,0,1,0,1937,0,0,5,0,0
2797.81,12,2,0,0,730,0,0,4,0,0
1348.31,0,2,0,0,1572,0,0,8,0,0
1048.53,5,3,0,0,995,0,0,6,0,0
307.62,18,6,1,0,2219,1,0,7,0,0
1167.11,12,4,0,0,2146,0,0,3,0,0
165.14,16,5,0,0,2016,1,0,6,1,0
612.99,12,3,0,0,2093,1,0,2,0,0
624.47,13,4,0,0,1349,0,0,2,1,0
1461.17,7,4,0,0,2152,0,0,2,0,0
7185.71,5,6,0,0,104,0,0,3,1,0
1942.84,6,2,0,0,2138,1,0,9,1,0
4667.61,19,4,0,1,1475,0,0,2,0,0
2090.61,23,5,0,0,2104,0,0,5,1,0
3378.05,1,4,0,0,1830,0,0,6,0,0
7024.28,12,2,0,0,1187,1,0,3,1,0
527.51,11,1,1,0,2015,1,0,4,1,0
494.18,13,5,0,0,874,0,0,1,0,0
2140.53,5,2,0,0,1151,1,0,7,0,0
1092.61,0,7,0,0,2394,2,0,9,0,1
1366.97,4,1,0,1,1384,0,0,3,0,0
855.2,4,6,0,1,1905,2,0,10,0,1
604.1,1,3,0,0,1048,1,0,5,0,0
5545.63,8,3,0,0,36,0,0,8,1,0
365.09,16,4,0,0,2482,0,0,10,0,0
2178.5,23,4,0,0,391,0,0,9,0,0
1852.38,15,4,0,0,1423,0,0,6,0,0
226.1,4,6,0,0,1710,0,0,2,0,0
477.81,8,3,1,0,2135,0,0,5,0,0
565.27,7,4,0,0,1909,1,0,4,0,0
1928.67,5,2,0,0,2035,0,0,3,0,0
759.73,23,4,0,0,274,0,0,2,0,0
1006.68,15,3,0,0,868,0,0,7,0,0
255.28,11,2,1,0,1408,0,0,5,0,0
11225.15,10,5,0,0,2088,2,0,2,0,0
1177.56,7,3,0,0,1411,0,0,4,1,0
1806.24,10,3,0,0,2331,0,0,1,0,0
638.66,15,4,0,0,1017,2,0,7,1,0
570.99,22,1,0,0,925,0,0,7,0,0
7425.57,11,4,0,0,1375,1,0,6,0,0
161.3,4,6,0,0,280,1,0,9,0,0
1449.03,22,5,0,0,129,0,0,9,1,1
326.52,7,3,0,0,747,1,0,9,1,0
731.43,1,5,0,0,1032,1,0,8,0,0
579.35,13,3,0,0,958,1,0,7,1,1
409.13,18,4,0,0,431,0,0,3,0,1
1136.2,6,5,0,0,2104,0,0,4,0,0
84.1,6,1,0,0,1537,1,0,6,0,0
799.92,6,2,0,0,1108,2,0,3,0,0
1001.96,19,2,0,0,1379,1,0,3,0,0
281.67,22,5,0,0,1669,1,1,7,0,0
4980.17,20,4,0,0,9,0,0,8,1,0
605.19,5,1,0,0,2278,1,0,6,0,0
864.82,20,3,0,0,2401,1,0,1,0,0
606.55,7,3,0,0,319,0,0,6,0,0
1010.74,20,3,0,0,1004,1,0,9,0,0
4056.78,23,2,0,0,2096,0,0,5,0,0
13004.05,17,4,0,0,556,0,0,3,0,0
2311.47,22,6,0,1,1303,0,0,3,0,0
3255.15,3,1,1,0,1240,1,0,5,0,0
6102.34,15,4,0,0,1797,0,0,9,1,0
1406.52,1,2,0,0,1528,0,0,8,0,0
5272.45,15,5,1,0,164,0,0,10,0,0
2422.13,8,2,1,0,2370,0,0,7,1,0
1266.47,23,4,0,0,2097,0,0,1,0,0
1556.73,11,2,0,0,2368,0,0,5,1,0
177.43,18,2,1,0,151,0,0,7,0,0
1468.68,7,1,0,0,1803,0,0,10,0,0
234.22,1,3,0,0,1171,1,0,10,0,0
215.88,17,5,0,0,1879,0,0,7,0,0
1329.93,5,5,0,1,938,0,0,8,0,1
359.93,17,7,0,0,884,0,0,1,0,0
1088.86,11,3,0,0,1131,1,0,7,0,0
1259.46,23,2,0,1,807,0,0,4,1,0
1316.92,8,1,1,1,2296,3,1,8,0,1
444.02,9,2,0,0,893,0,0,7,0,0
2693.73,17,2,0,0,739,0,0,6,0,0
1003.01,18,8,0,0,951,0,0,8,0,0
1704.58,3,2,0,1,716,0,0,2,1,0
331.48,17,6,0,0,1492,0,0,3,1,0
917.52,11,1,0,0,79,0,1,7,0,1
3285.57,23,3,0,0,1297,1,0,1,0,0
2893.37,15,7,0,0,1878,0,0,2,0,0
494.08,18,4,0,0,884,0,0,4,0,0
635.52,8,4,0,0,745,0,0,2,0,0
408.02,6,3,0,0,1917,0,0,4,0,0
568.83,18,3,0,0,473,1,0,2,1,0
270.68,0,5,0,0,2451,2,0,5,0,0
955.11,13,1,0,0,2265,1,0,9,1,0
2065.52,23,2,1,0,1353,1,0,4,0,0
500.17,23,3,0,1,75,1,0,5,0,1
1001.64,17,0,0,1,881,0,0,5,0,0
879.63,11,1,0,1,1873,0,0,6,0,0
3149.88,19,4,0,0,1883,0,0,7,0,0
594.91,0,2,0,0,70,0,0,7,1,1
616.95,19,5,0,0,471,0,0,1,0,0
470.59,4,7,0,0,1572,0,0,4,0,0
351.6,17,3,0,0,1496,0,1,4,0,0
1861.59,8,4,0,0,198,1,0,3,0,1
958.04,18,5,0,0,707,0,0,8,0,0
1158.42,14,1,0,0,1026,0,0,5,0,0
3923.11,22,5,0,0,473,0,0,7,1,0
4155.05,18,4,0,0,1450,0,0,9,0,0
211.4,21,3,0,0,1332,0,1,2,0,0
2096.1,3,5,0,0,1627,0,0,2,1,0
1374.23,9,7,0,0,297,1,0,4,1,1
691.19,10,6,0,0,1492,0,0,7,0,0
1521.85,0,1,0,0,1352,0,0,9,0,0
195.12,0,1,0,0,1612,1,0,1,1,0
4734.55,0,1,0,0,2159,0,0,5,1,0
1835.26,18,2,0,0,2123,0,0,3,0,0
461.65,10,1,0,0,1843,0,0,1,0,0
610.69,18,4,0,0,670,0,0,8,1,0
199.71,20,2,1,0,1588,0,0,6,0,0
801.15,0,3,0,0,330,1,0,4,0,0
676.73,20,5,0,0,182,0,0,2,0,0
291.46,5,4,0,0,1162,0,0,10,0,0
2384.4,9,4,0,0,220,1,0,8,1,1
3931.58,23,5,0,0,1517,0,0,3,0,0
1067.04,7,4,0,0,2055,2,0,8,0,0
807.83,22,3,0,0,566,0,0,6,0,0
1694.23,12,7,0,0,1967,0,0,6,1,0
1075.31,0,3,0,0,348,0,0,9,0,0
371.6,19,1,0,0,361,0,0,8,0,0
570.96,1,6,0,0,363,0,0,1,0,0
815.31,15,4,0,0,1200,0,0,3,1,0
1405.55,11,6,0,0,1011,1,0,2,0,1
1106.92,3,2,0,0,2407,0,0,8,0,0
1353.39,12,6,0,0,1498,0,0,10,0,0
238.69,8,2,0,0,2006,0,0,9,0,0
2132.86,2,3,0,0,411,1,0,8,1,0
1100.39,13,4,0,0,1114,0,0,10,0,1
14082.79,1,5,0,1,129,0,0,3,0,1
744.24,12,3,1,0,1057,1,0,2,0,0
1515.44,5,3,0,1,1153,0,0,3,0,0
18568.45,19,4,0,1,1200,0,0,4,0,0
1331.54,22,3,0,0,2449,1,0,2,0,0
1024.92,22,4,1,0,80,0,0,7,0,0
408.74,22,2,0,0,1639,0,0,4,0,0
5055.67,2,5,1,0,1609,0,0,8,1,1
344.09,12,3,0,1,2238,0,0,4,0,0
1680.96,5,2,0,0,1080,0,0,2,0,0
682.97,2,2,0,0,2279,1,1,6,0,0
907.47,9,3,0,0,277,0,0,10,0,0
264.03,10,2,1,0,2208,0,0,6,0,0
4201.21,7,3,0,0,34,1,0,1,0,0
830.65,2,0,0,0,279,0,0,2,1,0
325.35,9,4,0,0,1534,1,0,9,0,0
3837.94,3,5,0,0,1182,0,0,2,0,0
662.4,0,5,0,0,1486,1,0,5,1,0
1532.43,10,4,0,0,992,0,0,7,0,0
2543.81,1,3,0,0,1924,0,0,5,0,0
1761.7,23,5,1,0,1802,0,0,10,0,1
121.92,20,6,0,0,306,0,1,8,0,1
2198.12,22,3,0,1,1665,0,0,1,1,0
991.67,2,5,1,0,158,0,0,3,0,0
789.16,11,1,0,0,2244,0,0,8,1,0
983.31,19,2,0,0,2096,2,1,6,0,1
219.2,13,1,0,0,473,0,0,7,0,0
1328.99,7,1,1,0,289,0,0,3,0,0
280.23,19,4,1,0,43,0,0,8,0,0
823.99,7,4,0,0,301,0,0,2,0,0
1282.11,23,3,0,0,2002,0,0,6,0,0
3210.03,2,5,0,0,2348,0,0,5,1,0
483.18,16,2,0,0,1457,0,1,3,1,0
4682.5,0,2,0,0,308,1,0,1,0,0
2826.67,21,6,0,0,1277,0,0,9,1,0
713.79,8,5,0,0,1149,0,0,5,0,0
361.86,0,3,1,0,2080,4,0,3,0,0
258.83,20,5,0,0,2214,0,0,7,0,0
1439.07,23,4,0,0,1656,0,1,5,0,0
524.64,22,1,0,0,652,1,0,2,0,0
3638.61,11,4,1,0,2214,1,0,3,0,0
555.84,1,2,0,0,1120,0,0,9,0,0
445.56,5,3,0,1,1358,1,0,4,1,1
1385.24,0,3,0,0,2445,2,0,7,0,0
552.22,1,1,0,0,1690,2,0,4,0,0
1106.05,3,0,0,0,735,0,0,1,0,0
2939.48,13,1,0,0,1587,1,0,7,0,0
1233.03,18,2,0,0,1914,0,0,8,0,0
1237.64,14,1,0,0,723,1,0,2,1,0
1346.34,4,4,0,0,1590,1,0,1,0,0
201.72,14,3,0,0,2485,0,0,3,0,0
1622.69,5,2,0,1,1803,1,0,10,0,0
1286.82,11,2,0,0,893,0,0,6,0,0
2678.19,21,1,0,0,937,0,0,3,0,0
2009.84,3,3,0,0,622,1,0,2,0,0
896.1,20,4,0,0,1790,0,0,2,1,0
3079.1,6,3,0,0,2382,0,0,9,0,0
818.41,16,2,1,0,1441,0,0,3,0,0
1404.11,6,2,0,0,500,0,0,4,0,0
803.4,3,2,0,0,2177,1,0,6,1,0
1740.2,10,6,0,0,81,1,0,2,0,0
752.58,9,3,0,0,708,1,0,8,0,0
5696.18,12,5,0,0,1229,0,0,8,1,0
8245.0,5,5,0,0,207,0,1,9,0,0
2627.89,23,1,0,0,2208,0,0,8,1,0
5121.98,16,6,0,1,815,0,0,5,0,0
235.28,20,2,0,0,694,0,0,3,0,0
264.71,18,1,0,1,1867,0,0,8,0,0
795.08,17,6,0,0,1891,0,0,2,1,0
1142.79,3,3,0,0,1285,1,0,9,0,0
899.46,14,3,0,0,1217,0,0,8,0,0
212.27,21,3,1,0,1334,0,0,5,0,0
3468.9,2,4,0,0,1367,0,0,5,0,0
9454.05,11,4,0,0,376,0,1,6,0,0
3948.09,4,2,0,0,266,0,0,8,0,0
3247.12,19,5,0,0,389,1,0,4,1,0
1374.88,22,3,0,0,873,1,0,9,0,0
472.01,1,2,0,0,380,0,0,10,0,0
1179.13,19,1,1,0,2171,0,1,4,0,0
9005.48,8,2,0,0,1125,1,0,2,1,0
771.25,23,1,0,0,2376,0,0,4,0,0
695.79,0,0,0,0,1339,1,0,5,0,0
3318.62,4,5,1,1,1823,0,1,5,0,0
3546.39,17,2,0,0,2359,2,1,7,0,0
469.7,18,2,0,0,73,0,0,3,0,0
844.31,1,3,1,0,781,1,0,4,0,0
663.88,3,3,1,0,1477,0,0,4,0,0
1175.78,8,2,0,0,254,0,0,1,0,0
3306.64,0,4,0,0,12,0,0,2,1,0
490.77,18,2,0,0,1146,0,0,6,0,0
3260.59,16,5,0,0,429,0,0,4,0,0
1213.97,17,4,0,0,1330,3,0,7,0,0
11228.29,11,5,0,0,1120,0,0,8,0,0
1508.44,15,5,0,0,1488,0,0,5,0,0
995.34,13,3,1,0,1426,1,0,2,0,0
1948.3,16,3,0,1,2190,0,0,1,0,0
782.78,10,2,0,0,558,0,0,2,0,0
182.13,15,2,0,0,1081,0,0,1,0,0
862.19,15,2,0,1,2072,0,0,5,0,0
848.7,15,2,0,0,121,0,0,8,0,0
223.11,20,4,0,0,1214,1,0,10,0,0
1019.4,8,0,0,0,2230,0,0,3,0,0
138.78,21,1,0,0,2367,0,0,4,0,0
774.57,0,0,0,0,1003,0,0,2,1,0
1399.12,11,1,1,0,1897,0,0,4,0,0
1208.33,10,7,0,0,57,0,0,9,0,0
727.0,20,3,1,0,39,0,0,6,0,0
1006.74,1,1,0,0,718,0,0,6,0,0
500.66,5,5,0,0,463,0,0,3,0,0
1108.56,11,6,0,0,1139,1,0,6,0,0
1162.22,19,4,0,0,1346,0,0,2,0,0
445.75,11,7,0,0,2342,0,0,2,1,0
1433.25,15,2,0,0,27,1,0,8,0,0
1424.32,4,0,0,0,111,1,0,9,0,0
928.7,22,4,0,0,107,1,0,6,1,0
12345.5,18,1,0,0,2183,0,1,7,0,0
952.7,1,4,0,0,597,0,0,8,0,0
829.45,16,1,0,0,227,0,0,7,0,0
718.82,3,1,0,0,745,0,0,2,0,0
415.32,13,4,0,0,1637,0,0,3,0,0
2177.42,17,4,0,0,783,1,0,6,0,0
552.11,22,2,0,0,377,0,0,3,0,0
621.45,1,3,0,1,1071,0,0,2,1,0
640.19,6,2,0,0,853,0,0,9,0,0
409.55,16,3,0,0,604,0,0,1,0,0
190.36,6,3,1,1,2151,0,0,1,0,0
690.25,17,5,0,0,1226,1,0,3,1,0
2626.31,4,0,0,0,1489,0,0,6,0,0
1335.39,3,1,0,1,612,0,0,2,0,0
5221.68,13,2,0,0,2097,0,1,7,0,0
2323.79,16,3,0,0,2237,0,0,8,1,1
1851.9,4,1,1,0,631,2,0,10,1,1
7205.85,20,3,0,0,1726,1,0,8,0,0
995.11,20,4,0,0,1200,0,0,3,0,0
1168.03,1,2,0,1,1602,1,0,4,0,0
1084.13,7,4,0,0,514,0,0,1,0,0
5134.75,13,1,0,0,2412,0,0,9,0,0
1099.4,11,5,0,0,2130,0,0,5,1,0
573.48,6,2,0,0,1136,1,2,7,0,1
1973.72,12,1,0,0,1385,0,0,4,0,0
484.8,23,3,0,0,1188,0,0,9,1,0
1869.58,7,5,0,0,1324,1,0,4,1,0
1658.79,5,1,0,0,797,0,1,4,1,0
907.41,17,2,0,0,713,0,0,7,0,0
1931.04,13,2,0,0,367,0,0,3,1,0
247.7,16,4,0,0,266,1,2,10,0,1
1290.73,15,3,0,0,2402,1,0,9,0,0
690.37,18,2,0,0,1317,1,0,9,0,0
19192.28,17,3,0,0,1384,1,0,10,0,0
1281.55,14,4,0,0,383,0,0,8,1,0
604.02,10,1,0,0,1393,0,0,8,1,0
276.36,11,3,0,1,183,0,0,9,0,0
4045.69,6,3,0,0,1498,0,0,8,0,0
772.76,10,0,0,0,1786,2,0,4,1,0
497.03,14,4,0,0,1611,0,0,7,1,0
1535.02,17,2,0,0,1779,1,0,1,0,0
2100.06,18,0,0,0,465,0,0,7,0,0
2067.21,9,3,0,0,100,0,0,6,0,0
1118.51,17,5,0,0,1674,0,0,3,0,0
1285.87,10,3,0,0,2047,0,0,4,1,0
1383.04,8,6,0,1,159,0,0,6,0,0
1535.17,3,5,0,1,2284,0,0,2,0,0
1677.21,6,2,0,0,1624,0,0,1,1,0
3276.24,16,3,0,0,2179,0,0,8,0,0
1160.28,5,2,0,0,1267,0,0,8,1,0
484.54,1,1,0,0,536,2,0,9,0,0
949.28,6,3,0,0,1288,0,0,1,0,0
2330.37,23,3,1,0,1905,1,0,10,0,0
183.73,3,1,0,0,2278,1,0,10,0,0
184.8,3,2,0,0,1706,0,0,4,0,0
2747.03,9,1,0,0,1059,0,1,10,1,0
5014.67,9,1,0,1,1671,0,0,1,0,0
309.45,22,1,0,0,987,0,0,1,0,0
1212.52,5,2,0,0,225,0,0,6,0,0
735.43,10,4,0,0,846,1,0,2,1,0
844.86,6,4,0,0,1066,0,0,8,1,0
1488.51,5,5,0,0,1039,0,0,6,0,0
301.01,7,5,1,1,17,0,0,5,0,0
362.41,6,5,0,0,667,0,0,3,1,0
811.39,17,5,0,0,2450,1,0,2,0,0
948.26,18,1,0,0,2487,0,0,4,0,0
355.68,4,4,0,0,601,0,0,7,0,0
2415.47,11,3,0,0,863,0,0,10,0,0
722.3,6,2,0,0,2400,1,0,5,1,0
719.23,20,4,0,0,492,1,0,8,0,1
1454.85,2,2,1,0,1925,0,0,7,0,0
964.0,9,8,0,0,1347,1,0,3,0,0
2533.8,7,6,0,1,528,0,0,7,0,0
431.2,8,6,0,0,2135,3,0,7,0,0
271.13,22,4,1,0,1071,0,0,3,0,0
